collected_sample_id,analytical_matrix,material_type,collection_source,collection_locality,collection_decimal_latitude,collection_decimal_longitude,scientific_name,related_publication_citation,X87Sr86Sr,X87Sr86Sr_error_2SE,coordinate_notes,original_source,forensic,analysis_date,primary_reference_material,reported_reference_value,instrumentation,analysis_type,qc_material_precision,bone_element,dental_element,dental_element_description,water_source,preparation_step,preparation_description,collection_date,investigator_name,investigator_email,investigator_orcid,taxon_rank,organism_sex,life_stage,Sr_concentration,Sr_concentration_error,X87Sr86Sr_error_1SD,X87Sr86Sr_measurement_scale,X87Sr86Sr_measurement_unit,related_publication_id,related_publication_id_type,lab,user_sample_id,sample_measurement_id,lab_sample_id,X87Sr86Sr_error_1SE,plant_element,soil_element,depth_cm,elevation_meters,slope,raw_coordinate_y,raw_coordinate_x,notes,compiler_name
Ek,bulk tissue,Plant,field,South Africa,-32.73437778,19.33413889,unspecified,Soderberg et al. (2007),0.729,NA,Estimated using Coarse Map and Google Earth,wang,FALSE,NA,NA,NA,NA,NA,NA,NA,NA,NA,NA,NA,NA,NA,NA,NA,NA,NA,NA,NA,NA,NA,NA,NA,NA,NA,NA,NA,NA,NA,NA,NA,NA,NA,NA,NA,NA,NA,NA,NA,NA
Ek,bulk tissue,Plant,field,South Africa,-32.73437778,19.33413889,unspecified,Soderberg et al. (2007),0.732,NA,Estimated using Coarse Map and Google Earth,wang,FALSE,NA,NA,NA,NA,NA,NA,NA,NA,NA,NA,NA,NA,NA,NA,NA,NA,NA,NA,NA,NA,NA,NA,NA,NA,NA,NA,NA,NA,NA,NA,NA,NA,NA,NA,NA,NA,NA,NA,NA,NA
1MS,bulk tissue,Quill,field,South Africa,-31.97185556,19.23161389,Hystrix africae-australis,Scott et al. (2020),0.716505,3.3e-5,Estimated using Coarse Map and Google Earth,wang,FALSE,NA,NA,NA,NA,NA,NA,NA,NA,NA,NA,NA,NA,NA,NA,NA,NA,NA,NA,NA,NA,NA,NA,NA,NA,NA,NA,NA,NA,NA,NA,NA,NA,NA,NA,NA,NA,NA,NA,NA,NA
2MS,bulk tissue,Bone,field,South Africa,-31.97185556,19.23161389,Raphicerus campestris,Scott et al. (2020),0.71879,1e-5,Estimated using Coarse Map and Google Earth,wang,FALSE,NA,NA,NA,NA,NA,NA,NA,NA,NA,NA,NA,NA,NA,NA,NA,NA,NA,NA,NA,NA,NA,NA,NA,NA,NA,NA,NA,NA,NA,NA,NA,NA,NA,NA,NA,NA,NA,NA,NA,NA
3MS,bulk tissue,Bone,field,South Africa,-33.18270556,18.059725,Antidorcas marsupialis,Scott et al. (2020),0.709483,1e-5,Estimated using Coarse Map and Google Earth,wang,FALSE,NA,NA,NA,NA,NA,NA,NA,NA,NA,NA,NA,NA,NA,NA,NA,NA,NA,NA,NA,NA,NA,NA,NA,NA,NA,NA,NA,NA,NA,NA,NA,NA,NA,NA,NA,NA,NA,NA,NA,NA
4MS,bulk tissue,Bone,field,South Africa,-34.06574444,20.46873056,Damaliscus pygargus pygargus,Scott et al. (2020),0.712552,1.1e-5,Estimated using Coarse Map and Google Earth,wang,FALSE,NA,NA,NA,NA,NA,NA,NA,NA,NA,NA,NA,NA,NA,NA,NA,NA,NA,NA,NA,NA,NA,NA,NA,NA,NA,NA,NA,NA,NA,NA,NA,NA,NA,NA,NA,NA,NA,NA,NA,NA
5MS,bulk tissue,Bone,field,South Africa,-34.06574444,20.46873056,Raphicerus melanotis,Scott et al. (2020),0.712491,1e-5,Estimated using Coarse Map and Google Earth,wang,FALSE,NA,NA,NA,NA,NA,NA,NA,NA,NA,NA,NA,NA,NA,NA,NA,NA,NA,NA,NA,NA,NA,NA,NA,NA,NA,NA,NA,NA,NA,NA,NA,NA,NA,NA,NA,NA,NA,NA,NA,NA
6MS,bulk tissue,Teeth,field,South Africa,-31.97185556,19.23161389,Raphicerus melanotis,Scott et al. (2020),0.71674,1e-5,Estimated using Coarse Map and Google Earth,wang,FALSE,NA,NA,NA,NA,NA,NA,NA,NA,NA,NA,NA,NA,NA,NA,NA,NA,NA,NA,NA,NA,NA,NA,NA,NA,NA,NA,NA,NA,NA,NA,NA,NA,NA,NA,NA,NA,NA,NA,NA,NA
7MS,bulk tissue,Teeth,field,South Africa,-34.06574444,20.46873056,Procavia capensis,Scott et al. (2020),0.712384,1e-5,Estimated using Coarse Map and Google Earth,wang,FALSE,NA,NA,NA,NA,NA,NA,NA,NA,NA,NA,NA,NA,NA,NA,NA,NA,NA,NA,NA,NA,NA,NA,NA,NA,NA,NA,NA,NA,NA,NA,NA,NA,NA,NA,NA,NA,NA,NA,NA,NA
8MS,bulk tissue,Teeth,field,South Africa,-34.06574444,20.46873056,Procavia capensis,Scott et al. (2020),0.712719,9e-6,Estimated using Coarse Map and Google Earth,wang,FALSE,NA,NA,NA,NA,NA,NA,NA,NA,NA,NA,NA,NA,NA,NA,NA,NA,NA,NA,NA,NA,NA,NA,NA,NA,NA,NA,NA,NA,NA,NA,NA,NA,NA,NA,NA,NA,NA,NA,NA,NA
9MS,bulk tissue,Teeth,field,South Africa,-34.06574444,20.46873056,Procavia capensis,Scott et al. (2020),0.712713,1.1e-5,Estimated using Coarse Map and Google Earth,wang,FALSE,NA,NA,NA,NA,NA,NA,NA,NA,NA,NA,NA,NA,NA,NA,NA,NA,NA,NA,NA,NA,NA,NA,NA,NA,NA,NA,NA,NA,NA,NA,NA,NA,NA,NA,NA,NA,NA,NA,NA,NA
10MS,bulk tissue,Teeth,field,South Africa,-31.97185556,19.23161389,Procavia capensis,Scott et al. (2020),0.71572,1e-5,Estimated using Coarse Map and Google Earth,wang,FALSE,NA,NA,NA,NA,NA,NA,NA,NA,NA,NA,NA,NA,NA,NA,NA,NA,NA,NA,NA,NA,NA,NA,NA,NA,NA,NA,NA,NA,NA,NA,NA,NA,NA,NA,NA,NA,NA,NA,NA,NA
11MS,bulk tissue,Teeth,field,South Africa,-31.97185556,19.23161389,Procavia capensis,Scott et al. (2020),0.71897199999999994,1.1e-5,Estimated using Coarse Map and Google Earth,wang,FALSE,NA,NA,NA,NA,NA,NA,NA,NA,NA,NA,NA,NA,NA,NA,NA,NA,NA,NA,NA,NA,NA,NA,NA,NA,NA,NA,NA,NA,NA,NA,NA,NA,NA,NA,NA,NA,NA,NA,NA,NA
12MS,bulk tissue,Teeth,field,South Africa,-31.97185556,19.23161389,Procavia capensis,Scott et al. (2020),0.718927,1e-5,Estimated using Coarse Map and Google Earth,wang,FALSE,NA,NA,NA,NA,NA,NA,NA,NA,NA,NA,NA,NA,NA,NA,NA,NA,NA,NA,NA,NA,NA,NA,NA,NA,NA,NA,NA,NA,NA,NA,NA,NA,NA,NA,NA,NA,NA,NA,NA,NA
13MS,bulk tissue,Teeth,field,South Africa,-31.97185556,19.23161389,Procavia capensis,Scott et al. (2020),0.718601,1.1e-5,Estimated using Coarse Map and Google Earth,wang,FALSE,NA,NA,NA,NA,NA,NA,NA,NA,NA,NA,NA,NA,NA,NA,NA,NA,NA,NA,NA,NA,NA,NA,NA,NA,NA,NA,NA,NA,NA,NA,NA,NA,NA,NA,NA,NA,NA,NA,NA,NA
14MS,bulk tissue,Teeth,field,South Africa,-31.97185556,19.23161389,Procavia capensis,Scott et al. (2020),0.715184,1.3e-5,Estimated using Coarse Map and Google Earth,wang,FALSE,NA,NA,NA,NA,NA,NA,NA,NA,NA,NA,NA,NA,NA,NA,NA,NA,NA,NA,NA,NA,NA,NA,NA,NA,NA,NA,NA,NA,NA,NA,NA,NA,NA,NA,NA,NA,NA,NA,NA,NA
15MS,bulk tissue,Teeth,field,South Africa,-30.40600278,18.56000833,Procavia capensis,Scott et al. (2020),0.755445,1.1e-5,Estimated using Coarse Map and Google Earth,wang,FALSE,NA,NA,NA,NA,NA,NA,NA,NA,NA,NA,NA,NA,NA,NA,NA,NA,NA,NA,NA,NA,NA,NA,NA,NA,NA,NA,NA,NA,NA,NA,NA,NA,NA,NA,NA,NA,NA,NA,NA,NA
16MS,bulk tissue,Teeth,field,South Africa,-30.40600278,18.56000833,Procavia capensis,Scott et al. (2020),0.746843,1.1e-5,Estimated using Coarse Map and Google Earth,wang,FALSE,NA,NA,NA,NA,NA,NA,NA,NA,NA,NA,NA,NA,NA,NA,NA,NA,NA,NA,NA,NA,NA,NA,NA,NA,NA,NA,NA,NA,NA,NA,NA,NA,NA,NA,NA,NA,NA,NA,NA,NA
17MS,bulk tissue,Teeth,field,South Africa,-28.87165,17.10014722,Procavia capensis,Scott et al. (2020),0.726132,1e-5,Estimated using Coarse Map and Google Earth,wang,FALSE,NA,NA,NA,NA,NA,NA,NA,NA,NA,NA,NA,NA,NA,NA,NA,NA,NA,NA,NA,NA,NA,NA,NA,NA,NA,NA,NA,NA,NA,NA,NA,NA,NA,NA,NA,NA,NA,NA,NA,NA
18MS,bulk tissue,Tortoise,field,South Africa,-33.63000556,18.42165833,Chersina angulata,Scott et al. (2020),0.709282,1.3e-5,Estimated using Coarse Map and Google Earth,wang,FALSE,NA,NA,NA,NA,NA,NA,NA,NA,NA,NA,NA,NA,NA,NA,NA,NA,NA,NA,NA,NA,NA,NA,NA,NA,NA,NA,NA,NA,NA,NA,NA,NA,NA,NA,NA,NA,NA,NA,NA,NA
19MSa,bulk tissue,Bone,field,South Africa,-30.40600278,18.56000833,Procavia capensis,Scott et al. (2020),0.734004,9e-6,Estimated using Coarse Map and Google Earth,wang,FALSE,NA,NA,NA,NA,NA,NA,NA,NA,NA,NA,NA,NA,NA,NA,NA,NA,NA,NA,NA,NA,NA,NA,NA,NA,NA,NA,NA,NA,NA,NA,NA,NA,NA,NA,NA,NA,NA,NA,NA,NA
19MSb,bulk tissue,Teeth,field,South Africa,-30.40600278,18.56000833,Procavia capensis,Scott et al. (2020),0.739244,1.2e-5,Estimated using Coarse Map and Google Earth,wang,FALSE,NA,NA,NA,NA,NA,NA,NA,NA,NA,NA,NA,NA,NA,NA,NA,NA,NA,NA,NA,NA,NA,NA,NA,NA,NA,NA,NA,NA,NA,NA,NA,NA,NA,NA,NA,NA,NA,NA,NA,NA
20MS,bulk tissue,Bone,field,South Africa,-34.06574444,20.46873056,Pelea capreolus,Scott et al. (2020),0.712673,1e-5,Estimated using Coarse Map and Google Earth,wang,FALSE,NA,NA,NA,NA,NA,NA,NA,NA,NA,NA,NA,NA,NA,NA,NA,NA,NA,NA,NA,NA,NA,NA,NA,NA,NA,NA,NA,NA,NA,NA,NA,NA,NA,NA,NA,NA,NA,NA,NA,NA
21MS,bulk tissue,Dentin,field,South Africa,-34.06574444,20.46873056,Pelea capreolus,Scott et al. (2020),0.712978,1.3e-5,Estimated using Coarse Map and Google Earth,wang,FALSE,NA,NA,NA,NA,NA,NA,NA,NA,NA,NA,NA,NA,NA,NA,NA,NA,NA,NA,NA,NA,NA,NA,NA,NA,NA,NA,NA,NA,NA,NA,NA,NA,NA,NA,NA,NA,NA,NA,NA,NA
22MS,bulk tissue,Tooth enamel,field,South Africa,-34.06574444,20.46873056,Pelea capreolus,Scott et al. (2020),0.713088,1.5e-5,Estimated using Coarse Map and Google Earth,wang,FALSE,NA,NA,NA,NA,NA,NA,NA,NA,NA,NA,NA,NA,NA,NA,NA,NA,NA,NA,NA,NA,NA,NA,NA,NA,NA,NA,NA,NA,NA,NA,NA,NA,NA,NA,NA,NA,NA,NA,NA,NA
23MS,bulk tissue,Bone,field,South Africa,-34.06574444,20.46873056,Damaliscus pygargus pygargus,Scott et al. (2020),0.712947,1.1e-5,Estimated using Coarse Map and Google Earth,wang,FALSE,NA,NA,NA,NA,NA,NA,NA,NA,NA,NA,NA,NA,NA,NA,NA,NA,NA,NA,NA,NA,NA,NA,NA,NA,NA,NA,NA,NA,NA,NA,NA,NA,NA,NA,NA,NA,NA,NA,NA,NA
24MS,bulk tissue,Dentin,field,South Africa,-34.06574444,20.46873056,Damaliscus pygargus pygargus,Scott et al. (2020),0.712802,1.1e-5,Estimated using Coarse Map and Google Earth,wang,FALSE,NA,NA,NA,NA,NA,NA,NA,NA,NA,NA,NA,NA,NA,NA,NA,NA,NA,NA,NA,NA,NA,NA,NA,NA,NA,NA,NA,NA,NA,NA,NA,NA,NA,NA,NA,NA,NA,NA,NA,NA
25MS,bulk tissue,Tooth enamel,field,South Africa,-34.06574444,20.46873056,Damaliscus pygargus pygargus,Scott et al. (2020),0.71237,1.2e-5,Estimated using Coarse Map and Google Earth,wang,FALSE,NA,NA,NA,NA,NA,NA,NA,NA,NA,NA,NA,NA,NA,NA,NA,NA,NA,NA,NA,NA,NA,NA,NA,NA,NA,NA,NA,NA,NA,NA,NA,NA,NA,NA,NA,NA,NA,NA,NA,NA
1A R,bulk tissue,Teeth,field,South Africa,-34.42409444,20.54472222,Rhabodomys pumilio,Scott et al. (2020),0.70926,1.1e-5,Estimated using Coarse Map and Google Earth,wang,FALSE,NA,NA,NA,NA,NA,NA,NA,NA,NA,NA,NA,NA,NA,NA,NA,NA,NA,NA,NA,NA,NA,NA,NA,NA,NA,NA,NA,NA,NA,NA,NA,NA,NA,NA,NA,NA,NA,NA,NA,NA
2A R,bulk tissue,Teeth,field,South Africa,-34.42409444,20.54472222,Rhabodomys pumilio,Scott et al. (2020),0.709256,1.1e-5,Estimated using Coarse Map and Google Earth,wang,FALSE,NA,NA,NA,NA,NA,NA,NA,NA,NA,NA,NA,NA,NA,NA,NA,NA,NA,NA,NA,NA,NA,NA,NA,NA,NA,NA,NA,NA,NA,NA,NA,NA,NA,NA,NA,NA,NA,NA,NA,NA
3A R,bulk tissue,Teeth,field,South Africa,-34.42409444,20.54472222,Rhabodomys pumilio,Scott et al. (2020),0.709267,1e-5,Estimated using Coarse Map and Google Earth,wang,FALSE,NA,NA,NA,NA,NA,NA,NA,NA,NA,NA,NA,NA,NA,NA,NA,NA,NA,NA,NA,NA,NA,NA,NA,NA,NA,NA,NA,NA,NA,NA,NA,NA,NA,NA,NA,NA,NA,NA,NA,NA
4A R,bulk tissue,Teeth,field,South Africa,-34.42409444,20.54472222,Rhabodomys pumilio,Scott et al. (2020),0.709431,1.9e-5,Estimated using Coarse Map and Google Earth,wang,FALSE,NA,NA,NA,NA,NA,NA,NA,NA,NA,NA,NA,NA,NA,NA,NA,NA,NA,NA,NA,NA,NA,NA,NA,NA,NA,NA,NA,NA,NA,NA,NA,NA,NA,NA,NA,NA,NA,NA,NA,NA
5A R,bulk tissue,Teeth,field,South Africa,-34.42409444,20.54472222,Rhabodomys pumilio,Scott et al. (2020),0.709225,1.7e-5,Estimated using Coarse Map and Google Earth,wang,FALSE,NA,NA,NA,NA,NA,NA,NA,NA,NA,NA,NA,NA,NA,NA,NA,NA,NA,NA,NA,NA,NA,NA,NA,NA,NA,NA,NA,NA,NA,NA,NA,NA,NA,NA,NA,NA,NA,NA,NA,NA
7A O,bulk tissue,Teeth,field,South Africa,-34.42409444,20.54472222,Rhabodomys pumilio,Scott et al. (2020),0.709942,1.1e-5,Estimated using Coarse Map and Google Earth,wang,FALSE,NA,NA,NA,NA,NA,NA,NA,NA,NA,NA,NA,NA,NA,NA,NA,NA,NA,NA,NA,NA,NA,NA,NA,NA,NA,NA,NA,NA,NA,NA,NA,NA,NA,NA,NA,NA,NA,NA,NA,NA
8A R,bulk tissue,Teeth,field,South Africa,-34.06574444,20.46873056,Rhabodomys pumilio,Scott et al. (2020),0.71028,1e-5,Estimated using Coarse Map and Google Earth,wang,FALSE,NA,NA,NA,NA,NA,NA,NA,NA,NA,NA,NA,NA,NA,NA,NA,NA,NA,NA,NA,NA,NA,NA,NA,NA,NA,NA,NA,NA,NA,NA,NA,NA,NA,NA,NA,NA,NA,NA,NA,NA
9A R,bulk tissue,Teeth,field,South Africa,-34.06574444,20.46873056,Rhabodomys pumilio,Scott et al. (2020),0.710063,1.3e-5,Estimated using Coarse Map and Google Earth,wang,FALSE,NA,NA,NA,NA,NA,NA,NA,NA,NA,NA,NA,NA,NA,NA,NA,NA,NA,NA,NA,NA,NA,NA,NA,NA,NA,NA,NA,NA,NA,NA,NA,NA,NA,NA,NA,NA,NA,NA,NA,NA
10A R,bulk tissue,Teeth,field,South Africa,-34.06574444,20.46873056,Rhabodomys pumilio,Scott et al. (2020),0.709925,1.6e-5,Estimated using Coarse Map and Google Earth,wang,FALSE,NA,NA,NA,NA,NA,NA,NA,NA,NA,NA,NA,NA,NA,NA,NA,NA,NA,NA,NA,NA,NA,NA,NA,NA,NA,NA,NA,NA,NA,NA,NA,NA,NA,NA,NA,NA,NA,NA,NA,NA
12A R,bulk tissue,Teeth,field,South Africa,-34.42409444,20.54472222,Rhabodomys pumilio,Scott et al. (2020),0.709388,1.2e-5,Estimated using Coarse Map and Google Earth,wang,FALSE,NA,NA,NA,NA,NA,NA,NA,NA,NA,NA,NA,NA,NA,NA,NA,NA,NA,NA,NA,NA,NA,NA,NA,NA,NA,NA,NA,NA,NA,NA,NA,NA,NA,NA,NA,NA,NA,NA,NA,NA
13A R,bulk tissue,Teeth,field,South Africa,-34.42409444,20.54472222,Rhabodomys pumilio,Scott et al. (2020),0.70927,1.3e-5,Estimated using Coarse Map and Google Earth,wang,FALSE,NA,NA,NA,NA,NA,NA,NA,NA,NA,NA,NA,NA,NA,NA,NA,NA,NA,NA,NA,NA,NA,NA,NA,NA,NA,NA,NA,NA,NA,NA,NA,NA,NA,NA,NA,NA,NA,NA,NA,NA
14A R,bulk tissue,Teeth,field,South Africa,-34.42409444,20.54472222,Rhabodomys pumilio,Scott et al. (2020),0.70916,1.1e-5,Estimated using Coarse Map and Google Earth,wang,FALSE,NA,NA,NA,NA,NA,NA,NA,NA,NA,NA,NA,NA,NA,NA,NA,NA,NA,NA,NA,NA,NA,NA,NA,NA,NA,NA,NA,NA,NA,NA,NA,NA,NA,NA,NA,NA,NA,NA,NA,NA
19A R,bulk tissue,Teeth,field,South Africa,-34.42409444,20.54472222,Rhabodomys pumilio,Scott et al. (2020),0.709141,1.3e-5,Estimated using Coarse Map and Google Earth,wang,FALSE,NA,NA,NA,NA,NA,NA,NA,NA,NA,NA,NA,NA,NA,NA,NA,NA,NA,NA,NA,NA,NA,NA,NA,NA,NA,NA,NA,NA,NA,NA,NA,NA,NA,NA,NA,NA,NA,NA,NA,NA
20A R,bulk tissue,Teeth,field,South Africa,-34.42409444,20.54472222,Rhabodomys pumilio,Scott et al. (2020),0.709681,1.3e-5,Estimated using Coarse Map and Google Earth,wang,FALSE,NA,NA,NA,NA,NA,NA,NA,NA,NA,NA,NA,NA,NA,NA,NA,NA,NA,NA,NA,NA,NA,NA,NA,NA,NA,NA,NA,NA,NA,NA,NA,NA,NA,NA,NA,NA,NA,NA,NA,NA
21A R,bulk tissue,Teeth,field,South Africa,-34.06574444,20.46873056,Rhabodomys pumilio,Scott et al. (2020),0.710083,1.1e-5,Estimated using Coarse Map and Google Earth,wang,FALSE,NA,NA,NA,NA,NA,NA,NA,NA,NA,NA,NA,NA,NA,NA,NA,NA,NA,NA,NA,NA,NA,NA,NA,NA,NA,NA,NA,NA,NA,NA,NA,NA,NA,NA,NA,NA,NA,NA,NA,NA
22A R,bulk tissue,Teeth,field,South Africa,-34.42409444,20.54472222,Rhabodomys pumilio,Scott et al. (2020),0.709196,1e-5,Estimated using Coarse Map and Google Earth,wang,FALSE,NA,NA,NA,NA,NA,NA,NA,NA,NA,NA,NA,NA,NA,NA,NA,NA,NA,NA,NA,NA,NA,NA,NA,NA,NA,NA,NA,NA,NA,NA,NA,NA,NA,NA,NA,NA,NA,NA,NA,NA
WP 1,bulk tissue,Plant,field,South Africa,-32.72107222,17.92708056,unspecified,Scott et al. (2020),0.712497,1.3e-5,Estimated using Coarse Map and Google Earth,wang,FALSE,NA,NA,NA,NA,NA,NA,NA,NA,NA,NA,NA,NA,NA,NA,NA,NA,NA,NA,NA,NA,NA,NA,NA,NA,NA,NA,NA,NA,NA,NA,NA,NA,NA,NA,NA,NA,NA,NA,NA,NA
WP 2,bulk tissue,Plant,field,South Africa,-32.72107222,17.92708056,unspecified,Scott et al. (2020),0.7129,1.4e-5,Estimated using Coarse Map and Google Earth,wang,FALSE,NA,NA,NA,NA,NA,NA,NA,NA,NA,NA,NA,NA,NA,NA,NA,NA,NA,NA,NA,NA,NA,NA,NA,NA,NA,NA,NA,NA,NA,NA,NA,NA,NA,NA,NA,NA,NA,NA,NA,NA
WP 3,bulk tissue,Plant,field,South Africa,-32.72107222,17.92708056,unspecified,Scott et al. (2020),0.714618,7e-6,Estimated using Coarse Map and Google Earth,wang,FALSE,NA,NA,NA,NA,NA,NA,NA,NA,NA,NA,NA,NA,NA,NA,NA,NA,NA,NA,NA,NA,NA,NA,NA,NA,NA,NA,NA,NA,NA,NA,NA,NA,NA,NA,NA,NA,NA,NA,NA,NA
WP 4,bulk tissue,Plant,field,South Africa,-32.72107222,17.92708056,unspecified,Scott et al. (2020),0.711469,1.1e-5,Estimated using Coarse Map and Google Earth,wang,FALSE,NA,NA,NA,NA,NA,NA,NA,NA,NA,NA,NA,NA,NA,NA,NA,NA,NA,NA,NA,NA,NA,NA,NA,NA,NA,NA,NA,NA,NA,NA,NA,NA,NA,NA,NA,NA,NA,NA,NA,NA
WP 5,bulk tissue,Plant,field,South Africa,-32.72107222,17.92708056,unspecified,Scott et al. (2020),0.711661,1.1e-5,Estimated using Coarse Map and Google Earth,wang,FALSE,NA,NA,NA,NA,NA,NA,NA,NA,NA,NA,NA,NA,NA,NA,NA,NA,NA,NA,NA,NA,NA,NA,NA,NA,NA,NA,NA,NA,NA,NA,NA,NA,NA,NA,NA,NA,NA,NA,NA,NA
steenbok 3,bulk tissue,Tooth enamel,field,South Africa,-32.7924433888881,17.9601939441745,Raphicerus campestris,Balasse and Ambrose (2002),0.710715,1.4e-5,Estimated using Coarse Map and Google Earth,wang,FALSE,NA,NA,NA,NA,NA,NA,NA,NA,NA,NA,NA,NA,NA,NA,NA,NA,NA,NA,NA,NA,NA,NA,NA,NA,NA,NA,NA,NA,NA,NA,NA,NA,NA,NA,NA,NA,NA,NA,NA,NA
steenbok 4,bulk tissue,Tooth enamel,field,South Africa,-32.7924433888881,17.9601939441745,Raphicerus campestris,Balasse and Ambrose (2002),0.710223,1.4e-5,Estimated using Coarse Map and Google Earth,wang,FALSE,NA,NA,NA,NA,NA,NA,NA,NA,NA,NA,NA,NA,NA,NA,NA,NA,NA,NA,NA,NA,NA,NA,NA,NA,NA,NA,NA,NA,NA,NA,NA,NA,NA,NA,NA,NA,NA,NA,NA,NA
steenbok 5,bulk tissue,Tooth enamel,field,South Africa,-32.7924433888881,17.9601939441745,Raphicerus campestris,Balasse and Ambrose (2002),0.71072,1.4e-5,Estimated using Coarse Map and Google Earth,wang,FALSE,NA,NA,NA,NA,NA,NA,NA,NA,NA,NA,NA,NA,NA,NA,NA,NA,NA,NA,NA,NA,NA,NA,NA,NA,NA,NA,NA,NA,NA,NA,NA,NA,NA,NA,NA,NA,NA,NA,NA,NA
steenbok 6,bulk tissue,Tooth enamel,field,South Africa,-32.7924433888881,17.9601939441745,Raphicerus campestris,Balasse and Ambrose (2002),0.710025,1.8e-5,Estimated using Coarse Map and Google Earth,wang,FALSE,NA,NA,NA,NA,NA,NA,NA,NA,NA,NA,NA,NA,NA,NA,NA,NA,NA,NA,NA,NA,NA,NA,NA,NA,NA,NA,NA,NA,NA,NA,NA,NA,NA,NA,NA,NA,NA,NA,NA,NA
steenbok 7,bulk tissue,Tooth enamel,field,South Africa,-32.7924433888881,17.9601939441745,Raphicerus campestris,Balasse and Ambrose (2002),0.709916,1.4e-5,Estimated using Coarse Map and Google Earth,wang,FALSE,NA,NA,NA,NA,NA,NA,NA,NA,NA,NA,NA,NA,NA,NA,NA,NA,NA,NA,NA,NA,NA,NA,NA,NA,NA,NA,NA,NA,NA,NA,NA,NA,NA,NA,NA,NA,NA,NA,NA,NA
MMK3158,bulk tissue,Tooth enamel,field,South Africa,-29.8,25.38, Rodentia,Stewart et al. (2020),0.7126,NA,Reported by Author,wang,FALSE,NA,NA,NA,NA,NA,NA,NA,NA,NA,NA,NA,NA,NA,NA,NA,NA,NA,NA,NA,NA,NA,NA,NA,NA,NA,NA,NA,NA,NA,NA,NA,NA,NA,NA,NA,NA,NA,NA,NA,NA
MMK3411,bulk tissue,Tooth enamel,field,South Africa,-28.6,24.08, Rodentia,Stewart et al. (2020),0.71679,NA,Reported by Author,wang,FALSE,NA,NA,NA,NA,NA,NA,NA,NA,NA,NA,NA,NA,NA,NA,NA,NA,NA,NA,NA,NA,NA,NA,NA,NA,NA,NA,NA,NA,NA,NA,NA,NA,NA,NA,NA,NA,NA,NA,NA,NA
MMK3432,bulk tissue,Tooth enamel,field,South Africa,-30.33,25.03, Rodentia,Stewart et al. (2020),0.71377,NA,Reported by Author,wang,FALSE,NA,NA,NA,NA,NA,NA,NA,NA,NA,NA,NA,NA,NA,NA,NA,NA,NA,NA,NA,NA,NA,NA,NA,NA,NA,NA,NA,NA,NA,NA,NA,NA,NA,NA,NA,NA,NA,NA,NA,NA
MMK3164,bulk tissue,Tooth enamel,field,South Africa,-28.9,23.65, Rodentia,Stewart et al. (2020),0.71567,NA,Reported by Author,wang,FALSE,NA,NA,NA,NA,NA,NA,NA,NA,NA,NA,NA,NA,NA,NA,NA,NA,NA,NA,NA,NA,NA,NA,NA,NA,NA,NA,NA,NA,NA,NA,NA,NA,NA,NA,NA,NA,NA,NA,NA,NA
MMK322,bulk tissue,Tooth enamel,field,South Africa,-28.83,24.82, Rodentia,Stewart et al. (2020),0.71513,NA,Reported by Author,wang,FALSE,NA,NA,NA,NA,NA,NA,NA,NA,NA,NA,NA,NA,NA,NA,NA,NA,NA,NA,NA,NA,NA,NA,NA,NA,NA,NA,NA,NA,NA,NA,NA,NA,NA,NA,NA,NA,NA,NA,NA,NA
MMK3466,bulk tissue,Tooth enamel,field,South Africa,-29.95,22.05, Rodentia,Stewart et al. (2020),0.71732,NA,Reported by Author,wang,FALSE,NA,NA,NA,NA,NA,NA,NA,NA,NA,NA,NA,NA,NA,NA,NA,NA,NA,NA,NA,NA,NA,NA,NA,NA,NA,NA,NA,NA,NA,NA,NA,NA,NA,NA,NA,NA,NA,NA,NA,NA
MMK3459,bulk tissue,Tooth enamel,field,South Africa,-30.17,20.8, Rodentia,Stewart et al. (2020),0.71576,NA,Reported by Author,wang,FALSE,NA,NA,NA,NA,NA,NA,NA,NA,NA,NA,NA,NA,NA,NA,NA,NA,NA,NA,NA,NA,NA,NA,NA,NA,NA,NA,NA,NA,NA,NA,NA,NA,NA,NA,NA,NA,NA,NA,NA,NA
MMK3551,bulk tissue,Tooth enamel,field,South Africa,-31.52,19.93, Rodentia,Stewart et al. (2020),0.71322,NA,Reported by Author,wang,FALSE,NA,NA,NA,NA,NA,NA,NA,NA,NA,NA,NA,NA,NA,NA,NA,NA,NA,NA,NA,NA,NA,NA,NA,NA,NA,NA,NA,NA,NA,NA,NA,NA,NA,NA,NA,NA,NA,NA,NA,NA
NMB1434,bulk tissue,Tooth enamel,field,South Africa,-28.07,26.33, Rodentia,Stewart et al. (2020),0.71394,NA,Reported by Author,wang,FALSE,NA,NA,NA,NA,NA,NA,NA,NA,NA,NA,NA,NA,NA,NA,NA,NA,NA,NA,NA,NA,NA,NA,NA,NA,NA,NA,NA,NA,NA,NA,NA,NA,NA,NA,NA,NA,NA,NA,NA,NA
NMB1576,bulk tissue,Tooth enamel,field,South Africa,-28.87,25.69, Rodentia,Stewart et al. (2020),0.71617,NA,Reported by Author,wang,FALSE,NA,NA,NA,NA,NA,NA,NA,NA,NA,NA,NA,NA,NA,NA,NA,NA,NA,NA,NA,NA,NA,NA,NA,NA,NA,NA,NA,NA,NA,NA,NA,NA,NA,NA,NA,NA,NA,NA,NA,NA
NMB1674,bulk tissue,Tooth enamel,field,South Africa,-29.04,27.37, Rodentia,Stewart et al. (2020),0.71382,NA,Reported by Author,wang,FALSE,NA,NA,NA,NA,NA,NA,NA,NA,NA,NA,NA,NA,NA,NA,NA,NA,NA,NA,NA,NA,NA,NA,NA,NA,NA,NA,NA,NA,NA,NA,NA,NA,NA,NA,NA,NA,NA,NA,NA,NA
NMB1781,bulk tissue,Tooth enamel,field,South Africa,-28.85,27.91, Rodentia,Stewart et al. (2020),0.71275,NA,Reported by Author,wang,FALSE,NA,NA,NA,NA,NA,NA,NA,NA,NA,NA,NA,NA,NA,NA,NA,NA,NA,NA,NA,NA,NA,NA,NA,NA,NA,NA,NA,NA,NA,NA,NA,NA,NA,NA,NA,NA,NA,NA,NA,NA
NMB2608,bulk tissue,Tooth enamel,field,South Africa,-29.57,26.72, Rodentia,Stewart et al. (2020),0.71198,NA,Reported by Author,wang,FALSE,NA,NA,NA,NA,NA,NA,NA,NA,NA,NA,NA,NA,NA,NA,NA,NA,NA,NA,NA,NA,NA,NA,NA,NA,NA,NA,NA,NA,NA,NA,NA,NA,NA,NA,NA,NA,NA,NA,NA,NA
NMB2886,bulk tissue,Tooth enamel,field,South Africa,-30.2,25.63, Rodentia,Stewart et al. (2020),0.71326,NA,Reported by Author,wang,FALSE,NA,NA,NA,NA,NA,NA,NA,NA,NA,NA,NA,NA,NA,NA,NA,NA,NA,NA,NA,NA,NA,NA,NA,NA,NA,NA,NA,NA,NA,NA,NA,NA,NA,NA,NA,NA,NA,NA,NA,NA
NMB3107,bulk tissue,Tooth enamel,field,South Africa,-28.2,29.15, Rodentia,Stewart et al. (2020),0.71422,NA,Reported by Author,wang,FALSE,NA,NA,NA,NA,NA,NA,NA,NA,NA,NA,NA,NA,NA,NA,NA,NA,NA,NA,NA,NA,NA,NA,NA,NA,NA,NA,NA,NA,NA,NA,NA,NA,NA,NA,NA,NA,NA,NA,NA,NA
NMB3126,bulk tissue,Tooth enamel,field,South Africa,-28.33,27.75, Rodentia,Stewart et al. (2020),0.71494,NA,Reported by Author,wang,FALSE,NA,NA,NA,NA,NA,NA,NA,NA,NA,NA,NA,NA,NA,NA,NA,NA,NA,NA,NA,NA,NA,NA,NA,NA,NA,NA,NA,NA,NA,NA,NA,NA,NA,NA,NA,NA,NA,NA,NA,NA
NMB3263,bulk tissue,Tooth enamel,field,South Africa,-27.81,26.97, Rodentia,Stewart et al. (2020),0.71468,NA,Reported by Author,wang,FALSE,NA,NA,NA,NA,NA,NA,NA,NA,NA,NA,NA,NA,NA,NA,NA,NA,NA,NA,NA,NA,NA,NA,NA,NA,NA,NA,NA,NA,NA,NA,NA,NA,NA,NA,NA,NA,NA,NA,NA,NA
NMB3273,bulk tissue,Tooth enamel,field,South Africa,-27.98,27.59, Rodentia,Stewart et al. (2020),0.71358,NA,Reported by Author,wang,FALSE,NA,NA,NA,NA,NA,NA,NA,NA,NA,NA,NA,NA,NA,NA,NA,NA,NA,NA,NA,NA,NA,NA,NA,NA,NA,NA,NA,NA,NA,NA,NA,NA,NA,NA,NA,NA,NA,NA,NA,NA
NMB3448,bulk tissue,Tooth enamel,field,South Africa,-28.74,28.06, Rodentia,Stewart et al. (2020),0.71273,NA,Reported by Author,wang,FALSE,NA,NA,NA,NA,NA,NA,NA,NA,NA,NA,NA,NA,NA,NA,NA,NA,NA,NA,NA,NA,NA,NA,NA,NA,NA,NA,NA,NA,NA,NA,NA,NA,NA,NA,NA,NA,NA,NA,NA,NA
NMB3518,bulk tissue,Tooth enamel,field,South Africa,-27.83,28.41, Rodentia,Stewart et al. (2020),0.71623,NA,Reported by Author,wang,FALSE,NA,NA,NA,NA,NA,NA,NA,NA,NA,NA,NA,NA,NA,NA,NA,NA,NA,NA,NA,NA,NA,NA,NA,NA,NA,NA,NA,NA,NA,NA,NA,NA,NA,NA,NA,NA,NA,NA,NA,NA
NMB3705,bulk tissue,Tooth enamel,field,South Africa,-30.55,25.35, Rodentia,Stewart et al. (2020),0.71232,NA,Reported by Author,wang,FALSE,NA,NA,NA,NA,NA,NA,NA,NA,NA,NA,NA,NA,NA,NA,NA,NA,NA,NA,NA,NA,NA,NA,NA,NA,NA,NA,NA,NA,NA,NA,NA,NA,NA,NA,NA,NA,NA,NA,NA,NA
NMB3739,bulk tissue,Tooth enamel,field,South Africa,-30.52,25.92, Rodentia,Stewart et al. (2020),0.71394,NA,Reported by Author,wang,FALSE,NA,NA,NA,NA,NA,NA,NA,NA,NA,NA,NA,NA,NA,NA,NA,NA,NA,NA,NA,NA,NA,NA,NA,NA,NA,NA,NA,NA,NA,NA,NA,NA,NA,NA,NA,NA,NA,NA,NA,NA
NMB3862,bulk tissue,Tooth enamel,field,South Africa,-27.12,28.52, Rodentia,Stewart et al. (2020),0.71551,NA,Reported by Author,wang,FALSE,NA,NA,NA,NA,NA,NA,NA,NA,NA,NA,NA,NA,NA,NA,NA,NA,NA,NA,NA,NA,NA,NA,NA,NA,NA,NA,NA,NA,NA,NA,NA,NA,NA,NA,NA,NA,NA,NA,NA,NA
NMB4054,bulk tissue,Tooth enamel,field,South Africa,-29.11,27.64, Rodentia,Stewart et al. (2020),0.71232,NA,Reported by Author,wang,FALSE,NA,NA,NA,NA,NA,NA,NA,NA,NA,NA,NA,NA,NA,NA,NA,NA,NA,NA,NA,NA,NA,NA,NA,NA,NA,NA,NA,NA,NA,NA,NA,NA,NA,NA,NA,NA,NA,NA,NA,NA
NMB4131,bulk tissue,Tooth enamel,field,South Africa,-28.57,28.42, Rodentia,Stewart et al. (2020),0.71266,NA,Reported by Author,wang,FALSE,NA,NA,NA,NA,NA,NA,NA,NA,NA,NA,NA,NA,NA,NA,NA,NA,NA,NA,NA,NA,NA,NA,NA,NA,NA,NA,NA,NA,NA,NA,NA,NA,NA,NA,NA,NA,NA,NA,NA,NA
NMB4333,bulk tissue,Tooth enamel,field,South Africa,-30.81,27.04, Rodentia,Stewart et al. (2020),0.71509,NA,Reported by Author,wang,FALSE,NA,NA,NA,NA,NA,NA,NA,NA,NA,NA,NA,NA,NA,NA,NA,NA,NA,NA,NA,NA,NA,NA,NA,NA,NA,NA,NA,NA,NA,NA,NA,NA,NA,NA,NA,NA,NA,NA,NA,NA
NMB4714,bulk tissue,Tooth enamel,field,South Africa,-31.37,26.72, Rodentia,Stewart et al. (2020),0.716,NA,Reported by Author,wang,FALSE,NA,NA,NA,NA,NA,NA,NA,NA,NA,NA,NA,NA,NA,NA,NA,NA,NA,NA,NA,NA,NA,NA,NA,NA,NA,NA,NA,NA,NA,NA,NA,NA,NA,NA,NA,NA,NA,NA,NA,NA
NMB4858,bulk tissue,Tooth enamel,field,South Africa,-31.34,28.03, Rodentia,Stewart et al. (2020),0.71439,NA,Reported by Author,wang,FALSE,NA,NA,NA,NA,NA,NA,NA,NA,NA,NA,NA,NA,NA,NA,NA,NA,NA,NA,NA,NA,NA,NA,NA,NA,NA,NA,NA,NA,NA,NA,NA,NA,NA,NA,NA,NA,NA,NA,NA,NA
NMB6667,bulk tissue,Tooth enamel,field,South Africa,-29.87,29.12, Rodentia,Stewart et al. (2020),0.71206,NA,Reported by Author,wang,FALSE,NA,NA,NA,NA,NA,NA,NA,NA,NA,NA,NA,NA,NA,NA,NA,NA,NA,NA,NA,NA,NA,NA,NA,NA,NA,NA,NA,NA,NA,NA,NA,NA,NA,NA,NA,NA,NA,NA,NA,NA
NMB6937,bulk tissue,Tooth enamel,field,South Africa,-29.2,29.13, Rodentia,Stewart et al. (2020),0.70852,NA,Reported by Author,wang,FALSE,NA,NA,NA,NA,NA,NA,NA,NA,NA,NA,NA,NA,NA,NA,NA,NA,NA,NA,NA,NA,NA,NA,NA,NA,NA,NA,NA,NA,NA,NA,NA,NA,NA,NA,NA,NA,NA,NA,NA,NA
NMB7003,bulk tissue,Tooth enamel,field,South Africa,-28.78,27.3, Rodentia,Stewart et al. (2020),0.71517,NA,Reported by Author,wang,FALSE,NA,NA,NA,NA,NA,NA,NA,NA,NA,NA,NA,NA,NA,NA,NA,NA,NA,NA,NA,NA,NA,NA,NA,NA,NA,NA,NA,NA,NA,NA,NA,NA,NA,NA,NA,NA,NA,NA,NA,NA
NMB7331,bulk tissue,Tooth enamel,field,South Africa,-29.32,28.08, Rodentia,Stewart et al. (2020),0.70816,NA,Reported by Author,wang,FALSE,NA,NA,NA,NA,NA,NA,NA,NA,NA,NA,NA,NA,NA,NA,NA,NA,NA,NA,NA,NA,NA,NA,NA,NA,NA,NA,NA,NA,NA,NA,NA,NA,NA,NA,NA,NA,NA,NA,NA,NA
NMB8166,bulk tissue,Tooth enamel,field,South Africa,-29.22,28.32, Rodentia,Stewart et al. (2020),0.71161,NA,Reported by Author,wang,FALSE,NA,NA,NA,NA,NA,NA,NA,NA,NA,NA,NA,NA,NA,NA,NA,NA,NA,NA,NA,NA,NA,NA,NA,NA,NA,NA,NA,NA,NA,NA,NA,NA,NA,NA,NA,NA,NA,NA,NA,NA
NMB8202,bulk tissue,Tooth enamel,field,South Africa,-30.14,27.53, Rodentia,Stewart et al. (2020),0.71535,NA,Reported by Author,wang,FALSE,NA,NA,NA,NA,NA,NA,NA,NA,NA,NA,NA,NA,NA,NA,NA,NA,NA,NA,NA,NA,NA,NA,NA,NA,NA,NA,NA,NA,NA,NA,NA,NA,NA,NA,NA,NA,NA,NA,NA,NA
NMB8357,bulk tissue,Tooth enamel,field,South Africa,-28.47,28.41, Rodentia,Stewart et al. (2020),0.70879,NA,Reported by Author,wang,FALSE,NA,NA,NA,NA,NA,NA,NA,NA,NA,NA,NA,NA,NA,NA,NA,NA,NA,NA,NA,NA,NA,NA,NA,NA,NA,NA,NA,NA,NA,NA,NA,NA,NA,NA,NA,NA,NA,NA,NA,NA
NMB8427,bulk tissue,Tooth enamel,field,South Africa,-29.42,28.48, Rodentia,Stewart et al. (2020),0.70781,NA,Reported by Author,wang,FALSE,NA,NA,NA,NA,NA,NA,NA,NA,NA,NA,NA,NA,NA,NA,NA,NA,NA,NA,NA,NA,NA,NA,NA,NA,NA,NA,NA,NA,NA,NA,NA,NA,NA,NA,NA,NA,NA,NA,NA,NA
NMB8641,bulk tissue,Tooth enamel,field,South Africa,-29.85,27.56, Rodentia,Stewart et al. (2020),0.70918,NA,Reported by Author,wang,FALSE,NA,NA,NA,NA,NA,NA,NA,NA,NA,NA,NA,NA,NA,NA,NA,NA,NA,NA,NA,NA,NA,NA,NA,NA,NA,NA,NA,NA,NA,NA,NA,NA,NA,NA,NA,NA,NA,NA,NA,NA
NMB9196,bulk tissue,Tooth enamel,field,South Africa,-28.46,28.7, Rodentia,Stewart et al. (2020),0.7143,NA,Reported by Author,wang,FALSE,NA,NA,NA,NA,NA,NA,NA,NA,NA,NA,NA,NA,NA,NA,NA,NA,NA,NA,NA,NA,NA,NA,NA,NA,NA,NA,NA,NA,NA,NA,NA,NA,NA,NA,NA,NA,NA,NA,NA,NA
EAM 1S,bulk tissue,Shell,field,South Africa,-28.9354876309315,31.1257836266521,Achatina,Arnold et al. (2013),0.708116,1.8e-5,Estimated using Coarse Map and Google Earth,wang,FALSE,NA,NA,NA,NA,NA,NA,NA,NA,NA,NA,NA,NA,NA,NA,NA,NA,NA,NA,NA,NA,NA,NA,NA,NA,NA,NA,NA,NA,NA,NA,NA,NA,NA,NA,NA,NA,NA,NA,NA,NA
EAM 2S,bulk tissue,Shell,field,South Africa,-28.9099450395522,31.0368630370834,Achatina,Arnold et al. (2013),0.715447,1.3e-5,Estimated using Coarse Map and Google Earth,wang,FALSE,NA,NA,NA,NA,NA,NA,NA,NA,NA,NA,NA,NA,NA,NA,NA,NA,NA,NA,NA,NA,NA,NA,NA,NA,NA,NA,NA,NA,NA,NA,NA,NA,NA,NA,NA,NA,NA,NA,NA,NA
EAM 3S,bulk tissue,Shell,field,South Africa,-28.9454024706,31.0269066776336,Achatina,Arnold et al. (2013),0.712434,2e-5,Estimated using Coarse Map and Google Earth,wang,FALSE,NA,NA,NA,NA,NA,NA,NA,NA,NA,NA,NA,NA,NA,NA,NA,NA,NA,NA,NA,NA,NA,NA,NA,NA,NA,NA,NA,NA,NA,NA,NA,NA,NA,NA,NA,NA,NA,NA,NA,NA
EAM 4S,bulk tissue,Shell,field,South Africa,-28.9619250947964,31.0773751203618,Achatina,Arnold et al. (2013),0.711033,2e-5,Estimated using Coarse Map and Google Earth,wang,FALSE,NA,NA,NA,NA,NA,NA,NA,NA,NA,NA,NA,NA,NA,NA,NA,NA,NA,NA,NA,NA,NA,NA,NA,NA,NA,NA,NA,NA,NA,NA,NA,NA,NA,NA,NA,NA,NA,NA,NA,NA
EAM 5S,bulk tissue,Shell,field,South Africa,-28.9502093240642,31.104497616794,Achatina,Arnold et al. (2013),0.709031,1.1e-5,Estimated using Coarse Map and Google Earth,wang,FALSE,NA,NA,NA,NA,NA,NA,NA,NA,NA,NA,NA,NA,NA,NA,NA,NA,NA,NA,NA,NA,NA,NA,NA,NA,NA,NA,NA,NA,NA,NA,NA,NA,NA,NA,NA,NA,NA,NA,NA,NA
EAM 6S,bulk tissue,Shell,field,South Africa,-28.9402949444026,31.0392662962609,Achatina,Arnold et al. (2013),0.715619,1.6e-5,Estimated using Coarse Map and Google Earth,wang,FALSE,NA,NA,NA,NA,NA,NA,NA,NA,NA,NA,NA,NA,NA,NA,NA,NA,NA,NA,NA,NA,NA,NA,NA,NA,NA,NA,NA,NA,NA,NA,NA,NA,NA,NA,NA,NA,NA,NA,NA,NA
EAM 7S,bulk tissue,Shell,field,South Africa,-28.8603682491987,30.9968790906942,Achatina,Arnold et al. (2013),0.715913,2.6e-5,Estimated using Coarse Map and Google Earth,wang,FALSE,NA,NA,NA,NA,NA,NA,NA,NA,NA,NA,NA,NA,NA,NA,NA,NA,NA,NA,NA,NA,NA,NA,NA,NA,NA,NA,NA,NA,NA,NA,NA,NA,NA,NA,NA,NA,NA,NA,NA,NA
EAM 8S,bulk tissue,Shell,field,South Africa,-28.8635863534939,30.9923879904022,Achatina,Arnold et al. (2013),0.714362,1.9e-5,Estimated using Coarse Map and Google Earth,wang,FALSE,NA,NA,NA,NA,NA,NA,NA,NA,NA,NA,NA,NA,NA,NA,NA,NA,NA,NA,NA,NA,NA,NA,NA,NA,NA,NA,NA,NA,NA,NA,NA,NA,NA,NA,NA,NA,NA,NA,NA,NA
EAM 9S,bulk tissue,Shell,field,South Africa,-28.8646590327868,31.0332161748753,Achatina,Arnold et al. (2013),0.715531,1.3e-5,Estimated using Coarse Map and Google Earth,wang,FALSE,NA,NA,NA,NA,NA,NA,NA,NA,NA,NA,NA,NA,NA,NA,NA,NA,NA,NA,NA,NA,NA,NA,NA,NA,NA,NA,NA,NA,NA,NA,NA,NA,NA,NA,NA,NA,NA,NA,NA,NA
26,bulk tissue,Plant,field,Zimbabwe,-21.59,29.8664,unspecified,House et al. (2021),0.7054,1.2e-5,Reported by Author,wang,FALSE,NA,NA,NA,NA,NA,NA,NA,NA,NA,NA,NA,NA,NA,NA,NA,NA,NA,NA,NA,NA,NA,NA,NA,NA,NA,NA,NA,NA,NA,NA,NA,NA,NA,NA,NA,NA,NA,NA,NA,NA
27,bulk tissue,Plant,field,Zimbabwe,-21.65,29.8931,unspecified,House et al. (2021),0.706,1e-5,Reported by Author,wang,FALSE,NA,NA,NA,NA,NA,NA,NA,NA,NA,NA,NA,NA,NA,NA,NA,NA,NA,NA,NA,NA,NA,NA,NA,NA,NA,NA,NA,NA,NA,NA,NA,NA,NA,NA,NA,NA,NA,NA,NA,NA
28,bulk tissue,Plant,field,Zimbabwe,-21.7,29.9125,unspecified,House et al. (2021),0.7072,1.3e-5,Reported by Author,wang,FALSE,NA,NA,NA,NA,NA,NA,NA,NA,NA,NA,NA,NA,NA,NA,NA,NA,NA,NA,NA,NA,NA,NA,NA,NA,NA,NA,NA,NA,NA,NA,NA,NA,NA,NA,NA,NA,NA,NA,NA,NA
29,bulk tissue,Plant,field,Zimbabwe,-21.79,29.9144,unspecified,House et al. (2021),0.7063,1.1e-5,Reported by Author,wang,FALSE,NA,NA,NA,NA,NA,NA,NA,NA,NA,NA,NA,NA,NA,NA,NA,NA,NA,NA,NA,NA,NA,NA,NA,NA,NA,NA,NA,NA,NA,NA,NA,NA,NA,NA,NA,NA,NA,NA,NA,NA
30,bulk tissue,Plant,field,Zimbabwe,-21.86,29.9025,unspecified,House et al. (2021),0.7067,9e-6,Reported by Author,wang,FALSE,NA,NA,NA,NA,NA,NA,NA,NA,NA,NA,NA,NA,NA,NA,NA,NA,NA,NA,NA,NA,NA,NA,NA,NA,NA,NA,NA,NA,NA,NA,NA,NA,NA,NA,NA,NA,NA,NA,NA,NA
RND 130919,bulk tissue,Bone,field,South Africa,-33.426709,18.304592,Procavia capensis,Lehmann et al. (2018),0.715661,1.2e-5,Reported by Author,wang,FALSE,NA,NA,NA,NA,NA,NA,NA,NA,NA,NA,NA,NA,NA,NA,NA,NA,NA,NA,NA,NA,NA,NA,NA,NA,NA,NA,NA,NA,NA,NA,NA,NA,NA,NA,NA,NA,NA,NA,NA,NA
RND130914,bulk tissue,Bone,field,South Africa,-33.426709,18.304592,Procavia capensis,Lehmann et al. (2018),0.713183,1.5e-5,Reported by Author,wang,FALSE,NA,NA,NA,NA,NA,NA,NA,NA,NA,NA,NA,NA,NA,NA,NA,NA,NA,NA,NA,NA,NA,NA,NA,NA,NA,NA,NA,NA,NA,NA,NA,NA,NA,NA,NA,NA,NA,NA,NA,NA
RND130915,bulk tissue,Bone,field,South Africa,-33.426709,18.304592,Procavia capensis,Lehmann et al. (2018),0.713116,1.1e-5,Reported by Author,wang,FALSE,NA,NA,NA,NA,NA,NA,NA,NA,NA,NA,NA,NA,NA,NA,NA,NA,NA,NA,NA,NA,NA,NA,NA,NA,NA,NA,NA,NA,NA,NA,NA,NA,NA,NA,NA,NA,NA,NA,NA,NA
RND130916,bulk tissue,Bone,field,South Africa,-33.426709,18.304592,Procavia capensis,Lehmann et al. (2018),0.713353,1e-5,Reported by Author,wang,FALSE,NA,NA,NA,NA,NA,NA,NA,NA,NA,NA,NA,NA,NA,NA,NA,NA,NA,NA,NA,NA,NA,NA,NA,NA,NA,NA,NA,NA,NA,NA,NA,NA,NA,NA,NA,NA,NA,NA,NA,NA
SA14M-500,bulk tissue,Bone,field,South Africa,-33.426709,18.304592,Psammobates geometricus,Lehmann et al. (2018),0.711421,1.3e-5,Reported by Author,wang,FALSE,NA,NA,NA,NA,NA,NA,NA,NA,NA,NA,NA,NA,NA,NA,NA,NA,NA,NA,NA,NA,NA,NA,NA,NA,NA,NA,NA,NA,NA,NA,NA,NA,NA,NA,NA,NA,NA,NA,NA,NA
Silvertree upper (granite location),bulk tissue,Plant,field,South Africa,-34.024274,18.410612,Leucadendron argenteum,Lehmann et al. (2018),0.719891,9e-6,Reported by Author,wang,FALSE,NA,NA,NA,NA,NA,NA,NA,NA,NA,NA,NA,NA,NA,NA,NA,NA,NA,NA,NA,NA,NA,NA,NA,NA,NA,NA,NA,NA,NA,NA,NA,NA,NA,NA,NA,NA,NA,NA,NA,NA
P1,bulk tissue,Plant,field,South Africa,-33.730029,18.929092,Pteridium sp.,Lehmann et al. (2018),0.7193,1.5e-5,Reported by Author,wang,FALSE,NA,NA,NA,NA,NA,NA,NA,NA,NA,NA,NA,NA,NA,NA,NA,NA,NA,NA,NA,NA,NA,NA,NA,NA,NA,NA,NA,NA,NA,NA,NA,NA,NA,NA,NA,NA,NA,NA,NA,NA
P2,bulk tissue,Plant,field,South Africa,-33.730029,18.929092,Morella serrata,Lehmann et al. (2018),0.717402,1.6e-5,Reported by Author,wang,FALSE,NA,NA,NA,NA,NA,NA,NA,NA,NA,NA,NA,NA,NA,NA,NA,NA,NA,NA,NA,NA,NA,NA,NA,NA,NA,NA,NA,NA,NA,NA,NA,NA,NA,NA,NA,NA,NA,NA,NA,NA
P3,bulk tissue,Plant,field,South Africa,-33.730029,18.929092,Searsia sp.,Lehmann et al. (2018),0.718053,1.3e-5,Reported by Author,wang,FALSE,NA,NA,NA,NA,NA,NA,NA,NA,NA,NA,NA,NA,NA,NA,NA,NA,NA,NA,NA,NA,NA,NA,NA,NA,NA,NA,NA,NA,NA,NA,NA,NA,NA,NA,NA,NA,NA,NA,NA,NA
P4,bulk tissue,Plant,field,South Africa,-33.730029,18.929092,Eriocephalus cf africanus,Lehmann et al. (2018),0.722416,1.3e-5,Reported by Author,wang,FALSE,NA,NA,NA,NA,NA,NA,NA,NA,NA,NA,NA,NA,NA,NA,NA,NA,NA,NA,NA,NA,NA,NA,NA,NA,NA,NA,NA,NA,NA,NA,NA,NA,NA,NA,NA,NA,NA,NA,NA,NA
P5,bulk tissue,Plant,field,South Africa,-33.730029,18.929092,Dodonea viscosa,Lehmann et al. (2018),0.723563,1.1e-5,Reported by Author,wang,FALSE,NA,NA,NA,NA,NA,NA,NA,NA,NA,NA,NA,NA,NA,NA,NA,NA,NA,NA,NA,NA,NA,NA,NA,NA,NA,NA,NA,NA,NA,NA,NA,NA,NA,NA,NA,NA,NA,NA,NA,NA
P6,bulk tissue,Plant,field,South Africa,-33.730029,18.929092,Protea sp.,Lehmann et al. (2018),0.722537,1.8e-5,Reported by Author,wang,FALSE,NA,NA,NA,NA,NA,NA,NA,NA,NA,NA,NA,NA,NA,NA,NA,NA,NA,NA,NA,NA,NA,NA,NA,NA,NA,NA,NA,NA,NA,NA,NA,NA,NA,NA,NA,NA,NA,NA,NA,NA
UCT 2274,bulk tissue,Bone,field,South Africa,-33.3853,18.8997,Hystrix africaeaustralis,Lehmann et al. (2018),0.715332,1.4e-5,Reported by Author,wang,FALSE,NA,NA,NA,NA,NA,NA,NA,NA,NA,NA,NA,NA,NA,NA,NA,NA,NA,NA,NA,NA,NA,NA,NA,NA,NA,NA,NA,NA,NA,NA,NA,NA,NA,NA,NA,NA,NA,NA,NA,NA
UCT 3389,bulk tissue,Bone,field,South Africa,-31.8833,25.6833,Psammobates geometricus,Lehmann et al. (2018),0.71854,1.4e-5,Reported by Author,wang,FALSE,NA,NA,NA,NA,NA,NA,NA,NA,NA,NA,NA,NA,NA,NA,NA,NA,NA,NA,NA,NA,NA,NA,NA,NA,NA,NA,NA,NA,NA,NA,NA,NA,NA,NA,NA,NA,NA,NA,NA,NA
UCT 3390,bulk tissue,Bone,field,South Africa,-31.8833,25.6833,Psammobates geometricus,Lehmann et al. (2018),0.72039,1.3e-5,Reported by Author,wang,FALSE,NA,NA,NA,NA,NA,NA,NA,NA,NA,NA,NA,NA,NA,NA,NA,NA,NA,NA,NA,NA,NA,NA,NA,NA,NA,NA,NA,NA,NA,NA,NA,NA,NA,NA,NA,NA,NA,NA,NA,NA
UCT 3392,bulk tissue,Bone,field,South Africa,-31.8833,25.6833,Psammobates geometricus,Lehmann et al. (2018),0.71841,1.1e-5,Reported by Author,wang,FALSE,NA,NA,NA,NA,NA,NA,NA,NA,NA,NA,NA,NA,NA,NA,NA,NA,NA,NA,NA,NA,NA,NA,NA,NA,NA,NA,NA,NA,NA,NA,NA,NA,NA,NA,NA,NA,NA,NA,NA,NA
SA14M-103,bulk tissue,Tooth enamel,field,South Africa,-33.1044,18.2423, Rodentia,Lehmann et al. (2018),0.710276,1e-5,Reported by Author,wang,FALSE,NA,NA,NA,NA,NA,NA,NA,NA,NA,NA,NA,NA,NA,NA,NA,NA,NA,NA,NA,NA,NA,NA,NA,NA,NA,NA,NA,NA,NA,NA,NA,NA,NA,NA,NA,NA,NA,NA,NA,NA
SA14M-106,bulk tissue,Tooth enamel,field,South Africa,-33.1044,18.2423, Rodentia,Lehmann et al. (2018),0.71031,1.4e-5,Reported by Author,wang,FALSE,NA,NA,NA,NA,NA,NA,NA,NA,NA,NA,NA,NA,NA,NA,NA,NA,NA,NA,NA,NA,NA,NA,NA,NA,NA,NA,NA,NA,NA,NA,NA,NA,NA,NA,NA,NA,NA,NA,NA,NA
UCT 130921,bulk tissue,Bone,field,South Africa,-32.158504,19.183316,Procavia capensis,Lehmann et al. (2018),0.718119,1.3e-5,Reported by Author,wang,FALSE,NA,NA,NA,NA,NA,NA,NA,NA,NA,NA,NA,NA,NA,NA,NA,NA,NA,NA,NA,NA,NA,NA,NA,NA,NA,NA,NA,NA,NA,NA,NA,NA,NA,NA,NA,NA,NA,NA,NA,NA
UCT 14347E,bulk tissue,Bone,field,South Africa,-32.158504,19.183316,Procavia capensis,Lehmann et al. (2018),0.718546,1.3e-5,Reported by Author,wang,FALSE,NA,NA,NA,NA,NA,NA,NA,NA,NA,NA,NA,NA,NA,NA,NA,NA,NA,NA,NA,NA,NA,NA,NA,NA,NA,NA,NA,NA,NA,NA,NA,NA,NA,NA,NA,NA,NA,NA,NA,NA
UCT 14347,bulk tissue,Bone,field,South Africa,-32.158504,19.183316,Procavia capensis,Lehmann et al. (2018),0.718411,1.2e-5,Reported by Author,wang,FALSE,NA,NA,NA,NA,NA,NA,NA,NA,NA,NA,NA,NA,NA,NA,NA,NA,NA,NA,NA,NA,NA,NA,NA,NA,NA,NA,NA,NA,NA,NA,NA,NA,NA,NA,NA,NA,NA,NA,NA,NA
UCT 14335,bulk tissue,Bone,field,South Africa,-32.16102,19.185062,Procavia capensis,Lehmann et al. (2018),0.714159,1.1e-5,Reported by Author,wang,FALSE,NA,NA,NA,NA,NA,NA,NA,NA,NA,NA,NA,NA,NA,NA,NA,NA,NA,NA,NA,NA,NA,NA,NA,NA,NA,NA,NA,NA,NA,NA,NA,NA,NA,NA,NA,NA,NA,NA,NA,NA
UCT 14335E,bulk tissue,Bone,field,South Africa,-32.16102,19.185062,Procavia capensis,Lehmann et al. (2018),0.714092,1.3e-5,Reported by Author,wang,FALSE,NA,NA,NA,NA,NA,NA,NA,NA,NA,NA,NA,NA,NA,NA,NA,NA,NA,NA,NA,NA,NA,NA,NA,NA,NA,NA,NA,NA,NA,NA,NA,NA,NA,NA,NA,NA,NA,NA,NA,NA
UCT 4082,bulk tissue,Tooth enamel,field,South Africa,-32.072972,19.079585,Hystrix africaeaustralis,Lehmann et al. (2018),0.718039,1.3e-5,Reported by Author,wang,FALSE,NA,NA,NA,NA,NA,NA,NA,NA,NA,NA,NA,NA,NA,NA,NA,NA,NA,NA,NA,NA,NA,NA,NA,NA,NA,NA,NA,NA,NA,NA,NA,NA,NA,NA,NA,NA,NA,NA,NA,NA
UCT 2544,bulk tissue,Bone,field,South Africa,-32.072972,19.079585,Orycteropus afer,Lehmann et al. (2018),0.716081,1.4e-5,Reported by Author,wang,FALSE,NA,NA,NA,NA,NA,NA,NA,NA,NA,NA,NA,NA,NA,NA,NA,NA,NA,NA,NA,NA,NA,NA,NA,NA,NA,NA,NA,NA,NA,NA,NA,NA,NA,NA,NA,NA,NA,NA,NA,NA
Swartkrans Member3-P1,bulk tissue,Tooth enamel,field,South Africa,-26.01895833,27.71904444,Bovidae sp.,Balter et al. (2012),0.72662,NA,Estimated using Coarse Map and Google Earth,wang,FALSE,NA,NA,NA,NA,NA,NA,NA,NA,NA,NA,NA,NA,NA,NA,NA,NA,NA,NA,NA,NA,NA,NA,NA,NA,NA,NA,NA,NA,NA,NA,NA,NA,NA,NA,NA,NA,NA,NA,NA,NA
Swartkrans Member3-P2,bulk tissue,Tooth enamel,field,South Africa,-26.01895833,27.71904444,Bovidae sp.,Balter et al. (2012),0.72856,NA,Estimated using Coarse Map and Google Earth,wang,FALSE,NA,NA,NA,NA,NA,NA,NA,NA,NA,NA,NA,NA,NA,NA,NA,NA,NA,NA,NA,NA,NA,NA,NA,NA,NA,NA,NA,NA,NA,NA,NA,NA,NA,NA,NA,NA,NA,NA,NA,NA
Swartkrans Member3-P2b,bulk tissue,Tooth enamel,field,South Africa,-26.01895833,27.71904444,Bovidae sp.,Balter et al. (2012),0.72949,NA,Estimated using Coarse Map and Google Earth,wang,FALSE,NA,NA,NA,NA,NA,NA,NA,NA,NA,NA,NA,NA,NA,NA,NA,NA,NA,NA,NA,NA,NA,NA,NA,NA,NA,NA,NA,NA,NA,NA,NA,NA,NA,NA,NA,NA,NA,NA,NA,NA
Swartkrans Member3-P3,bulk tissue,Tooth enamel,field,South Africa,-26.01895833,27.71904444,Bovidae sp.,Balter et al. (2012),0.7278,NA,Estimated using Coarse Map and Google Earth,wang,FALSE,NA,NA,NA,NA,NA,NA,NA,NA,NA,NA,NA,NA,NA,NA,NA,NA,NA,NA,NA,NA,NA,NA,NA,NA,NA,NA,NA,NA,NA,NA,NA,NA,NA,NA,NA,NA,NA,NA,NA,NA
Swartkrans Member3-P4,bulk tissue,Tooth enamel,field,South Africa,-26.01895833,27.71904444,Bovidae sp.,Balter et al. (2012),0.7314,NA,Estimated using Coarse Map and Google Earth,wang,FALSE,NA,NA,NA,NA,NA,NA,NA,NA,NA,NA,NA,NA,NA,NA,NA,NA,NA,NA,NA,NA,NA,NA,NA,NA,NA,NA,NA,NA,NA,NA,NA,NA,NA,NA,NA,NA,NA,NA,NA,NA
Sterkfontein Member5-P1,bulk tissue,Tooth enamel,field,South Africa,-26.01684167,27.73351111,Bovidae sp.,Balter et al. (2012),0.73531,NA,Estimated using Coarse Map and Google Earth,wang,FALSE,NA,NA,NA,NA,NA,NA,NA,NA,NA,NA,NA,NA,NA,NA,NA,NA,NA,NA,NA,NA,NA,NA,NA,NA,NA,NA,NA,NA,NA,NA,NA,NA,NA,NA,NA,NA,NA,NA,NA,NA
Sterkfontein Member5-P2,bulk tissue,Tooth enamel,field,South Africa,-26.01684167,27.73351111,Bovidae sp.,Balter et al. (2012),0.73409,NA,Estimated using Coarse Map and Google Earth,wang,FALSE,NA,NA,NA,NA,NA,NA,NA,NA,NA,NA,NA,NA,NA,NA,NA,NA,NA,NA,NA,NA,NA,NA,NA,NA,NA,NA,NA,NA,NA,NA,NA,NA,NA,NA,NA,NA,NA,NA,NA,NA
Sterkfontein Member5-P3,bulk tissue,Tooth enamel,field,South Africa,-26.01684167,27.73351111,Bovidae sp.,Balter et al. (2012),0.73531,NA,Estimated using Coarse Map and Google Earth,wang,FALSE,NA,NA,NA,NA,NA,NA,NA,NA,NA,NA,NA,NA,NA,NA,NA,NA,NA,NA,NA,NA,NA,NA,NA,NA,NA,NA,NA,NA,NA,NA,NA,NA,NA,NA,NA,NA,NA,NA,NA,NA
Sterkfontein Member5-P4,bulk tissue,Tooth enamel,field,South Africa,-26.01684167,27.73351111,Bovidae sp.,Balter et al. (2012),0.73632,NA,Estimated using Coarse Map and Google Earth,wang,FALSE,NA,NA,NA,NA,NA,NA,NA,NA,NA,NA,NA,NA,NA,NA,NA,NA,NA,NA,NA,NA,NA,NA,NA,NA,NA,NA,NA,NA,NA,NA,NA,NA,NA,NA,NA,NA,NA,NA,NA,NA
Sterkfontein Member5-P5,bulk tissue,Tooth enamel,field,South Africa,-26.01684167,27.73351111,Bovidae sp.,Balter et al. (2012),0.73746,NA,Estimated using Coarse Map and Google Earth,wang,FALSE,NA,NA,NA,NA,NA,NA,NA,NA,NA,NA,NA,NA,NA,NA,NA,NA,NA,NA,NA,NA,NA,NA,NA,NA,NA,NA,NA,NA,NA,NA,NA,NA,NA,NA,NA,NA,NA,NA,NA,NA
Swartkrans Member2-P1,bulk tissue,Tooth enamel,field,South Africa,-26.01895833,27.71904444,Bovidae sp.,Balter et al. (2012),0.72538,NA,Estimated using Coarse Map and Google Earth,wang,FALSE,NA,NA,NA,NA,NA,NA,NA,NA,NA,NA,NA,NA,NA,NA,NA,NA,NA,NA,NA,NA,NA,NA,NA,NA,NA,NA,NA,NA,NA,NA,NA,NA,NA,NA,NA,NA,NA,NA,NA,NA
Swartkrans Member2-P2,bulk tissue,Tooth enamel,field,South Africa,-26.01895833,27.71904444,Bovidae sp.,Balter et al. (2012),0.72452,NA,Estimated using Coarse Map and Google Earth,wang,FALSE,NA,NA,NA,NA,NA,NA,NA,NA,NA,NA,NA,NA,NA,NA,NA,NA,NA,NA,NA,NA,NA,NA,NA,NA,NA,NA,NA,NA,NA,NA,NA,NA,NA,NA,NA,NA,NA,NA,NA,NA
Swartkrans Member2-P3,bulk tissue,Tooth enamel,field,South Africa,-26.01895833,27.71904444,Bovidae sp.,Balter et al. (2012),0.72228,NA,Estimated using Coarse Map and Google Earth,wang,FALSE,NA,NA,NA,NA,NA,NA,NA,NA,NA,NA,NA,NA,NA,NA,NA,NA,NA,NA,NA,NA,NA,NA,NA,NA,NA,NA,NA,NA,NA,NA,NA,NA,NA,NA,NA,NA,NA,NA,NA,NA
Swartkrans Member2-P3b,bulk tissue,Tooth enamel,field,South Africa,-26.01895833,27.71904444,Bovidae sp.,Balter et al. (2012),0.72519,NA,Estimated using Coarse Map and Google Earth,wang,FALSE,NA,NA,NA,NA,NA,NA,NA,NA,NA,NA,NA,NA,NA,NA,NA,NA,NA,NA,NA,NA,NA,NA,NA,NA,NA,NA,NA,NA,NA,NA,NA,NA,NA,NA,NA,NA,NA,NA,NA,NA
Swartkrans Member2-P4,bulk tissue,Tooth enamel,field,South Africa,-26.01895833,27.71904444,Bovidae sp.,Balter et al. (2012),0.72804,NA,Estimated using Coarse Map and Google Earth,wang,FALSE,NA,NA,NA,NA,NA,NA,NA,NA,NA,NA,NA,NA,NA,NA,NA,NA,NA,NA,NA,NA,NA,NA,NA,NA,NA,NA,NA,NA,NA,NA,NA,NA,NA,NA,NA,NA,NA,NA,NA,NA
A1,bulk tissue,Plant,field,South Africa,-34.12444,21.93392,unspecified,Copeland et al. (2016),0.71043,NA,Reported by Author,wang,FALSE,NA,NA,NA,NA,NA,NA,NA,NA,NA,NA,NA,NA,NA,NA,NA,NA,NA,NA,NA,NA,NA,NA,NA,NA,NA,NA,NA,NA,NA,NA,NA,NA,NA,NA,NA,NA,NA,NA,NA,NA
A2,bulk tissue,Plant,field,South Africa,-34.09036,21.89961,unspecified,Copeland et al. (2016),0.7113,NA,Reported by Author,wang,FALSE,NA,NA,NA,NA,NA,NA,NA,NA,NA,NA,NA,NA,NA,NA,NA,NA,NA,NA,NA,NA,NA,NA,NA,NA,NA,NA,NA,NA,NA,NA,NA,NA,NA,NA,NA,NA,NA,NA,NA,NA
A3,bulk tissue,Plant,field,South Africa,-34.07372,21.7655,unspecified,Copeland et al. (2016),0.71274,NA,Reported by Author,wang,FALSE,NA,NA,NA,NA,NA,NA,NA,NA,NA,NA,NA,NA,NA,NA,NA,NA,NA,NA,NA,NA,NA,NA,NA,NA,NA,NA,NA,NA,NA,NA,NA,NA,NA,NA,NA,NA,NA,NA,NA,NA
A4,bulk tissue,Plant,field,South Africa,-34.05275,21.75194,unspecified,Copeland et al. (2016),0.71166,NA,Reported by Author,wang,FALSE,NA,NA,NA,NA,NA,NA,NA,NA,NA,NA,NA,NA,NA,NA,NA,NA,NA,NA,NA,NA,NA,NA,NA,NA,NA,NA,NA,NA,NA,NA,NA,NA,NA,NA,NA,NA,NA,NA,NA,NA
A5,bulk tissue,Plant,field,South Africa,-34.1725,21.8035,unspecified,Copeland et al. (2016),0.71117,NA,Reported by Author,wang,FALSE,NA,NA,NA,NA,NA,NA,NA,NA,NA,NA,NA,NA,NA,NA,NA,NA,NA,NA,NA,NA,NA,NA,NA,NA,NA,NA,NA,NA,NA,NA,NA,NA,NA,NA,NA,NA,NA,NA,NA,NA
A6,bulk tissue,Plant,field,South Africa,-34.04764,22.04581,unspecified,Copeland et al. (2016),0.71208,NA,Reported by Author,wang,FALSE,NA,NA,NA,NA,NA,NA,NA,NA,NA,NA,NA,NA,NA,NA,NA,NA,NA,NA,NA,NA,NA,NA,NA,NA,NA,NA,NA,NA,NA,NA,NA,NA,NA,NA,NA,NA,NA,NA,NA,NA
A7,bulk tissue,Plant,field,South Africa,-34.03444,22.03964,unspecified,Copeland et al. (2016),0.71394,NA,Reported by Author,wang,FALSE,NA,NA,NA,NA,NA,NA,NA,NA,NA,NA,NA,NA,NA,NA,NA,NA,NA,NA,NA,NA,NA,NA,NA,NA,NA,NA,NA,NA,NA,NA,NA,NA,NA,NA,NA,NA,NA,NA,NA,NA
A8,bulk tissue,Plant,field,South Africa,-34.00469,21.99261,unspecified,Copeland et al. (2016),0.71108,NA,Reported by Author,wang,FALSE,NA,NA,NA,NA,NA,NA,NA,NA,NA,NA,NA,NA,NA,NA,NA,NA,NA,NA,NA,NA,NA,NA,NA,NA,NA,NA,NA,NA,NA,NA,NA,NA,NA,NA,NA,NA,NA,NA,NA,NA
A9,bulk tissue,Plant,field,South Africa,-33.88978,22.02447,unspecified,Copeland et al. (2016),0.71232,NA,Reported by Author,wang,FALSE,NA,NA,NA,NA,NA,NA,NA,NA,NA,NA,NA,NA,NA,NA,NA,NA,NA,NA,NA,NA,NA,NA,NA,NA,NA,NA,NA,NA,NA,NA,NA,NA,NA,NA,NA,NA,NA,NA,NA,NA
A10,bulk tissue,Plant,field,South Africa,-33.87297,22.03111,unspecified,Copeland et al. (2016),0.71323,NA,Reported by Author,wang,FALSE,NA,NA,NA,NA,NA,NA,NA,NA,NA,NA,NA,NA,NA,NA,NA,NA,NA,NA,NA,NA,NA,NA,NA,NA,NA,NA,NA,NA,NA,NA,NA,NA,NA,NA,NA,NA,NA,NA,NA,NA
A11,bulk tissue,Plant,field,South Africa,-34.02633,22.06908,unspecified,Copeland et al. (2016),0.71442,NA,Reported by Author,wang,FALSE,NA,NA,NA,NA,NA,NA,NA,NA,NA,NA,NA,NA,NA,NA,NA,NA,NA,NA,NA,NA,NA,NA,NA,NA,NA,NA,NA,NA,NA,NA,NA,NA,NA,NA,NA,NA,NA,NA,NA,NA
A12,bulk tissue,Plant,field,South Africa,-34.14178,22.03564,unspecified,Copeland et al. (2016),0.71036,NA,Reported by Author,wang,FALSE,NA,NA,NA,NA,NA,NA,NA,NA,NA,NA,NA,NA,NA,NA,NA,NA,NA,NA,NA,NA,NA,NA,NA,NA,NA,NA,NA,NA,NA,NA,NA,NA,NA,NA,NA,NA,NA,NA,NA,NA
A13,bulk tissue,Plant,field,South Africa,-34.32767,21.80256,unspecified,Copeland et al. (2016),0.70973,NA,Reported by Author,wang,FALSE,NA,NA,NA,NA,NA,NA,NA,NA,NA,NA,NA,NA,NA,NA,NA,NA,NA,NA,NA,NA,NA,NA,NA,NA,NA,NA,NA,NA,NA,NA,NA,NA,NA,NA,NA,NA,NA,NA,NA,NA
A14,bulk tissue,Plant,field,South Africa,-34.354,21.65681,unspecified,Copeland et al. (2016),0.70973,NA,Reported by Author,wang,FALSE,NA,NA,NA,NA,NA,NA,NA,NA,NA,NA,NA,NA,NA,NA,NA,NA,NA,NA,NA,NA,NA,NA,NA,NA,NA,NA,NA,NA,NA,NA,NA,NA,NA,NA,NA,NA,NA,NA,NA,NA
A15,bulk tissue,Plant,field,South Africa,-34.20914,21.68472,unspecified,Copeland et al. (2016),0.71014,NA,Reported by Author,wang,FALSE,NA,NA,NA,NA,NA,NA,NA,NA,NA,NA,NA,NA,NA,NA,NA,NA,NA,NA,NA,NA,NA,NA,NA,NA,NA,NA,NA,NA,NA,NA,NA,NA,NA,NA,NA,NA,NA,NA,NA,NA
A16,bulk tissue,Plant,field,South Africa,-34.14383,21.54564,unspecified,Copeland et al. (2016),0.71175,NA,Reported by Author,wang,FALSE,NA,NA,NA,NA,NA,NA,NA,NA,NA,NA,NA,NA,NA,NA,NA,NA,NA,NA,NA,NA,NA,NA,NA,NA,NA,NA,NA,NA,NA,NA,NA,NA,NA,NA,NA,NA,NA,NA,NA,NA
A17,bulk tissue,Plant,field,South Africa,-34.05614,22.23653,unspecified,Copeland et al. (2016),0.70935,NA,Reported by Author,wang,FALSE,NA,NA,NA,NA,NA,NA,NA,NA,NA,NA,NA,NA,NA,NA,NA,NA,NA,NA,NA,NA,NA,NA,NA,NA,NA,NA,NA,NA,NA,NA,NA,NA,NA,NA,NA,NA,NA,NA,NA,NA
A18,bulk tissue,Plant,field,South Africa,-34.05822,22.37014,unspecified,Copeland et al. (2016),0.70954,NA,Reported by Author,wang,FALSE,NA,NA,NA,NA,NA,NA,NA,NA,NA,NA,NA,NA,NA,NA,NA,NA,NA,NA,NA,NA,NA,NA,NA,NA,NA,NA,NA,NA,NA,NA,NA,NA,NA,NA,NA,NA,NA,NA,NA,NA
A19,bulk tissue,Plant,field,South Africa,-33.97086,22.54819,unspecified,Copeland et al. (2016),0.71569,NA,Reported by Author,wang,FALSE,NA,NA,NA,NA,NA,NA,NA,NA,NA,NA,NA,NA,NA,NA,NA,NA,NA,NA,NA,NA,NA,NA,NA,NA,NA,NA,NA,NA,NA,NA,NA,NA,NA,NA,NA,NA,NA,NA,NA,NA
A20,bulk tissue,Plant,field,South Africa,-33.98086,22.57753,unspecified,Copeland et al. (2016),0.71178,NA,Reported by Author,wang,FALSE,NA,NA,NA,NA,NA,NA,NA,NA,NA,NA,NA,NA,NA,NA,NA,NA,NA,NA,NA,NA,NA,NA,NA,NA,NA,NA,NA,NA,NA,NA,NA,NA,NA,NA,NA,NA,NA,NA,NA,NA
A21,bulk tissue,Plant,field,South Africa,-33.97256,22.57525,unspecified,Copeland et al. (2016),0.71085,NA,Reported by Author,wang,FALSE,NA,NA,NA,NA,NA,NA,NA,NA,NA,NA,NA,NA,NA,NA,NA,NA,NA,NA,NA,NA,NA,NA,NA,NA,NA,NA,NA,NA,NA,NA,NA,NA,NA,NA,NA,NA,NA,NA,NA,NA
A22,bulk tissue,Plant,field,South Africa,-33.996,22.55681,unspecified,Copeland et al. (2016),0.71268,NA,Reported by Author,wang,FALSE,NA,NA,NA,NA,NA,NA,NA,NA,NA,NA,NA,NA,NA,NA,NA,NA,NA,NA,NA,NA,NA,NA,NA,NA,NA,NA,NA,NA,NA,NA,NA,NA,NA,NA,NA,NA,NA,NA,NA,NA
A23,bulk tissue,Plant,field,South Africa,-33.88314,22.43114,unspecified,Copeland et al. (2016),0.71607,NA,Reported by Author,wang,FALSE,NA,NA,NA,NA,NA,NA,NA,NA,NA,NA,NA,NA,NA,NA,NA,NA,NA,NA,NA,NA,NA,NA,NA,NA,NA,NA,NA,NA,NA,NA,NA,NA,NA,NA,NA,NA,NA,NA,NA,NA
A24,bulk tissue,Plant,field,South Africa,-33.89322,22.42278,unspecified,Copeland et al. (2016),0.71581,NA,Reported by Author,wang,FALSE,NA,NA,NA,NA,NA,NA,NA,NA,NA,NA,NA,NA,NA,NA,NA,NA,NA,NA,NA,NA,NA,NA,NA,NA,NA,NA,NA,NA,NA,NA,NA,NA,NA,NA,NA,NA,NA,NA,NA,NA
A25,bulk tissue,Plant,field,South Africa,-34.0465,22.31131,unspecified,Copeland et al. (2016),0.71057,NA,Reported by Author,wang,FALSE,NA,NA,NA,NA,NA,NA,NA,NA,NA,NA,NA,NA,NA,NA,NA,NA,NA,NA,NA,NA,NA,NA,NA,NA,NA,NA,NA,NA,NA,NA,NA,NA,NA,NA,NA,NA,NA,NA,NA,NA
A26,bulk tissue,Plant,field,South Africa,-33.53492,22.27769,unspecified,Copeland et al. (2016),0.71424,NA,Reported by Author,wang,FALSE,NA,NA,NA,NA,NA,NA,NA,NA,NA,NA,NA,NA,NA,NA,NA,NA,NA,NA,NA,NA,NA,NA,NA,NA,NA,NA,NA,NA,NA,NA,NA,NA,NA,NA,NA,NA,NA,NA,NA,NA
A27,bulk tissue,Plant,field,South Africa,-33.51817,22.32253,unspecified,Copeland et al. (2016),0.7145,NA,Reported by Author,wang,FALSE,NA,NA,NA,NA,NA,NA,NA,NA,NA,NA,NA,NA,NA,NA,NA,NA,NA,NA,NA,NA,NA,NA,NA,NA,NA,NA,NA,NA,NA,NA,NA,NA,NA,NA,NA,NA,NA,NA,NA,NA
A28,bulk tissue,Plant,field,South Africa,-33.46089,22.25492,unspecified,Copeland et al. (2016),0.71872,NA,Reported by Author,wang,FALSE,NA,NA,NA,NA,NA,NA,NA,NA,NA,NA,NA,NA,NA,NA,NA,NA,NA,NA,NA,NA,NA,NA,NA,NA,NA,NA,NA,NA,NA,NA,NA,NA,NA,NA,NA,NA,NA,NA,NA,NA
A29,bulk tissue,Plant,field,South Africa,-33.42719,22.25128,unspecified,Copeland et al. (2016),0.71954,NA,Reported by Author,wang,FALSE,NA,NA,NA,NA,NA,NA,NA,NA,NA,NA,NA,NA,NA,NA,NA,NA,NA,NA,NA,NA,NA,NA,NA,NA,NA,NA,NA,NA,NA,NA,NA,NA,NA,NA,NA,NA,NA,NA,NA,NA
A30,bulk tissue,Plant,field,South Africa,-33.39644,22.11922,unspecified,Copeland et al. (2016),0.71772,NA,Reported by Author,wang,FALSE,NA,NA,NA,NA,NA,NA,NA,NA,NA,NA,NA,NA,NA,NA,NA,NA,NA,NA,NA,NA,NA,NA,NA,NA,NA,NA,NA,NA,NA,NA,NA,NA,NA,NA,NA,NA,NA,NA,NA,NA
A31,bulk tissue,Plant,field,South Africa,-33.36447,22.09286,unspecified,Copeland et al. (2016),0.71686,NA,Reported by Author,wang,FALSE,NA,NA,NA,NA,NA,NA,NA,NA,NA,NA,NA,NA,NA,NA,NA,NA,NA,NA,NA,NA,NA,NA,NA,NA,NA,NA,NA,NA,NA,NA,NA,NA,NA,NA,NA,NA,NA,NA,NA,NA
A32,bulk tissue,Plant,field,South Africa,-33.65625,22.16019,unspecified,Copeland et al. (2016),0.71658,NA,Reported by Author,wang,FALSE,NA,NA,NA,NA,NA,NA,NA,NA,NA,NA,NA,NA,NA,NA,NA,NA,NA,NA,NA,NA,NA,NA,NA,NA,NA,NA,NA,NA,NA,NA,NA,NA,NA,NA,NA,NA,NA,NA,NA,NA
A33,bulk tissue,Plant,field,South Africa,-33.68458,22.14847,unspecified,Copeland et al. (2016),0.71521,NA,Reported by Author,wang,FALSE,NA,NA,NA,NA,NA,NA,NA,NA,NA,NA,NA,NA,NA,NA,NA,NA,NA,NA,NA,NA,NA,NA,NA,NA,NA,NA,NA,NA,NA,NA,NA,NA,NA,NA,NA,NA,NA,NA,NA,NA
A34,bulk tissue,Plant,field,South Africa,-33.72347,22.11733,unspecified,Copeland et al. (2016),0.71545,NA,Reported by Author,wang,FALSE,NA,NA,NA,NA,NA,NA,NA,NA,NA,NA,NA,NA,NA,NA,NA,NA,NA,NA,NA,NA,NA,NA,NA,NA,NA,NA,NA,NA,NA,NA,NA,NA,NA,NA,NA,NA,NA,NA,NA,NA
A35,bulk tissue,Plant,field,South Africa,-33.75025,22.092,unspecified,Copeland et al. (2016),0.71459,NA,Reported by Author,wang,FALSE,NA,NA,NA,NA,NA,NA,NA,NA,NA,NA,NA,NA,NA,NA,NA,NA,NA,NA,NA,NA,NA,NA,NA,NA,NA,NA,NA,NA,NA,NA,NA,NA,NA,NA,NA,NA,NA,NA,NA,NA
A36,bulk tissue,Plant,field,South Africa,-34.21039,22.00444,unspecified,Copeland et al. (2016),0.70928,NA,Reported by Author,wang,FALSE,NA,NA,NA,NA,NA,NA,NA,NA,NA,NA,NA,NA,NA,NA,NA,NA,NA,NA,NA,NA,NA,NA,NA,NA,NA,NA,NA,NA,NA,NA,NA,NA,NA,NA,NA,NA,NA,NA,NA,NA
A37,bulk tissue,Plant,field,South Africa,-34.21017,22.00478,unspecified,Copeland et al. (2016),0.7093,NA,Reported by Author,wang,FALSE,NA,NA,NA,NA,NA,NA,NA,NA,NA,NA,NA,NA,NA,NA,NA,NA,NA,NA,NA,NA,NA,NA,NA,NA,NA,NA,NA,NA,NA,NA,NA,NA,NA,NA,NA,NA,NA,NA,NA,NA
A38,bulk tissue,Plant,field,South Africa,-34.21203,21.99672,unspecified,Copeland et al. (2016),0.70932,NA,Reported by Author,wang,FALSE,NA,NA,NA,NA,NA,NA,NA,NA,NA,NA,NA,NA,NA,NA,NA,NA,NA,NA,NA,NA,NA,NA,NA,NA,NA,NA,NA,NA,NA,NA,NA,NA,NA,NA,NA,NA,NA,NA,NA,NA
A39,bulk tissue,Plant,field,South Africa,-34.20767,22.01156,unspecified,Copeland et al. (2016),0.70934,NA,Reported by Author,wang,FALSE,NA,NA,NA,NA,NA,NA,NA,NA,NA,NA,NA,NA,NA,NA,NA,NA,NA,NA,NA,NA,NA,NA,NA,NA,NA,NA,NA,NA,NA,NA,NA,NA,NA,NA,NA,NA,NA,NA,NA,NA
A40,bulk tissue,Plant,field,South Africa,-34.06603,22.05486,unspecified,Copeland et al. (2016),0.71284,NA,Reported by Author,wang,FALSE,NA,NA,NA,NA,NA,NA,NA,NA,NA,NA,NA,NA,NA,NA,NA,NA,NA,NA,NA,NA,NA,NA,NA,NA,NA,NA,NA,NA,NA,NA,NA,NA,NA,NA,NA,NA,NA,NA,NA,NA
A41,bulk tissue,Plant,field,South Africa,-33.995,21.97792,unspecified,Copeland et al. (2016),0.71588,NA,Reported by Author,wang,FALSE,NA,NA,NA,NA,NA,NA,NA,NA,NA,NA,NA,NA,NA,NA,NA,NA,NA,NA,NA,NA,NA,NA,NA,NA,NA,NA,NA,NA,NA,NA,NA,NA,NA,NA,NA,NA,NA,NA,NA,NA
A42,bulk tissue,Plant,field,South Africa,-34.07225,21.90767,unspecified,Copeland et al. (2016),0.71045,NA,Reported by Author,wang,FALSE,NA,NA,NA,NA,NA,NA,NA,NA,NA,NA,NA,NA,NA,NA,NA,NA,NA,NA,NA,NA,NA,NA,NA,NA,NA,NA,NA,NA,NA,NA,NA,NA,NA,NA,NA,NA,NA,NA,NA,NA
A43,bulk tissue,Plant,field,South Africa,-34.07628,21.77039,unspecified,Copeland et al. (2016),0.714,NA,Reported by Author,wang,FALSE,NA,NA,NA,NA,NA,NA,NA,NA,NA,NA,NA,NA,NA,NA,NA,NA,NA,NA,NA,NA,NA,NA,NA,NA,NA,NA,NA,NA,NA,NA,NA,NA,NA,NA,NA,NA,NA,NA,NA,NA
A44-1,bulk tissue,Plant,field,South Africa,-34.0345,22.32164,unspecified,Copeland et al. (2016),0.71103,NA,Reported by Author,wang,FALSE,NA,NA,NA,NA,NA,NA,NA,NA,NA,NA,NA,NA,NA,NA,NA,NA,NA,NA,NA,NA,NA,NA,NA,NA,NA,NA,NA,NA,NA,NA,NA,NA,NA,NA,NA,NA,NA,NA,NA,NA
A44-2,bulk tissue,Plant,field,South Africa,-34.0345,22.32164,unspecified,Copeland et al. (2016),0.71042,NA,Reported by Author,wang,FALSE,NA,NA,NA,NA,NA,NA,NA,NA,NA,NA,NA,NA,NA,NA,NA,NA,NA,NA,NA,NA,NA,NA,NA,NA,NA,NA,NA,NA,NA,NA,NA,NA,NA,NA,NA,NA,NA,NA,NA,NA
A45,bulk tissue,Plant,field,South Africa,-34.02019,22.35578,unspecified,Copeland et al. (2016),0.71188,NA,Reported by Author,wang,FALSE,NA,NA,NA,NA,NA,NA,NA,NA,NA,NA,NA,NA,NA,NA,NA,NA,NA,NA,NA,NA,NA,NA,NA,NA,NA,NA,NA,NA,NA,NA,NA,NA,NA,NA,NA,NA,NA,NA,NA,NA
A46,bulk tissue,Plant,field,South Africa,-33.99631,22.56172,unspecified,Copeland et al. (2016),0.71002,NA,Reported by Author,wang,FALSE,NA,NA,NA,NA,NA,NA,NA,NA,NA,NA,NA,NA,NA,NA,NA,NA,NA,NA,NA,NA,NA,NA,NA,NA,NA,NA,NA,NA,NA,NA,NA,NA,NA,NA,NA,NA,NA,NA,NA,NA
A47,bulk tissue,Plant,field,South Africa,-33.99158,22.64639,unspecified,Copeland et al. (2016),0.70971,NA,Reported by Author,wang,FALSE,NA,NA,NA,NA,NA,NA,NA,NA,NA,NA,NA,NA,NA,NA,NA,NA,NA,NA,NA,NA,NA,NA,NA,NA,NA,NA,NA,NA,NA,NA,NA,NA,NA,NA,NA,NA,NA,NA,NA,NA
A48,bulk tissue,Plant,field,South Africa,-33.99003,22.83461,unspecified,Copeland et al. (2016),0.7106,NA,Reported by Author,wang,FALSE,NA,NA,NA,NA,NA,NA,NA,NA,NA,NA,NA,NA,NA,NA,NA,NA,NA,NA,NA,NA,NA,NA,NA,NA,NA,NA,NA,NA,NA,NA,NA,NA,NA,NA,NA,NA,NA,NA,NA,NA
A49,bulk tissue,Plant,field,South Africa,-34.02836,22.83772,unspecified,Copeland et al. (2016),0.70939,NA,Reported by Author,wang,FALSE,NA,NA,NA,NA,NA,NA,NA,NA,NA,NA,NA,NA,NA,NA,NA,NA,NA,NA,NA,NA,NA,NA,NA,NA,NA,NA,NA,NA,NA,NA,NA,NA,NA,NA,NA,NA,NA,NA,NA,NA
A50,bulk tissue,Plant,field,South Africa,-34.03192,22.83856,unspecified,Copeland et al. (2016),0.70936,NA,Reported by Author,wang,FALSE,NA,NA,NA,NA,NA,NA,NA,NA,NA,NA,NA,NA,NA,NA,NA,NA,NA,NA,NA,NA,NA,NA,NA,NA,NA,NA,NA,NA,NA,NA,NA,NA,NA,NA,NA,NA,NA,NA,NA,NA
A51,bulk tissue,Plant,field,South Africa,-34.07949,23.06161,unspecified,Copeland et al. (2016),0.70932,NA,Reported by Author,wang,FALSE,NA,NA,NA,NA,NA,NA,NA,NA,NA,NA,NA,NA,NA,NA,NA,NA,NA,NA,NA,NA,NA,NA,NA,NA,NA,NA,NA,NA,NA,NA,NA,NA,NA,NA,NA,NA,NA,NA,NA,NA
A52,bulk tissue,Plant,field,South Africa,-34.07389,23.064,unspecified,Copeland et al. (2016),0.70973,NA,Reported by Author,wang,FALSE,NA,NA,NA,NA,NA,NA,NA,NA,NA,NA,NA,NA,NA,NA,NA,NA,NA,NA,NA,NA,NA,NA,NA,NA,NA,NA,NA,NA,NA,NA,NA,NA,NA,NA,NA,NA,NA,NA,NA,NA
A53,bulk tissue,Plant,field,South Africa,-34.181,22.13378,unspecified,Copeland et al. (2016),0.71145,NA,Reported by Author,wang,FALSE,NA,NA,NA,NA,NA,NA,NA,NA,NA,NA,NA,NA,NA,NA,NA,NA,NA,NA,NA,NA,NA,NA,NA,NA,NA,NA,NA,NA,NA,NA,NA,NA,NA,NA,NA,NA,NA,NA,NA,NA
A54,bulk tissue,Plant,field,South Africa,-34.17431,22.12767,unspecified,Copeland et al. (2016),0.71052,NA,Reported by Author,wang,FALSE,NA,NA,NA,NA,NA,NA,NA,NA,NA,NA,NA,NA,NA,NA,NA,NA,NA,NA,NA,NA,NA,NA,NA,NA,NA,NA,NA,NA,NA,NA,NA,NA,NA,NA,NA,NA,NA,NA,NA,NA
A55,bulk tissue,Plant,field,South Africa,-34.16558,22.11011,unspecified,Copeland et al. (2016),0.71165,NA,Reported by Author,wang,FALSE,NA,NA,NA,NA,NA,NA,NA,NA,NA,NA,NA,NA,NA,NA,NA,NA,NA,NA,NA,NA,NA,NA,NA,NA,NA,NA,NA,NA,NA,NA,NA,NA,NA,NA,NA,NA,NA,NA,NA,NA
A56,bulk tissue,Plant,field,South Africa,-34.12192,22.09886,unspecified,Copeland et al. (2016),0.71014,NA,Reported by Author,wang,FALSE,NA,NA,NA,NA,NA,NA,NA,NA,NA,NA,NA,NA,NA,NA,NA,NA,NA,NA,NA,NA,NA,NA,NA,NA,NA,NA,NA,NA,NA,NA,NA,NA,NA,NA,NA,NA,NA,NA,NA,NA
A57,bulk tissue,Plant,field,South Africa,-34.11814,22.09692,unspecified,Copeland et al. (2016),0.71013,NA,Reported by Author,wang,FALSE,NA,NA,NA,NA,NA,NA,NA,NA,NA,NA,NA,NA,NA,NA,NA,NA,NA,NA,NA,NA,NA,NA,NA,NA,NA,NA,NA,NA,NA,NA,NA,NA,NA,NA,NA,NA,NA,NA,NA,NA
A58,bulk tissue,Plant,field,South Africa,-34.11644,22.01769,unspecified,Copeland et al. (2016),0.71082,NA,Reported by Author,wang,FALSE,NA,NA,NA,NA,NA,NA,NA,NA,NA,NA,NA,NA,NA,NA,NA,NA,NA,NA,NA,NA,NA,NA,NA,NA,NA,NA,NA,NA,NA,NA,NA,NA,NA,NA,NA,NA,NA,NA,NA,NA
A59,bulk tissue,Plant,field,South Africa,-34.11592,22.01575,unspecified,Copeland et al. (2016),0.71085,NA,Reported by Author,wang,FALSE,NA,NA,NA,NA,NA,NA,NA,NA,NA,NA,NA,NA,NA,NA,NA,NA,NA,NA,NA,NA,NA,NA,NA,NA,NA,NA,NA,NA,NA,NA,NA,NA,NA,NA,NA,NA,NA,NA,NA,NA
A60,bulk tissue,Plant,field,South Africa,-34.18633,22.15608,unspecified,Copeland et al. (2016),0.71017,NA,Reported by Author,wang,FALSE,NA,NA,NA,NA,NA,NA,NA,NA,NA,NA,NA,NA,NA,NA,NA,NA,NA,NA,NA,NA,NA,NA,NA,NA,NA,NA,NA,NA,NA,NA,NA,NA,NA,NA,NA,NA,NA,NA,NA,NA
A61,bulk tissue,Plant,field,South Africa,-34.18722,22.15133,unspecified,Copeland et al. (2016),0.70941,NA,Reported by Author,wang,FALSE,NA,NA,NA,NA,NA,NA,NA,NA,NA,NA,NA,NA,NA,NA,NA,NA,NA,NA,NA,NA,NA,NA,NA,NA,NA,NA,NA,NA,NA,NA,NA,NA,NA,NA,NA,NA,NA,NA,NA,NA
A62,bulk tissue,Plant,field,South Africa,-34.18908,22.15025,unspecified,Copeland et al. (2016),0.70969,NA,Reported by Author,wang,FALSE,NA,NA,NA,NA,NA,NA,NA,NA,NA,NA,NA,NA,NA,NA,NA,NA,NA,NA,NA,NA,NA,NA,NA,NA,NA,NA,NA,NA,NA,NA,NA,NA,NA,NA,NA,NA,NA,NA,NA,NA
A63,bulk tissue,Plant,field,South Africa,-34.20664,22.09095,unspecified,Copeland et al. (2016),0.70924,NA,Reported by Author,wang,FALSE,NA,NA,NA,NA,NA,NA,NA,NA,NA,NA,NA,NA,NA,NA,NA,NA,NA,NA,NA,NA,NA,NA,NA,NA,NA,NA,NA,NA,NA,NA,NA,NA,NA,NA,NA,NA,NA,NA,NA,NA
A64,bulk tissue,Plant,field,South Africa,-34.20631,22.09128,unspecified,Copeland et al. (2016),0.70944,NA,Reported by Author,wang,FALSE,NA,NA,NA,NA,NA,NA,NA,NA,NA,NA,NA,NA,NA,NA,NA,NA,NA,NA,NA,NA,NA,NA,NA,NA,NA,NA,NA,NA,NA,NA,NA,NA,NA,NA,NA,NA,NA,NA,NA,NA
A65,bulk tissue,Plant,field,South Africa,-34.19861,22.09903,unspecified,Copeland et al. (2016),0.7096,NA,Reported by Author,wang,FALSE,NA,NA,NA,NA,NA,NA,NA,NA,NA,NA,NA,NA,NA,NA,NA,NA,NA,NA,NA,NA,NA,NA,NA,NA,NA,NA,NA,NA,NA,NA,NA,NA,NA,NA,NA,NA,NA,NA,NA,NA
A66,bulk tissue,Plant,field,South Africa,-34.15592,22.09844,unspecified,Copeland et al. (2016),0.71014,NA,Reported by Author,wang,FALSE,NA,NA,NA,NA,NA,NA,NA,NA,NA,NA,NA,NA,NA,NA,NA,NA,NA,NA,NA,NA,NA,NA,NA,NA,NA,NA,NA,NA,NA,NA,NA,NA,NA,NA,NA,NA,NA,NA,NA,NA
A67,bulk tissue,Plant,field,South Africa,-34.15403,22.0955,unspecified,Copeland et al. (2016),0.71067,NA,Reported by Author,wang,FALSE,NA,NA,NA,NA,NA,NA,NA,NA,NA,NA,NA,NA,NA,NA,NA,NA,NA,NA,NA,NA,NA,NA,NA,NA,NA,NA,NA,NA,NA,NA,NA,NA,NA,NA,NA,NA,NA,NA,NA,NA
A68,bulk tissue,Plant,field,South Africa,-34.17975,21.98494,unspecified,Copeland et al. (2016),0.71018,NA,Reported by Author,wang,FALSE,NA,NA,NA,NA,NA,NA,NA,NA,NA,NA,NA,NA,NA,NA,NA,NA,NA,NA,NA,NA,NA,NA,NA,NA,NA,NA,NA,NA,NA,NA,NA,NA,NA,NA,NA,NA,NA,NA,NA,NA
A69,bulk tissue,Plant,field,South Africa,-34.30147,21.94278,unspecified,Copeland et al. (2016),0.70923,NA,Reported by Author,wang,FALSE,NA,NA,NA,NA,NA,NA,NA,NA,NA,NA,NA,NA,NA,NA,NA,NA,NA,NA,NA,NA,NA,NA,NA,NA,NA,NA,NA,NA,NA,NA,NA,NA,NA,NA,NA,NA,NA,NA,NA,NA
A70,bulk tissue,Plant,field,South Africa,-34.30147,21.94278,unspecified,Copeland et al. (2016),0.70929,NA,Reported by Author,wang,FALSE,NA,NA,NA,NA,NA,NA,NA,NA,NA,NA,NA,NA,NA,NA,NA,NA,NA,NA,NA,NA,NA,NA,NA,NA,NA,NA,NA,NA,NA,NA,NA,NA,NA,NA,NA,NA,NA,NA,NA,NA
A71,bulk tissue,Plant,field,South Africa,-34.29122,21.89503,unspecified,Copeland et al. (2016),0.70978,NA,Reported by Author,wang,FALSE,NA,NA,NA,NA,NA,NA,NA,NA,NA,NA,NA,NA,NA,NA,NA,NA,NA,NA,NA,NA,NA,NA,NA,NA,NA,NA,NA,NA,NA,NA,NA,NA,NA,NA,NA,NA,NA,NA,NA,NA
A72,bulk tissue,Plant,field,South Africa,-34.28815,21.39893,unspecified,Copeland et al. (2016),0.70952,NA,Reported by Author,wang,FALSE,NA,NA,NA,NA,NA,NA,NA,NA,NA,NA,NA,NA,NA,NA,NA,NA,NA,NA,NA,NA,NA,NA,NA,NA,NA,NA,NA,NA,NA,NA,NA,NA,NA,NA,NA,NA,NA,NA,NA,NA
A73,bulk tissue,Plant,field,South Africa,-34.30615,21.3502,unspecified,Copeland et al. (2016),0.70976,NA,Reported by Author,wang,FALSE,NA,NA,NA,NA,NA,NA,NA,NA,NA,NA,NA,NA,NA,NA,NA,NA,NA,NA,NA,NA,NA,NA,NA,NA,NA,NA,NA,NA,NA,NA,NA,NA,NA,NA,NA,NA,NA,NA,NA,NA
A74,bulk tissue,Plant,field,South Africa,-34.30478,21.3426,unspecified,Copeland et al. (2016),0.71003,NA,Reported by Author,wang,FALSE,NA,NA,NA,NA,NA,NA,NA,NA,NA,NA,NA,NA,NA,NA,NA,NA,NA,NA,NA,NA,NA,NA,NA,NA,NA,NA,NA,NA,NA,NA,NA,NA,NA,NA,NA,NA,NA,NA,NA,NA
A75-1,bulk tissue,Plant,field,South Africa,-34.3518,21.41393,unspecified,Copeland et al. (2016),0.70932,NA,Reported by Author,wang,FALSE,NA,NA,NA,NA,NA,NA,NA,NA,NA,NA,NA,NA,NA,NA,NA,NA,NA,NA,NA,NA,NA,NA,NA,NA,NA,NA,NA,NA,NA,NA,NA,NA,NA,NA,NA,NA,NA,NA,NA,NA
A75-2,bulk tissue,Plant,field,South Africa,-34.3518,21.41393,unspecified,Copeland et al. (2016),0.70951,NA,Reported by Author,wang,FALSE,NA,NA,NA,NA,NA,NA,NA,NA,NA,NA,NA,NA,NA,NA,NA,NA,NA,NA,NA,NA,NA,NA,NA,NA,NA,NA,NA,NA,NA,NA,NA,NA,NA,NA,NA,NA,NA,NA,NA,NA
A76,bulk tissue,Plant,field,South Africa,-34.41567,21.32251,unspecified,Copeland et al. (2016),0.70949,NA,Reported by Author,wang,FALSE,NA,NA,NA,NA,NA,NA,NA,NA,NA,NA,NA,NA,NA,NA,NA,NA,NA,NA,NA,NA,NA,NA,NA,NA,NA,NA,NA,NA,NA,NA,NA,NA,NA,NA,NA,NA,NA,NA,NA,NA
A77,bulk tissue,Plant,field,South Africa,-34.42227,21.34846,unspecified,Copeland et al. (2016),0.70924,NA,Reported by Author,wang,FALSE,NA,NA,NA,NA,NA,NA,NA,NA,NA,NA,NA,NA,NA,NA,NA,NA,NA,NA,NA,NA,NA,NA,NA,NA,NA,NA,NA,NA,NA,NA,NA,NA,NA,NA,NA,NA,NA,NA,NA,NA
A78,bulk tissue,Plant,field,South Africa,-34.21874,21.35583,unspecified,Copeland et al. (2016),0.71012,NA,Reported by Author,wang,FALSE,NA,NA,NA,NA,NA,NA,NA,NA,NA,NA,NA,NA,NA,NA,NA,NA,NA,NA,NA,NA,NA,NA,NA,NA,NA,NA,NA,NA,NA,NA,NA,NA,NA,NA,NA,NA,NA,NA,NA,NA
A79,bulk tissue,Plant,field,South Africa,-34.16281,21.30804,unspecified,Copeland et al. (2016),0.71292,NA,Reported by Author,wang,FALSE,NA,NA,NA,NA,NA,NA,NA,NA,NA,NA,NA,NA,NA,NA,NA,NA,NA,NA,NA,NA,NA,NA,NA,NA,NA,NA,NA,NA,NA,NA,NA,NA,NA,NA,NA,NA,NA,NA,NA,NA
A80,bulk tissue,Plant,field,South Africa,-34.15661,21.12836,unspecified,Copeland et al. (2016),0.71199,NA,Reported by Author,wang,FALSE,NA,NA,NA,NA,NA,NA,NA,NA,NA,NA,NA,NA,NA,NA,NA,NA,NA,NA,NA,NA,NA,NA,NA,NA,NA,NA,NA,NA,NA,NA,NA,NA,NA,NA,NA,NA,NA,NA,NA,NA
A81,bulk tissue,Plant,field,South Africa,-34.18539,21.05481,unspecified,Copeland et al. (2016),0.71314,NA,Reported by Author,wang,FALSE,NA,NA,NA,NA,NA,NA,NA,NA,NA,NA,NA,NA,NA,NA,NA,NA,NA,NA,NA,NA,NA,NA,NA,NA,NA,NA,NA,NA,NA,NA,NA,NA,NA,NA,NA,NA,NA,NA,NA,NA
A82,bulk tissue,Plant,field,South Africa,-34.25174,20.99251,unspecified,Copeland et al. (2016),0.71422,NA,Reported by Author,wang,FALSE,NA,NA,NA,NA,NA,NA,NA,NA,NA,NA,NA,NA,NA,NA,NA,NA,NA,NA,NA,NA,NA,NA,NA,NA,NA,NA,NA,NA,NA,NA,NA,NA,NA,NA,NA,NA,NA,NA,NA,NA
A83,bulk tissue,Plant,field,South Africa,-34.41722,20.80147,unspecified,Copeland et al. (2016),0.71019,NA,Reported by Author,wang,FALSE,NA,NA,NA,NA,NA,NA,NA,NA,NA,NA,NA,NA,NA,NA,NA,NA,NA,NA,NA,NA,NA,NA,NA,NA,NA,NA,NA,NA,NA,NA,NA,NA,NA,NA,NA,NA,NA,NA,NA,NA
A84,bulk tissue,Plant,field,South Africa,-34.42434,20.85718,unspecified,Copeland et al. (2016),0.70977,NA,Reported by Author,wang,FALSE,NA,NA,NA,NA,NA,NA,NA,NA,NA,NA,NA,NA,NA,NA,NA,NA,NA,NA,NA,NA,NA,NA,NA,NA,NA,NA,NA,NA,NA,NA,NA,NA,NA,NA,NA,NA,NA,NA,NA,NA
A85,bulk tissue,Plant,field,South Africa,-34.42387,20.77439,unspecified,Copeland et al. (2016),0.70948,NA,Reported by Author,wang,FALSE,NA,NA,NA,NA,NA,NA,NA,NA,NA,NA,NA,NA,NA,NA,NA,NA,NA,NA,NA,NA,NA,NA,NA,NA,NA,NA,NA,NA,NA,NA,NA,NA,NA,NA,NA,NA,NA,NA,NA,NA
A86,bulk tissue,Plant,field,South Africa,-34.42532,20.77479,unspecified,Copeland et al. (2016),0.70953,NA,Reported by Author,wang,FALSE,NA,NA,NA,NA,NA,NA,NA,NA,NA,NA,NA,NA,NA,NA,NA,NA,NA,NA,NA,NA,NA,NA,NA,NA,NA,NA,NA,NA,NA,NA,NA,NA,NA,NA,NA,NA,NA,NA,NA,NA
A87,bulk tissue,Plant,field,South Africa,-34.35448,20.60041,unspecified,Copeland et al. (2016),0.71169,NA,Reported by Author,wang,FALSE,NA,NA,NA,NA,NA,NA,NA,NA,NA,NA,NA,NA,NA,NA,NA,NA,NA,NA,NA,NA,NA,NA,NA,NA,NA,NA,NA,NA,NA,NA,NA,NA,NA,NA,NA,NA,NA,NA,NA,NA
A88,bulk tissue,Plant,field,South Africa,-34.35334,20.60034,unspecified,Copeland et al. (2016),0.71322,NA,Reported by Author,wang,FALSE,NA,NA,NA,NA,NA,NA,NA,NA,NA,NA,NA,NA,NA,NA,NA,NA,NA,NA,NA,NA,NA,NA,NA,NA,NA,NA,NA,NA,NA,NA,NA,NA,NA,NA,NA,NA,NA,NA,NA,NA
A89,bulk tissue,Plant,field,South Africa,-34.42058,20.23291,unspecified,Copeland et al. (2016),0.71208,NA,Reported by Author,wang,FALSE,NA,NA,NA,NA,NA,NA,NA,NA,NA,NA,NA,NA,NA,NA,NA,NA,NA,NA,NA,NA,NA,NA,NA,NA,NA,NA,NA,NA,NA,NA,NA,NA,NA,NA,NA,NA,NA,NA,NA,NA
A90,bulk tissue,Plant,field,South Africa,-34.51284,20.0719,unspecified,Copeland et al. (2016),0.70949,NA,Reported by Author,wang,FALSE,NA,NA,NA,NA,NA,NA,NA,NA,NA,NA,NA,NA,NA,NA,NA,NA,NA,NA,NA,NA,NA,NA,NA,NA,NA,NA,NA,NA,NA,NA,NA,NA,NA,NA,NA,NA,NA,NA,NA,NA
A92,bulk tissue,Plant,field,South Africa,-34.64742,20.20946,unspecified,Copeland et al. (2016),0.70933,NA,Reported by Author,wang,FALSE,NA,NA,NA,NA,NA,NA,NA,NA,NA,NA,NA,NA,NA,NA,NA,NA,NA,NA,NA,NA,NA,NA,NA,NA,NA,NA,NA,NA,NA,NA,NA,NA,NA,NA,NA,NA,NA,NA,NA,NA
A93,bulk tissue,Plant,field,South Africa,-34.66859,20.22796,unspecified,Copeland et al. (2016),0.70922,NA,Reported by Author,wang,FALSE,NA,NA,NA,NA,NA,NA,NA,NA,NA,NA,NA,NA,NA,NA,NA,NA,NA,NA,NA,NA,NA,NA,NA,NA,NA,NA,NA,NA,NA,NA,NA,NA,NA,NA,NA,NA,NA,NA,NA,NA
A94,bulk tissue,Plant,field,South Africa,-34.64209,20.20302,unspecified,Copeland et al. (2016),0.7096,NA,Reported by Author,wang,FALSE,NA,NA,NA,NA,NA,NA,NA,NA,NA,NA,NA,NA,NA,NA,NA,NA,NA,NA,NA,NA,NA,NA,NA,NA,NA,NA,NA,NA,NA,NA,NA,NA,NA,NA,NA,NA,NA,NA,NA,NA
A95,bulk tissue,Plant,field,South Africa,-34.72469,20.02952,unspecified,Copeland et al. (2016),0.70941,NA,Reported by Author,wang,FALSE,NA,NA,NA,NA,NA,NA,NA,NA,NA,NA,NA,NA,NA,NA,NA,NA,NA,NA,NA,NA,NA,NA,NA,NA,NA,NA,NA,NA,NA,NA,NA,NA,NA,NA,NA,NA,NA,NA,NA,NA
A96,bulk tissue,Plant,field,South Africa,-34.83299,20.00032,unspecified,Copeland et al. (2016),0.70924,NA,Reported by Author,wang,FALSE,NA,NA,NA,NA,NA,NA,NA,NA,NA,NA,NA,NA,NA,NA,NA,NA,NA,NA,NA,NA,NA,NA,NA,NA,NA,NA,NA,NA,NA,NA,NA,NA,NA,NA,NA,NA,NA,NA,NA,NA
A97,bulk tissue,Plant,field,South Africa,-33.76803,22.34217,unspecified,Copeland et al. (2016),0.71301,NA,Reported by Author,wang,FALSE,NA,NA,NA,NA,NA,NA,NA,NA,NA,NA,NA,NA,NA,NA,NA,NA,NA,NA,NA,NA,NA,NA,NA,NA,NA,NA,NA,NA,NA,NA,NA,NA,NA,NA,NA,NA,NA,NA,NA,NA
A98,bulk tissue,Plant,field,South Africa,-33.57545,22.21759,unspecified,Copeland et al. (2016),0.7146,NA,Reported by Author,wang,FALSE,NA,NA,NA,NA,NA,NA,NA,NA,NA,NA,NA,NA,NA,NA,NA,NA,NA,NA,NA,NA,NA,NA,NA,NA,NA,NA,NA,NA,NA,NA,NA,NA,NA,NA,NA,NA,NA,NA,NA,NA
A99,bulk tissue,Plant,field,South Africa,-33.4267,22.25354,unspecified,Copeland et al. (2016),0.71985,NA,Reported by Author,wang,FALSE,NA,NA,NA,NA,NA,NA,NA,NA,NA,NA,NA,NA,NA,NA,NA,NA,NA,NA,NA,NA,NA,NA,NA,NA,NA,NA,NA,NA,NA,NA,NA,NA,NA,NA,NA,NA,NA,NA,NA,NA
A100,bulk tissue,Plant,field,South Africa,-33.95756,22.53742,unspecified,Copeland et al. (2016),0.71289,NA,Reported by Author,wang,FALSE,NA,NA,NA,NA,NA,NA,NA,NA,NA,NA,NA,NA,NA,NA,NA,NA,NA,NA,NA,NA,NA,NA,NA,NA,NA,NA,NA,NA,NA,NA,NA,NA,NA,NA,NA,NA,NA,NA,NA,NA
A101,bulk tissue,Plant,field,South Africa,-33.95756,22.53742,unspecified,Copeland et al. (2016),0.71301,NA,Reported by Author,wang,FALSE,NA,NA,NA,NA,NA,NA,NA,NA,NA,NA,NA,NA,NA,NA,NA,NA,NA,NA,NA,NA,NA,NA,NA,NA,NA,NA,NA,NA,NA,NA,NA,NA,NA,NA,NA,NA,NA,NA,NA,NA
A102,bulk tissue,Plant,field,South Africa,-34.02617,22.99744,unspecified,Copeland et al. (2016),0.71162,NA,Reported by Author,wang,FALSE,NA,NA,NA,NA,NA,NA,NA,NA,NA,NA,NA,NA,NA,NA,NA,NA,NA,NA,NA,NA,NA,NA,NA,NA,NA,NA,NA,NA,NA,NA,NA,NA,NA,NA,NA,NA,NA,NA,NA,NA
A103,bulk tissue,Plant,field,South Africa,-34.01177,23.11215,unspecified,Copeland et al. (2016),0.71076,NA,Reported by Author,wang,FALSE,NA,NA,NA,NA,NA,NA,NA,NA,NA,NA,NA,NA,NA,NA,NA,NA,NA,NA,NA,NA,NA,NA,NA,NA,NA,NA,NA,NA,NA,NA,NA,NA,NA,NA,NA,NA,NA,NA,NA,NA
A104,bulk tissue,Plant,field,South Africa,-34.00311,23.11801,unspecified,Copeland et al. (2016),0.71077,NA,Reported by Author,wang,FALSE,NA,NA,NA,NA,NA,NA,NA,NA,NA,NA,NA,NA,NA,NA,NA,NA,NA,NA,NA,NA,NA,NA,NA,NA,NA,NA,NA,NA,NA,NA,NA,NA,NA,NA,NA,NA,NA,NA,NA,NA
A105,bulk tissue,Plant,field,South Africa,-33.97749,23.1381,unspecified,Copeland et al. (2016),0.71066,NA,Reported by Author,wang,FALSE,NA,NA,NA,NA,NA,NA,NA,NA,NA,NA,NA,NA,NA,NA,NA,NA,NA,NA,NA,NA,NA,NA,NA,NA,NA,NA,NA,NA,NA,NA,NA,NA,NA,NA,NA,NA,NA,NA,NA,NA
A106,bulk tissue,Plant,field,South Africa,-33.92806,23.16015,unspecified,Copeland et al. (2016),0.7119,NA,Reported by Author,wang,FALSE,NA,NA,NA,NA,NA,NA,NA,NA,NA,NA,NA,NA,NA,NA,NA,NA,NA,NA,NA,NA,NA,NA,NA,NA,NA,NA,NA,NA,NA,NA,NA,NA,NA,NA,NA,NA,NA,NA,NA,NA
A107,bulk tissue,Plant,field,South Africa,-33.88012,23.15617,unspecified,Copeland et al. (2016),0.71204,NA,Reported by Author,wang,FALSE,NA,NA,NA,NA,NA,NA,NA,NA,NA,NA,NA,NA,NA,NA,NA,NA,NA,NA,NA,NA,NA,NA,NA,NA,NA,NA,NA,NA,NA,NA,NA,NA,NA,NA,NA,NA,NA,NA,NA,NA
A108,bulk tissue,Plant,field,South Africa,-33.80072,23.17797,unspecified,Copeland et al. (2016),0.71444,NA,Reported by Author,wang,FALSE,NA,NA,NA,NA,NA,NA,NA,NA,NA,NA,NA,NA,NA,NA,NA,NA,NA,NA,NA,NA,NA,NA,NA,NA,NA,NA,NA,NA,NA,NA,NA,NA,NA,NA,NA,NA,NA,NA,NA,NA
A109,bulk tissue,Plant,field,South Africa,-33.80072,23.17797,unspecified,Copeland et al. (2016),0.71394,NA,Reported by Author,wang,FALSE,NA,NA,NA,NA,NA,NA,NA,NA,NA,NA,NA,NA,NA,NA,NA,NA,NA,NA,NA,NA,NA,NA,NA,NA,NA,NA,NA,NA,NA,NA,NA,NA,NA,NA,NA,NA,NA,NA,NA,NA
A110,bulk tissue,Plant,field,South Africa,-33.70648,23.16404,unspecified,Copeland et al. (2016),0.71303,NA,Reported by Author,wang,FALSE,NA,NA,NA,NA,NA,NA,NA,NA,NA,NA,NA,NA,NA,NA,NA,NA,NA,NA,NA,NA,NA,NA,NA,NA,NA,NA,NA,NA,NA,NA,NA,NA,NA,NA,NA,NA,NA,NA,NA,NA
A111,bulk tissue,Plant,field,South Africa,-33.60233,23.14848,unspecified,Copeland et al. (2016),0.71544,NA,Reported by Author,wang,FALSE,NA,NA,NA,NA,NA,NA,NA,NA,NA,NA,NA,NA,NA,NA,NA,NA,NA,NA,NA,NA,NA,NA,NA,NA,NA,NA,NA,NA,NA,NA,NA,NA,NA,NA,NA,NA,NA,NA,NA,NA
A112,bulk tissue,Plant,field,South Africa,-33.53827,23.18449,unspecified,Copeland et al. (2016),0.71639,NA,Reported by Author,wang,FALSE,NA,NA,NA,NA,NA,NA,NA,NA,NA,NA,NA,NA,NA,NA,NA,NA,NA,NA,NA,NA,NA,NA,NA,NA,NA,NA,NA,NA,NA,NA,NA,NA,NA,NA,NA,NA,NA,NA,NA,NA
A113,bulk tissue,Plant,field,South Africa,-33.49756,23.2688,unspecified,Copeland et al. (2016),0.71738,NA,Reported by Author,wang,FALSE,NA,NA,NA,NA,NA,NA,NA,NA,NA,NA,NA,NA,NA,NA,NA,NA,NA,NA,NA,NA,NA,NA,NA,NA,NA,NA,NA,NA,NA,NA,NA,NA,NA,NA,NA,NA,NA,NA,NA,NA
A114,bulk tissue,Plant,field,South Africa,-33.45144,23.31222,unspecified,Copeland et al. (2016),0.71727,NA,Reported by Author,wang,FALSE,NA,NA,NA,NA,NA,NA,NA,NA,NA,NA,NA,NA,NA,NA,NA,NA,NA,NA,NA,NA,NA,NA,NA,NA,NA,NA,NA,NA,NA,NA,NA,NA,NA,NA,NA,NA,NA,NA,NA,NA
A115,bulk tissue,Plant,field,South Africa,-33.33303,23.44917,unspecified,Copeland et al. (2016),0.71717,NA,Reported by Author,wang,FALSE,NA,NA,NA,NA,NA,NA,NA,NA,NA,NA,NA,NA,NA,NA,NA,NA,NA,NA,NA,NA,NA,NA,NA,NA,NA,NA,NA,NA,NA,NA,NA,NA,NA,NA,NA,NA,NA,NA,NA,NA
A116,bulk tissue,Plant,field,South Africa,-33.28625,23.24341,unspecified,Copeland et al. (2016),0.72092,NA,Reported by Author,wang,FALSE,NA,NA,NA,NA,NA,NA,NA,NA,NA,NA,NA,NA,NA,NA,NA,NA,NA,NA,NA,NA,NA,NA,NA,NA,NA,NA,NA,NA,NA,NA,NA,NA,NA,NA,NA,NA,NA,NA,NA,NA
A117,bulk tissue,Plant,field,South Africa,-33.34693,23.10308,unspecified,Copeland et al. (2016),0.7237,NA,Reported by Author,wang,FALSE,NA,NA,NA,NA,NA,NA,NA,NA,NA,NA,NA,NA,NA,NA,NA,NA,NA,NA,NA,NA,NA,NA,NA,NA,NA,NA,NA,NA,NA,NA,NA,NA,NA,NA,NA,NA,NA,NA,NA,NA
A118,bulk tissue,Plant,field,South Africa,-33.33512,22.91318,unspecified,Copeland et al. (2016),0.72276,NA,Reported by Author,wang,FALSE,NA,NA,NA,NA,NA,NA,NA,NA,NA,NA,NA,NA,NA,NA,NA,NA,NA,NA,NA,NA,NA,NA,NA,NA,NA,NA,NA,NA,NA,NA,NA,NA,NA,NA,NA,NA,NA,NA,NA,NA
A119,bulk tissue,Plant,field,South Africa,-33.36319,22.78554,unspecified,Copeland et al. (2016),0.72072,NA,Reported by Author,wang,FALSE,NA,NA,NA,NA,NA,NA,NA,NA,NA,NA,NA,NA,NA,NA,NA,NA,NA,NA,NA,NA,NA,NA,NA,NA,NA,NA,NA,NA,NA,NA,NA,NA,NA,NA,NA,NA,NA,NA,NA,NA
A120,bulk tissue,Plant,field,South Africa,-33.34998,22.56484,unspecified,Copeland et al. (2016),0.72093,NA,Reported by Author,wang,FALSE,NA,NA,NA,NA,NA,NA,NA,NA,NA,NA,NA,NA,NA,NA,NA,NA,NA,NA,NA,NA,NA,NA,NA,NA,NA,NA,NA,NA,NA,NA,NA,NA,NA,NA,NA,NA,NA,NA,NA,NA
A121,bulk tissue,Plant,field,South Africa,-33.26257,22.06516,unspecified,Copeland et al. (2016),0.72098,NA,Reported by Author,wang,FALSE,NA,NA,NA,NA,NA,NA,NA,NA,NA,NA,NA,NA,NA,NA,NA,NA,NA,NA,NA,NA,NA,NA,NA,NA,NA,NA,NA,NA,NA,NA,NA,NA,NA,NA,NA,NA,NA,NA,NA,NA
A122,bulk tissue,Plant,field,South Africa,-33.27806,22.26727,unspecified,Copeland et al. (2016),0.72335,NA,Reported by Author,wang,FALSE,NA,NA,NA,NA,NA,NA,NA,NA,NA,NA,NA,NA,NA,NA,NA,NA,NA,NA,NA,NA,NA,NA,NA,NA,NA,NA,NA,NA,NA,NA,NA,NA,NA,NA,NA,NA,NA,NA,NA,NA
A123,bulk tissue,Plant,field,South Africa,-33.38822,22.55869,unspecified,Copeland et al. (2016),0.71681,NA,Reported by Author,wang,FALSE,NA,NA,NA,NA,NA,NA,NA,NA,NA,NA,NA,NA,NA,NA,NA,NA,NA,NA,NA,NA,NA,NA,NA,NA,NA,NA,NA,NA,NA,NA,NA,NA,NA,NA,NA,NA,NA,NA,NA,NA
A124,bulk tissue,Plant,field,South Africa,-33.45535,22.56075,unspecified,Copeland et al. (2016),0.72544,NA,Reported by Author,wang,FALSE,NA,NA,NA,NA,NA,NA,NA,NA,NA,NA,NA,NA,NA,NA,NA,NA,NA,NA,NA,NA,NA,NA,NA,NA,NA,NA,NA,NA,NA,NA,NA,NA,NA,NA,NA,NA,NA,NA,NA,NA
A125,bulk tissue,Plant,field,South Africa,-33.49469,22.52277,unspecified,Copeland et al. (2016),0.71681,NA,Reported by Author,wang,FALSE,NA,NA,NA,NA,NA,NA,NA,NA,NA,NA,NA,NA,NA,NA,NA,NA,NA,NA,NA,NA,NA,NA,NA,NA,NA,NA,NA,NA,NA,NA,NA,NA,NA,NA,NA,NA,NA,NA,NA,NA
A126,bulk tissue,Plant,field,South Africa,-33.58585,22.27856,unspecified,Copeland et al. (2016),0.71423,NA,Reported by Author,wang,FALSE,NA,NA,NA,NA,NA,NA,NA,NA,NA,NA,NA,NA,NA,NA,NA,NA,NA,NA,NA,NA,NA,NA,NA,NA,NA,NA,NA,NA,NA,NA,NA,NA,NA,NA,NA,NA,NA,NA,NA,NA
A127,bulk tissue,Plant,field,South Africa,-33.47681,22.63945,unspecified,Copeland et al. (2016),0.71971,NA,Reported by Author,wang,FALSE,NA,NA,NA,NA,NA,NA,NA,NA,NA,NA,NA,NA,NA,NA,NA,NA,NA,NA,NA,NA,NA,NA,NA,NA,NA,NA,NA,NA,NA,NA,NA,NA,NA,NA,NA,NA,NA,NA,NA,NA
A128,bulk tissue,Plant,field,South Africa,-33.54955,22.74959,unspecified,Copeland et al. (2016),0.71634,NA,Reported by Author,wang,FALSE,NA,NA,NA,NA,NA,NA,NA,NA,NA,NA,NA,NA,NA,NA,NA,NA,NA,NA,NA,NA,NA,NA,NA,NA,NA,NA,NA,NA,NA,NA,NA,NA,NA,NA,NA,NA,NA,NA,NA,NA
A129,bulk tissue,Plant,field,South Africa,-33.53585,22.85377,unspecified,Copeland et al. (2016),0.71776,NA,Reported by Author,wang,FALSE,NA,NA,NA,NA,NA,NA,NA,NA,NA,NA,NA,NA,NA,NA,NA,NA,NA,NA,NA,NA,NA,NA,NA,NA,NA,NA,NA,NA,NA,NA,NA,NA,NA,NA,NA,NA,NA,NA,NA,NA
A130,bulk tissue,Plant,field,South Africa,-33.48437,23.02711,unspecified,Copeland et al. (2016),0.71761,NA,Reported by Author,wang,FALSE,NA,NA,NA,NA,NA,NA,NA,NA,NA,NA,NA,NA,NA,NA,NA,NA,NA,NA,NA,NA,NA,NA,NA,NA,NA,NA,NA,NA,NA,NA,NA,NA,NA,NA,NA,NA,NA,NA,NA,NA
A131,bulk tissue,Plant,field,South Africa,-33.55603,23.1062,unspecified,Copeland et al. (2016),0.71425,NA,Reported by Author,wang,FALSE,NA,NA,NA,NA,NA,NA,NA,NA,NA,NA,NA,NA,NA,NA,NA,NA,NA,NA,NA,NA,NA,NA,NA,NA,NA,NA,NA,NA,NA,NA,NA,NA,NA,NA,NA,NA,NA,NA,NA,NA
A132,bulk tissue,Plant,field,South Africa,-33.68425,23.06829,unspecified,Copeland et al. (2016),0.71441,NA,Reported by Author,wang,FALSE,NA,NA,NA,NA,NA,NA,NA,NA,NA,NA,NA,NA,NA,NA,NA,NA,NA,NA,NA,NA,NA,NA,NA,NA,NA,NA,NA,NA,NA,NA,NA,NA,NA,NA,NA,NA,NA,NA,NA,NA
A133,bulk tissue,Plant,field,South Africa,-33.74219,23.00222,unspecified,Copeland et al. (2016),0.7147,NA,Reported by Author,wang,FALSE,NA,NA,NA,NA,NA,NA,NA,NA,NA,NA,NA,NA,NA,NA,NA,NA,NA,NA,NA,NA,NA,NA,NA,NA,NA,NA,NA,NA,NA,NA,NA,NA,NA,NA,NA,NA,NA,NA,NA,NA
A134,bulk tissue,Plant,field,South Africa,-33.77272,22.76576,unspecified,Copeland et al. (2016),0.71469,NA,Reported by Author,wang,FALSE,NA,NA,NA,NA,NA,NA,NA,NA,NA,NA,NA,NA,NA,NA,NA,NA,NA,NA,NA,NA,NA,NA,NA,NA,NA,NA,NA,NA,NA,NA,NA,NA,NA,NA,NA,NA,NA,NA,NA,NA
A135,bulk tissue,Plant,field,South Africa,-33.80466,22.59647,unspecified,Copeland et al. (2016),0.71242,NA,Reported by Author,wang,FALSE,NA,NA,NA,NA,NA,NA,NA,NA,NA,NA,NA,NA,NA,NA,NA,NA,NA,NA,NA,NA,NA,NA,NA,NA,NA,NA,NA,NA,NA,NA,NA,NA,NA,NA,NA,NA,NA,NA,NA,NA
A136,bulk tissue,Plant,field,South Africa,-33.82771,22.40289,unspecified,Copeland et al. (2016),0.71286,NA,Reported by Author,wang,FALSE,NA,NA,NA,NA,NA,NA,NA,NA,NA,NA,NA,NA,NA,NA,NA,NA,NA,NA,NA,NA,NA,NA,NA,NA,NA,NA,NA,NA,NA,NA,NA,NA,NA,NA,NA,NA,NA,NA,NA,NA
A137,bulk tissue,Plant,field,South Africa,-33.78119,22.3418,unspecified,Copeland et al. (2016),0.71466,NA,Reported by Author,wang,FALSE,NA,NA,NA,NA,NA,NA,NA,NA,NA,NA,NA,NA,NA,NA,NA,NA,NA,NA,NA,NA,NA,NA,NA,NA,NA,NA,NA,NA,NA,NA,NA,NA,NA,NA,NA,NA,NA,NA,NA,NA
A138,bulk tissue,Plant,field,South Africa,-33.6952,22.28057,unspecified,Copeland et al. (2016),0.71809,NA,Reported by Author,wang,FALSE,NA,NA,NA,NA,NA,NA,NA,NA,NA,NA,NA,NA,NA,NA,NA,NA,NA,NA,NA,NA,NA,NA,NA,NA,NA,NA,NA,NA,NA,NA,NA,NA,NA,NA,NA,NA,NA,NA,NA,NA
A139,bulk tissue,Plant,field,South Africa,-33.58959,21.994,unspecified,Copeland et al. (2016),0.71361,NA,Reported by Author,wang,FALSE,NA,NA,NA,NA,NA,NA,NA,NA,NA,NA,NA,NA,NA,NA,NA,NA,NA,NA,NA,NA,NA,NA,NA,NA,NA,NA,NA,NA,NA,NA,NA,NA,NA,NA,NA,NA,NA,NA,NA,NA
A140,bulk tissue,Plant,field,South Africa,-33.54582,21.83374,unspecified,Copeland et al. (2016),0.71463,NA,Reported by Author,wang,FALSE,NA,NA,NA,NA,NA,NA,NA,NA,NA,NA,NA,NA,NA,NA,NA,NA,NA,NA,NA,NA,NA,NA,NA,NA,NA,NA,NA,NA,NA,NA,NA,NA,NA,NA,NA,NA,NA,NA,NA,NA
A141,bulk tissue,Plant,field,South Africa,-33.49899,21.62595,unspecified,Copeland et al. (2016),0.72016,NA,Reported by Author,wang,FALSE,NA,NA,NA,NA,NA,NA,NA,NA,NA,NA,NA,NA,NA,NA,NA,NA,NA,NA,NA,NA,NA,NA,NA,NA,NA,NA,NA,NA,NA,NA,NA,NA,NA,NA,NA,NA,NA,NA,NA,NA
A142,bulk tissue,Plant,field,South Africa,-33.4915,21.44253,unspecified,Copeland et al. (2016),0.71948,NA,Reported by Author,wang,FALSE,NA,NA,NA,NA,NA,NA,NA,NA,NA,NA,NA,NA,NA,NA,NA,NA,NA,NA,NA,NA,NA,NA,NA,NA,NA,NA,NA,NA,NA,NA,NA,NA,NA,NA,NA,NA,NA,NA,NA,NA
A143,bulk tissue,Plant,field,South Africa,-33.51808,21.25657,unspecified,Copeland et al. (2016),0.71802,NA,Reported by Author,wang,FALSE,NA,NA,NA,NA,NA,NA,NA,NA,NA,NA,NA,NA,NA,NA,NA,NA,NA,NA,NA,NA,NA,NA,NA,NA,NA,NA,NA,NA,NA,NA,NA,NA,NA,NA,NA,NA,NA,NA,NA,NA
A144,bulk tissue,Plant,field,South Africa,-33.69096,21.16573,unspecified,Copeland et al. (2016),0.71638,NA,Reported by Author,wang,FALSE,NA,NA,NA,NA,NA,NA,NA,NA,NA,NA,NA,NA,NA,NA,NA,NA,NA,NA,NA,NA,NA,NA,NA,NA,NA,NA,NA,NA,NA,NA,NA,NA,NA,NA,NA,NA,NA,NA,NA,NA
A145,bulk tissue,Plant,field,South Africa,-33.85786,21.20661,unspecified,Copeland et al. (2016),0.71353,NA,Reported by Author,wang,FALSE,NA,NA,NA,NA,NA,NA,NA,NA,NA,NA,NA,NA,NA,NA,NA,NA,NA,NA,NA,NA,NA,NA,NA,NA,NA,NA,NA,NA,NA,NA,NA,NA,NA,NA,NA,NA,NA,NA,NA,NA
A146,bulk tissue,Plant,field,South Africa,-33.96419,21.22259,unspecified,Copeland et al. (2016),0.71268,NA,Reported by Author,wang,FALSE,NA,NA,NA,NA,NA,NA,NA,NA,NA,NA,NA,NA,NA,NA,NA,NA,NA,NA,NA,NA,NA,NA,NA,NA,NA,NA,NA,NA,NA,NA,NA,NA,NA,NA,NA,NA,NA,NA,NA,NA
A147,bulk tissue,Plant,field,South Africa,-34.02743,21.22751,unspecified,Copeland et al. (2016),0.71515,NA,Reported by Author,wang,FALSE,NA,NA,NA,NA,NA,NA,NA,NA,NA,NA,NA,NA,NA,NA,NA,NA,NA,NA,NA,NA,NA,NA,NA,NA,NA,NA,NA,NA,NA,NA,NA,NA,NA,NA,NA,NA,NA,NA,NA,NA
A148,bulk tissue,Plant,field,South Africa,-34.06805,21.34616,unspecified,Copeland et al. (2016),0.71715,NA,Reported by Author,wang,FALSE,NA,NA,NA,NA,NA,NA,NA,NA,NA,NA,NA,NA,NA,NA,NA,NA,NA,NA,NA,NA,NA,NA,NA,NA,NA,NA,NA,NA,NA,NA,NA,NA,NA,NA,NA,NA,NA,NA,NA,NA
A149,bulk tissue,Plant,field,South Africa,-34.0563,21.50597,unspecified,Copeland et al. (2016),0.71238,NA,Reported by Author,wang,FALSE,NA,NA,NA,NA,NA,NA,NA,NA,NA,NA,NA,NA,NA,NA,NA,NA,NA,NA,NA,NA,NA,NA,NA,NA,NA,NA,NA,NA,NA,NA,NA,NA,NA,NA,NA,NA,NA,NA,NA,NA
A150,bulk tissue,Plant,field,South Africa,-34.05799,21.60051,unspecified,Copeland et al. (2016),0.71502,NA,Reported by Author,wang,FALSE,NA,NA,NA,NA,NA,NA,NA,NA,NA,NA,NA,NA,NA,NA,NA,NA,NA,NA,NA,NA,NA,NA,NA,NA,NA,NA,NA,NA,NA,NA,NA,NA,NA,NA,NA,NA,NA,NA,NA,NA
A151,bulk tissue,Plant,field,South Africa,-33.98059,21.65497,unspecified,Copeland et al. (2016),0.7162,NA,Reported by Author,wang,FALSE,NA,NA,NA,NA,NA,NA,NA,NA,NA,NA,NA,NA,NA,NA,NA,NA,NA,NA,NA,NA,NA,NA,NA,NA,NA,NA,NA,NA,NA,NA,NA,NA,NA,NA,NA,NA,NA,NA,NA,NA
A152,bulk tissue,Plant,field,South Africa,-34.01129,21.76444,unspecified,Copeland et al. (2016),0.71246,NA,Reported by Author,wang,FALSE,NA,NA,NA,NA,NA,NA,NA,NA,NA,NA,NA,NA,NA,NA,NA,NA,NA,NA,NA,NA,NA,NA,NA,NA,NA,NA,NA,NA,NA,NA,NA,NA,NA,NA,NA,NA,NA,NA,NA,NA
A153,bulk tissue,Plant,field,South Africa,-33.90909,21.65456,unspecified,Copeland et al. (2016),0.71458,NA,Reported by Author,wang,FALSE,NA,NA,NA,NA,NA,NA,NA,NA,NA,NA,NA,NA,NA,NA,NA,NA,NA,NA,NA,NA,NA,NA,NA,NA,NA,NA,NA,NA,NA,NA,NA,NA,NA,NA,NA,NA,NA,NA,NA,NA
A154,bulk tissue,Plant,field,South Africa,-33.90922,21.65347,unspecified,Copeland et al. (2016),0.71606,NA,Reported by Author,wang,FALSE,NA,NA,NA,NA,NA,NA,NA,NA,NA,NA,NA,NA,NA,NA,NA,NA,NA,NA,NA,NA,NA,NA,NA,NA,NA,NA,NA,NA,NA,NA,NA,NA,NA,NA,NA,NA,NA,NA,NA,NA
A155,bulk tissue,Plant,field,South Africa,-33.92696,21.55744,unspecified,Copeland et al. (2016),0.71539,NA,Reported by Author,wang,FALSE,NA,NA,NA,NA,NA,NA,NA,NA,NA,NA,NA,NA,NA,NA,NA,NA,NA,NA,NA,NA,NA,NA,NA,NA,NA,NA,NA,NA,NA,NA,NA,NA,NA,NA,NA,NA,NA,NA,NA,NA
A156,bulk tissue,Plant,field,South Africa,-33.89626,21.46435,unspecified,Copeland et al. (2016),0.72018,NA,Reported by Author,wang,FALSE,NA,NA,NA,NA,NA,NA,NA,NA,NA,NA,NA,NA,NA,NA,NA,NA,NA,NA,NA,NA,NA,NA,NA,NA,NA,NA,NA,NA,NA,NA,NA,NA,NA,NA,NA,NA,NA,NA,NA,NA
A157,bulk tissue,Plant,field,South Africa,-33.78808,21.47277,unspecified,Copeland et al. (2016),0.71983,NA,Reported by Author,wang,FALSE,NA,NA,NA,NA,NA,NA,NA,NA,NA,NA,NA,NA,NA,NA,NA,NA,NA,NA,NA,NA,NA,NA,NA,NA,NA,NA,NA,NA,NA,NA,NA,NA,NA,NA,NA,NA,NA,NA,NA,NA
A158,bulk tissue,Plant,field,South Africa,-33.72179,21.37281,unspecified,Copeland et al. (2016),0.71589,NA,Reported by Author,wang,FALSE,NA,NA,NA,NA,NA,NA,NA,NA,NA,NA,NA,NA,NA,NA,NA,NA,NA,NA,NA,NA,NA,NA,NA,NA,NA,NA,NA,NA,NA,NA,NA,NA,NA,NA,NA,NA,NA,NA,NA,NA
A159,bulk tissue,Plant,field,South Africa,-33.62074,21.25998,unspecified,Copeland et al. (2016),0.71632,NA,Reported by Author,wang,FALSE,NA,NA,NA,NA,NA,NA,NA,NA,NA,NA,NA,NA,NA,NA,NA,NA,NA,NA,NA,NA,NA,NA,NA,NA,NA,NA,NA,NA,NA,NA,NA,NA,NA,NA,NA,NA,NA,NA,NA,NA
A160,bulk tissue,Plant,field,South Africa,-33.59954,21.11623,unspecified,Copeland et al. (2016),0.71871,NA,Reported by Author,wang,FALSE,NA,NA,NA,NA,NA,NA,NA,NA,NA,NA,NA,NA,NA,NA,NA,NA,NA,NA,NA,NA,NA,NA,NA,NA,NA,NA,NA,NA,NA,NA,NA,NA,NA,NA,NA,NA,NA,NA,NA,NA
A161,bulk tissue,Plant,field,South Africa,-33.70093,20.96493,unspecified,Copeland et al. (2016),0.7185,NA,Reported by Author,wang,FALSE,NA,NA,NA,NA,NA,NA,NA,NA,NA,NA,NA,NA,NA,NA,NA,NA,NA,NA,NA,NA,NA,NA,NA,NA,NA,NA,NA,NA,NA,NA,NA,NA,NA,NA,NA,NA,NA,NA,NA,NA
A162,bulk tissue,Plant,field,South Africa,-33.82724,20.88821,unspecified,Copeland et al. (2016),0.71612,NA,Reported by Author,wang,FALSE,NA,NA,NA,NA,NA,NA,NA,NA,NA,NA,NA,NA,NA,NA,NA,NA,NA,NA,NA,NA,NA,NA,NA,NA,NA,NA,NA,NA,NA,NA,NA,NA,NA,NA,NA,NA,NA,NA,NA,NA
A163,bulk tissue,Plant,field,South Africa,-33.87447,20.75668,unspecified,Copeland et al. (2016),0.71802,NA,Reported by Author,wang,FALSE,NA,NA,NA,NA,NA,NA,NA,NA,NA,NA,NA,NA,NA,NA,NA,NA,NA,NA,NA,NA,NA,NA,NA,NA,NA,NA,NA,NA,NA,NA,NA,NA,NA,NA,NA,NA,NA,NA,NA,NA
A164,bulk tissue,Plant,field,South Africa,-33.96534,20.70458,unspecified,Copeland et al. (2016),0.71486,NA,Reported by Author,wang,FALSE,NA,NA,NA,NA,NA,NA,NA,NA,NA,NA,NA,NA,NA,NA,NA,NA,NA,NA,NA,NA,NA,NA,NA,NA,NA,NA,NA,NA,NA,NA,NA,NA,NA,NA,NA,NA,NA,NA,NA,NA
A165,bulk tissue,Plant,field,South Africa,-34.00729,20.69463,unspecified,Copeland et al. (2016),0.71567,NA,Reported by Author,wang,FALSE,NA,NA,NA,NA,NA,NA,NA,NA,NA,NA,NA,NA,NA,NA,NA,NA,NA,NA,NA,NA,NA,NA,NA,NA,NA,NA,NA,NA,NA,NA,NA,NA,NA,NA,NA,NA,NA,NA,NA,NA
Kny 1,bulk tissue,Plant,field,South Africa,-33.96333,23.1538,unspecified,Copeland et al. (2016),0.71101,NA,Reported by Author,wang,FALSE,NA,NA,NA,NA,NA,NA,NA,NA,NA,NA,NA,NA,NA,NA,NA,NA,NA,NA,NA,NA,NA,NA,NA,NA,NA,NA,NA,NA,NA,NA,NA,NA,NA,NA,NA,NA,NA,NA,NA,NA
Kny 2,bulk tissue,Plant,field,South Africa,-33.96158,23.15144,unspecified,Copeland et al. (2016),0.71062,NA,Reported by Author,wang,FALSE,NA,NA,NA,NA,NA,NA,NA,NA,NA,NA,NA,NA,NA,NA,NA,NA,NA,NA,NA,NA,NA,NA,NA,NA,NA,NA,NA,NA,NA,NA,NA,NA,NA,NA,NA,NA,NA,NA,NA,NA
Kny 3,bulk tissue,Plant,field,South Africa,-33.94934,23.15626,unspecified,Copeland et al. (2016),0.71054,NA,Reported by Author,wang,FALSE,NA,NA,NA,NA,NA,NA,NA,NA,NA,NA,NA,NA,NA,NA,NA,NA,NA,NA,NA,NA,NA,NA,NA,NA,NA,NA,NA,NA,NA,NA,NA,NA,NA,NA,NA,NA,NA,NA,NA,NA
Sand 1,bulk tissue,Plant,field,South Africa,-34.02098,22.52864,unspecified,Copeland et al. (2016),0.70979,NA,Reported by Author,wang,FALSE,NA,NA,NA,NA,NA,NA,NA,NA,NA,NA,NA,NA,NA,NA,NA,NA,NA,NA,NA,NA,NA,NA,NA,NA,NA,NA,NA,NA,NA,NA,NA,NA,NA,NA,NA,NA,NA,NA,NA,NA
Sand 2,bulk tissue,Plant,field,South Africa,-34.02236,22.526,unspecified,Copeland et al. (2016),0.70949,NA,Reported by Author,wang,FALSE,NA,NA,NA,NA,NA,NA,NA,NA,NA,NA,NA,NA,NA,NA,NA,NA,NA,NA,NA,NA,NA,NA,NA,NA,NA,NA,NA,NA,NA,NA,NA,NA,NA,NA,NA,NA,NA,NA,NA,NA
Sand 3,bulk tissue,Plant,field,South Africa,-34.01974,22.52437,unspecified,Copeland et al. (2016),0.71071,NA,Reported by Author,wang,FALSE,NA,NA,NA,NA,NA,NA,NA,NA,NA,NA,NA,NA,NA,NA,NA,NA,NA,NA,NA,NA,NA,NA,NA,NA,NA,NA,NA,NA,NA,NA,NA,NA,NA,NA,NA,NA,NA,NA,NA,NA
NA,bulk tissue,Plant,field,South Africa,-25.9326778,27.810283,unspecified,Copeland et al. (2010),0.72971,NA,Estimated using Coarse Map and Google Earth,wang,FALSE,NA,NA,NA,NA,NA,NA,NA,NA,NA,NA,NA,NA,NA,NA,NA,NA,NA,NA,NA,NA,NA,NA,NA,NA,NA,NA,NA,NA,NA,NA,NA,NA,NA,NA,NA,NA,NA,NA,NA,NA
NA,bulk tissue,Plant,field,South Africa,-25.8660389,27.752606,unspecified,Copeland et al. (2010),0.75326,NA,Estimated using Coarse Map and Google Earth,wang,FALSE,NA,NA,NA,NA,NA,NA,NA,NA,NA,NA,NA,NA,NA,NA,NA,NA,NA,NA,NA,NA,NA,NA,NA,NA,NA,NA,NA,NA,NA,NA,NA,NA,NA,NA,NA,NA,NA,NA,NA,NA
NA,bulk tissue,Plant,field,South Africa,-25.8388167,27.722808,unspecified,Copeland et al. (2010),0.74548,NA,Estimated using Coarse Map and Google Earth,wang,FALSE,NA,NA,NA,NA,NA,NA,NA,NA,NA,NA,NA,NA,NA,NA,NA,NA,NA,NA,NA,NA,NA,NA,NA,NA,NA,NA,NA,NA,NA,NA,NA,NA,NA,NA,NA,NA,NA,NA,NA,NA
26-to10z,bulk tissue,Tooth enamel,field,South Africa,-25.819494,27.905817, Rodentia,Copeland et al. (2010),0.72989,4e-5,Estimated using Coarse Map and Google Earth,wang,FALSE,NA,NA,NA,NA,NA,NA,NA,NA,NA,NA,NA,NA,NA,NA,NA,NA,NA,NA,NA,NA,NA,NA,NA,NA,NA,NA,NA,NA,NA,NA,NA,NA,NA,NA,NA,NA,NA,NA,NA,NA
26-to5z,bulk tissue,Tooth enamel,field,South Africa,-25.819494,27.905817, Rodentia,Copeland et al. (2010),0.75074,9e-5,Estimated using Coarse Map and Google Earth,wang,FALSE,NA,NA,NA,NA,NA,NA,NA,NA,NA,NA,NA,NA,NA,NA,NA,NA,NA,NA,NA,NA,NA,NA,NA,NA,NA,NA,NA,NA,NA,NA,NA,NA,NA,NA,NA,NA,NA,NA,NA,NA
26-r1,bulk tissue,Tooth enamel,field,South Africa,-25.819494,27.905817, Rodentia,Copeland et al. (2010),0.7376,5e-5,Estimated using Coarse Map and Google Earth,wang,FALSE,NA,NA,NA,NA,NA,NA,NA,NA,NA,NA,NA,NA,NA,NA,NA,NA,NA,NA,NA,NA,NA,NA,NA,NA,NA,NA,NA,NA,NA,NA,NA,NA,NA,NA,NA,NA,NA,NA,NA,NA
26-r2,bulk tissue,Tooth enamel,field,South Africa,-25.819494,27.905817, Rodentia,Copeland et al. (2010),0.72892,2.2e-4,Estimated using Coarse Map and Google Earth,wang,FALSE,NA,NA,NA,NA,NA,NA,NA,NA,NA,NA,NA,NA,NA,NA,NA,NA,NA,NA,NA,NA,NA,NA,NA,NA,NA,NA,NA,NA,NA,NA,NA,NA,NA,NA,NA,NA,NA,NA,NA,NA
26-r3,bulk tissue,Tooth enamel,field,South Africa,-25.819494,27.905817, Rodentia,Copeland et al. (2010),0.73631,9e-5,Estimated using Coarse Map and Google Earth,wang,FALSE,NA,NA,NA,NA,NA,NA,NA,NA,NA,NA,NA,NA,NA,NA,NA,NA,NA,NA,NA,NA,NA,NA,NA,NA,NA,NA,NA,NA,NA,NA,NA,NA,NA,NA,NA,NA,NA,NA,NA,NA
26-r5,bulk tissue,Tooth enamel,field,South Africa,-25.819494,27.905817, Rodentia,Copeland et al. (2010),0.72832,4e-5,Estimated using Coarse Map and Google Earth,wang,FALSE,NA,NA,NA,NA,NA,NA,NA,NA,NA,NA,NA,NA,NA,NA,NA,NA,NA,NA,NA,NA,NA,NA,NA,NA,NA,NA,NA,NA,NA,NA,NA,NA,NA,NA,NA,NA,NA,NA,NA,NA
26-r7,bulk tissue,Tooth enamel,field,South Africa,-25.819494,27.905817, Rodentia,Copeland et al. (2010),0.71979,4e-5,Estimated using Coarse Map and Google Earth,wang,FALSE,NA,NA,NA,NA,NA,NA,NA,NA,NA,NA,NA,NA,NA,NA,NA,NA,NA,NA,NA,NA,NA,NA,NA,NA,NA,NA,NA,NA,NA,NA,NA,NA,NA,NA,NA,NA,NA,NA,NA,NA
26-r8,bulk tissue,Tooth enamel,field,South Africa,-25.819494,27.905817, Rodentia,Copeland et al. (2010),0.74923,1.3e-4,Estimated using Coarse Map and Google Earth,wang,FALSE,NA,NA,NA,NA,NA,NA,NA,NA,NA,NA,NA,NA,NA,NA,NA,NA,NA,NA,NA,NA,NA,NA,NA,NA,NA,NA,NA,NA,NA,NA,NA,NA,NA,NA,NA,NA,NA,NA,NA,NA
26-r9,bulk tissue,Tooth enamel,field,South Africa,-25.819494,27.905817, Rodentia,Copeland et al. (2010),0.73003,9e-5,Estimated using Coarse Map and Google Earth,wang,FALSE,NA,NA,NA,NA,NA,NA,NA,NA,NA,NA,NA,NA,NA,NA,NA,NA,NA,NA,NA,NA,NA,NA,NA,NA,NA,NA,NA,NA,NA,NA,NA,NA,NA,NA,NA,NA,NA,NA,NA,NA
26-r10,bulk tissue,Tooth enamel,field,South Africa,-25.819494,27.905817, Rodentia,Copeland et al. (2010),0.72707,1.5e-4,Estimated using Coarse Map and Google Earth,wang,FALSE,NA,NA,NA,NA,NA,NA,NA,NA,NA,NA,NA,NA,NA,NA,NA,NA,NA,NA,NA,NA,NA,NA,NA,NA,NA,NA,NA,NA,NA,NA,NA,NA,NA,NA,NA,NA,NA,NA,NA,NA
26-r23x,bulk tissue,Tooth enamel,field,South Africa,-25.819494,27.905817, Rodentia,Copeland et al. (2010),0.73146,1.6e-4,Estimated using Coarse Map and Google Earth,wang,FALSE,NA,NA,NA,NA,NA,NA,NA,NA,NA,NA,NA,NA,NA,NA,NA,NA,NA,NA,NA,NA,NA,NA,NA,NA,NA,NA,NA,NA,NA,NA,NA,NA,NA,NA,NA,NA,NA,NA,NA,NA
26-r26x,bulk tissue,Tooth enamel,field,South Africa,-25.819494,27.905817, Rodentia,Copeland et al. (2010),0.73092,1e-4,Estimated using Coarse Map and Google Earth,wang,FALSE,NA,NA,NA,NA,NA,NA,NA,NA,NA,NA,NA,NA,NA,NA,NA,NA,NA,NA,NA,NA,NA,NA,NA,NA,NA,NA,NA,NA,NA,NA,NA,NA,NA,NA,NA,NA,NA,NA,NA,NA
26-r29x,bulk tissue,Tooth enamel,field,South Africa,-25.819494,27.905817, Rodentia,Copeland et al. (2010),0.73293,8e-5,Estimated using Coarse Map and Google Earth,wang,FALSE,NA,NA,NA,NA,NA,NA,NA,NA,NA,NA,NA,NA,NA,NA,NA,NA,NA,NA,NA,NA,NA,NA,NA,NA,NA,NA,NA,NA,NA,NA,NA,NA,NA,NA,NA,NA,NA,NA,NA,NA
26-r33x,bulk tissue,Tooth enamel,field,South Africa,-25.819494,27.905817, Rodentia,Copeland et al. (2010),0.73171,8e-5,Estimated using Coarse Map and Google Earth,wang,FALSE,NA,NA,NA,NA,NA,NA,NA,NA,NA,NA,NA,NA,NA,NA,NA,NA,NA,NA,NA,NA,NA,NA,NA,NA,NA,NA,NA,NA,NA,NA,NA,NA,NA,NA,NA,NA,NA,NA,NA,NA
26-r34x,bulk tissue,Tooth enamel,field,South Africa,-25.819494,27.905817, Rodentia,Copeland et al. (2010),0.75088,7e-5,Estimated using Coarse Map and Google Earth,wang,FALSE,NA,NA,NA,NA,NA,NA,NA,NA,NA,NA,NA,NA,NA,NA,NA,NA,NA,NA,NA,NA,NA,NA,NA,NA,NA,NA,NA,NA,NA,NA,NA,NA,NA,NA,NA,NA,NA,NA,NA,NA
26-r36x,bulk tissue,Tooth enamel,field,South Africa,-25.819494,27.905817, Rodentia,Copeland et al. (2010),0.7304,1.3e-4,Estimated using Coarse Map and Google Earth,wang,FALSE,NA,NA,NA,NA,NA,NA,NA,NA,NA,NA,NA,NA,NA,NA,NA,NA,NA,NA,NA,NA,NA,NA,NA,NA,NA,NA,NA,NA,NA,NA,NA,NA,NA,NA,NA,NA,NA,NA,NA,NA
26-to4z,bulk tissue,Tooth enamel,field,South Africa,-25.819494,27.905817, Rodentia,Copeland et al. (2010),0.73094,4e-5,Estimated using Coarse Map and Google Earth,wang,FALSE,NA,NA,NA,NA,NA,NA,NA,NA,NA,NA,NA,NA,NA,NA,NA,NA,NA,NA,NA,NA,NA,NA,NA,NA,NA,NA,NA,NA,NA,NA,NA,NA,NA,NA,NA,NA,NA,NA,NA,NA
26-to8z,bulk tissue,Tooth enamel,field,South Africa,-25.819494,27.905817, Rodentia,Copeland et al. (2010),0.73367,9e-5,Estimated using Coarse Map and Google Earth,wang,FALSE,NA,NA,NA,NA,NA,NA,NA,NA,NA,NA,NA,NA,NA,NA,NA,NA,NA,NA,NA,NA,NA,NA,NA,NA,NA,NA,NA,NA,NA,NA,NA,NA,NA,NA,NA,NA,NA,NA,NA,NA
26-to9z,bulk tissue,Tooth enamel,field,South Africa,-25.819494,27.905817, Rodentia,Copeland et al. (2010),0.73206,1.7e-4,Estimated using Coarse Map and Google Earth,wang,FALSE,NA,NA,NA,NA,NA,NA,NA,NA,NA,NA,NA,NA,NA,NA,NA,NA,NA,NA,NA,NA,NA,NA,NA,NA,NA,NA,NA,NA,NA,NA,NA,NA,NA,NA,NA,NA,NA,NA,NA,NA
26-r39x,bulk tissue,Tooth enamel,field,South Africa,-25.819494,27.905817, Rodentia,Copeland et al. (2010),0.72875,1.3e-4,Estimated using Coarse Map and Google Earth,wang,FALSE,NA,NA,NA,NA,NA,NA,NA,NA,NA,NA,NA,NA,NA,NA,NA,NA,NA,NA,NA,NA,NA,NA,NA,NA,NA,NA,NA,NA,NA,NA,NA,NA,NA,NA,NA,NA,NA,NA,NA,NA
26-r4,bulk tissue,Tooth enamel,field,South Africa,-25.819494,27.905817, Rodentia,Copeland et al. (2010),0.74368,3.9e-4,Estimated using Coarse Map and Google Earth,wang,FALSE,NA,NA,NA,NA,NA,NA,NA,NA,NA,NA,NA,NA,NA,NA,NA,NA,NA,NA,NA,NA,NA,NA,NA,NA,NA,NA,NA,NA,NA,NA,NA,NA,NA,NA,NA,NA,NA,NA,NA,NA
26-r20x,bulk tissue,Tooth enamel,field,South Africa,-25.819494,27.905817, Rodentia,Copeland et al. (2010),0.73556,2.4e-4,Estimated using Coarse Map and Google Earth,wang,FALSE,NA,NA,NA,NA,NA,NA,NA,NA,NA,NA,NA,NA,NA,NA,NA,NA,NA,NA,NA,NA,NA,NA,NA,NA,NA,NA,NA,NA,NA,NA,NA,NA,NA,NA,NA,NA,NA,NA,NA,NA
26-r21x,bulk tissue,Tooth enamel,field,South Africa,-25.819494,27.905817, Rodentia,Copeland et al. (2010),0.7273,6e-5,Estimated using Coarse Map and Google Earth,wang,FALSE,NA,NA,NA,NA,NA,NA,NA,NA,NA,NA,NA,NA,NA,NA,NA,NA,NA,NA,NA,NA,NA,NA,NA,NA,NA,NA,NA,NA,NA,NA,NA,NA,NA,NA,NA,NA,NA,NA,NA,NA
26-r22x,bulk tissue,Tooth enamel,field,South Africa,-25.819494,27.905817, Rodentia,Copeland et al. (2010),0.73313,1.2e-4,Estimated using Coarse Map and Google Earth,wang,FALSE,NA,NA,NA,NA,NA,NA,NA,NA,NA,NA,NA,NA,NA,NA,NA,NA,NA,NA,NA,NA,NA,NA,NA,NA,NA,NA,NA,NA,NA,NA,NA,NA,NA,NA,NA,NA,NA,NA,NA,NA
GV1,bulk tissue,Tooth enamel,field,South Africa,-25.819494,27.905817,Rodentia (fossil),Copeland et al. (2010),0.73736,7e-5,Estimated using Coarse Map and Google Earth,wang,FALSE,NA,NA,NA,NA,NA,NA,NA,NA,NA,NA,NA,NA,NA,NA,NA,NA,NA,NA,NA,NA,NA,NA,NA,NA,NA,NA,NA,NA,NA,NA,NA,NA,NA,NA,NA,NA,NA,NA,NA,NA
GV2,bulk tissue,Tooth enamel,field,South Africa,-25.819494,27.905817,Rodentia (fossil),Copeland et al. (2010),0.72927,6e-5,Estimated using Coarse Map and Google Earth,wang,FALSE,NA,NA,NA,NA,NA,NA,NA,NA,NA,NA,NA,NA,NA,NA,NA,NA,NA,NA,NA,NA,NA,NA,NA,NA,NA,NA,NA,NA,NA,NA,NA,NA,NA,NA,NA,NA,NA,NA,NA,NA
GV5,bulk tissue,Tooth enamel,field,South Africa,-25.819494,27.905817,Rodentia (fossil),Copeland et al. (2010),0.73577,7e-5,Estimated using Coarse Map and Google Earth,wang,FALSE,NA,NA,NA,NA,NA,NA,NA,NA,NA,NA,NA,NA,NA,NA,NA,NA,NA,NA,NA,NA,NA,NA,NA,NA,NA,NA,NA,NA,NA,NA,NA,NA,NA,NA,NA,NA,NA,NA,NA,NA
GV7,bulk tissue,Tooth enamel,field,South Africa,-25.819494,27.905817,Rodentia (fossil),Copeland et al. (2010),0.72339,7e-5,Estimated using Coarse Map and Google Earth,wang,FALSE,NA,NA,NA,NA,NA,NA,NA,NA,NA,NA,NA,NA,NA,NA,NA,NA,NA,NA,NA,NA,NA,NA,NA,NA,NA,NA,NA,NA,NA,NA,NA,NA,NA,NA,NA,NA,NA,NA,NA,NA
GV8,bulk tissue,Tooth enamel,field,South Africa,-25.819494,27.905817,Rodentia (fossil),Copeland et al. (2010),0.73349,4e-5,Estimated using Coarse Map and Google Earth,wang,FALSE,NA,NA,NA,NA,NA,NA,NA,NA,NA,NA,NA,NA,NA,NA,NA,NA,NA,NA,NA,NA,NA,NA,NA,NA,NA,NA,NA,NA,NA,NA,NA,NA,NA,NA,NA,NA,NA,NA,NA,NA
GV14,bulk tissue,Tooth enamel,field,South Africa,-25.819494,27.905817,Rodentia (fossil),Copeland et al. (2010),0.73502,1.8e-4,Estimated using Coarse Map and Google Earth,wang,FALSE,NA,NA,NA,NA,NA,NA,NA,NA,NA,NA,NA,NA,NA,NA,NA,NA,NA,NA,NA,NA,NA,NA,NA,NA,NA,NA,NA,NA,NA,NA,NA,NA,NA,NA,NA,NA,NA,NA,NA,NA
GV11,bulk tissue,Tooth enamel,field,South Africa,-25.819494,27.905817,Rodentia (fossil),Copeland et al. (2010),0.74725,1.6e-4,Estimated using Coarse Map and Google Earth,wang,FALSE,NA,NA,NA,NA,NA,NA,NA,NA,NA,NA,NA,NA,NA,NA,NA,NA,NA,NA,NA,NA,NA,NA,NA,NA,NA,NA,NA,NA,NA,NA,NA,NA,NA,NA,NA,NA,NA,NA,NA,NA
GV9,bulk tissue,Tooth enamel,field,South Africa,-25.819494,27.905817,Rodentia (fossil),Copeland et al. (2010),0.73267,8e-5,Estimated using Coarse Map and Google Earth,wang,FALSE,NA,NA,NA,NA,NA,NA,NA,NA,NA,NA,NA,NA,NA,NA,NA,NA,NA,NA,NA,NA,NA,NA,NA,NA,NA,NA,NA,NA,NA,NA,NA,NA,NA,NA,NA,NA,NA,NA,NA,NA
GV28,bulk tissue,Tooth enamel,field,South Africa,-25.819494,27.905817,Rodentia (fossil),Copeland et al. (2010),0.72676,1.1e-4,Estimated using Coarse Map and Google Earth,wang,FALSE,NA,NA,NA,NA,NA,NA,NA,NA,NA,NA,NA,NA,NA,NA,NA,NA,NA,NA,NA,NA,NA,NA,NA,NA,NA,NA,NA,NA,NA,NA,NA,NA,NA,NA,NA,NA,NA,NA,NA,NA
GV23,bulk tissue,Tooth enamel,field,South Africa,-25.819494,27.905817,Rodentia (fossil),Copeland et al. (2010),0.73101,5e-5,Estimated using Coarse Map and Google Earth,wang,FALSE,NA,NA,NA,NA,NA,NA,NA,NA,NA,NA,NA,NA,NA,NA,NA,NA,NA,NA,NA,NA,NA,NA,NA,NA,NA,NA,NA,NA,NA,NA,NA,NA,NA,NA,NA,NA,NA,NA,NA,NA
GV22,bulk tissue,Tooth enamel,field,South Africa,-25.819494,27.905817,Rodentia (fossil),Copeland et al. (2010),0.72555,1.5e-4,Estimated using Coarse Map and Google Earth,wang,FALSE,NA,NA,NA,NA,NA,NA,NA,NA,NA,NA,NA,NA,NA,NA,NA,NA,NA,NA,NA,NA,NA,NA,NA,NA,NA,NA,NA,NA,NA,NA,NA,NA,NA,NA,NA,NA,NA,NA,NA,NA
GV19,bulk tissue,Tooth enamel,field,South Africa,-25.819494,27.905817,Rodentia (fossil),Copeland et al. (2010),0.74704,4e-5,Estimated using Coarse Map and Google Earth,wang,FALSE,NA,NA,NA,NA,NA,NA,NA,NA,NA,NA,NA,NA,NA,NA,NA,NA,NA,NA,NA,NA,NA,NA,NA,NA,NA,NA,NA,NA,NA,NA,NA,NA,NA,NA,NA,NA,NA,NA,NA,NA
GV18,bulk tissue,Tooth enamel,field,South Africa,-25.819494,27.905817,Rodentia (fossil),Copeland et al. (2010),0.72649,8e-5,Estimated using Coarse Map and Google Earth,wang,FALSE,NA,NA,NA,NA,NA,NA,NA,NA,NA,NA,NA,NA,NA,NA,NA,NA,NA,NA,NA,NA,NA,NA,NA,NA,NA,NA,NA,NA,NA,NA,NA,NA,NA,NA,NA,NA,NA,NA,NA,NA
GV17,bulk tissue,Tooth enamel,field,South Africa,-25.819494,27.905817,Rodentia (fossil),Copeland et al. (2010),0.73408,5e-5,Estimated using Coarse Map and Google Earth,wang,FALSE,NA,NA,NA,NA,NA,NA,NA,NA,NA,NA,NA,NA,NA,NA,NA,NA,NA,NA,NA,NA,NA,NA,NA,NA,NA,NA,NA,NA,NA,NA,NA,NA,NA,NA,NA,NA,NA,NA,NA,NA
sk24664a,bulk tissue,Tooth enamel,field,South Africa,-25.92327,27.813971,Rodentia (fossil),Copeland et al. (2010),0.72659,3e-5,Estimated using Coarse Map and Google Earth,wang,FALSE,NA,NA,NA,NA,NA,NA,NA,NA,NA,NA,NA,NA,NA,NA,NA,NA,NA,NA,NA,NA,NA,NA,NA,NA,NA,NA,NA,NA,NA,NA,NA,NA,NA,NA,NA,NA,NA,NA,NA,NA
sk24664b,bulk tissue,Tooth enamel,field,South Africa,-25.92327,27.813971,Rodentia (fossil),Copeland et al. (2010),0.7265,3e-5,Estimated using Coarse Map and Google Earth,wang,FALSE,NA,NA,NA,NA,NA,NA,NA,NA,NA,NA,NA,NA,NA,NA,NA,NA,NA,NA,NA,NA,NA,NA,NA,NA,NA,NA,NA,NA,NA,NA,NA,NA,NA,NA,NA,NA,NA,NA,NA,NA
sk24664c,bulk tissue,Tooth enamel,field,South Africa,-25.92327,27.813971,Rodentia (fossil),Copeland et al. (2010),0.7267,5e-5,Estimated using Coarse Map and Google Earth,wang,FALSE,NA,NA,NA,NA,NA,NA,NA,NA,NA,NA,NA,NA,NA,NA,NA,NA,NA,NA,NA,NA,NA,NA,NA,NA,NA,NA,NA,NA,NA,NA,NA,NA,NA,NA,NA,NA,NA,NA,NA,NA
sk24664d,bulk tissue,Tooth enamel,field,South Africa,-25.92327,27.813971,Rodentia (fossil),Copeland et al. (2010),0.72674,5e-5,Estimated using Coarse Map and Google Earth,wang,FALSE,NA,NA,NA,NA,NA,NA,NA,NA,NA,NA,NA,NA,NA,NA,NA,NA,NA,NA,NA,NA,NA,NA,NA,NA,NA,NA,NA,NA,NA,NA,NA,NA,NA,NA,NA,NA,NA,NA,NA,NA
sk24665a,bulk tissue,Tooth enamel,field,South Africa,-25.92327,27.813971,Rodentia (fossil),Copeland et al. (2010),0.74524,3e-5,Estimated using Coarse Map and Google Earth,wang,FALSE,NA,NA,NA,NA,NA,NA,NA,NA,NA,NA,NA,NA,NA,NA,NA,NA,NA,NA,NA,NA,NA,NA,NA,NA,NA,NA,NA,NA,NA,NA,NA,NA,NA,NA,NA,NA,NA,NA,NA,NA
sk24665b,bulk tissue,Tooth enamel,field,South Africa,-25.92327,27.813971,Rodentia (fossil),Copeland et al. (2010),0.73233,3e-5,Estimated using Coarse Map and Google Earth,wang,FALSE,NA,NA,NA,NA,NA,NA,NA,NA,NA,NA,NA,NA,NA,NA,NA,NA,NA,NA,NA,NA,NA,NA,NA,NA,NA,NA,NA,NA,NA,NA,NA,NA,NA,NA,NA,NA,NA,NA,NA,NA
sk24665c,bulk tissue,Tooth enamel,field,South Africa,-25.92327,27.813971,Rodentia (fossil),Copeland et al. (2010),0.73123,4e-5,Estimated using Coarse Map and Google Earth,wang,FALSE,NA,NA,NA,NA,NA,NA,NA,NA,NA,NA,NA,NA,NA,NA,NA,NA,NA,NA,NA,NA,NA,NA,NA,NA,NA,NA,NA,NA,NA,NA,NA,NA,NA,NA,NA,NA,NA,NA,NA,NA
sk24665d,bulk tissue,Tooth enamel,field,South Africa,-25.92327,27.813971,Rodentia (fossil),Copeland et al. (2010),0.7252,3e-5,Estimated using Coarse Map and Google Earth,wang,FALSE,NA,NA,NA,NA,NA,NA,NA,NA,NA,NA,NA,NA,NA,NA,NA,NA,NA,NA,NA,NA,NA,NA,NA,NA,NA,NA,NA,NA,NA,NA,NA,NA,NA,NA,NA,NA,NA,NA,NA,NA
sk24665e,bulk tissue,Tooth enamel,field,South Africa,-25.92327,27.813971,Rodentia (fossil),Copeland et al. (2010),0.74632,4e-5,Estimated using Coarse Map and Google Earth,wang,FALSE,NA,NA,NA,NA,NA,NA,NA,NA,NA,NA,NA,NA,NA,NA,NA,NA,NA,NA,NA,NA,NA,NA,NA,NA,NA,NA,NA,NA,NA,NA,NA,NA,NA,NA,NA,NA,NA,NA,NA,NA
sk24665f,bulk tissue,Tooth enamel,field,South Africa,-25.92327,27.813971,Rodentia (fossil),Copeland et al. (2010),0.7313,5e-5,Estimated using Coarse Map and Google Earth,wang,FALSE,NA,NA,NA,NA,NA,NA,NA,NA,NA,NA,NA,NA,NA,NA,NA,NA,NA,NA,NA,NA,NA,NA,NA,NA,NA,NA,NA,NA,NA,NA,NA,NA,NA,NA,NA,NA,NA,NA,NA,NA
sk24665g,bulk tissue,Tooth enamel,field,South Africa,-25.92327,27.813971,Rodentia (fossil),Copeland et al. (2010),0.72741,6e-5,Estimated using Coarse Map and Google Earth,wang,FALSE,NA,NA,NA,NA,NA,NA,NA,NA,NA,NA,NA,NA,NA,NA,NA,NA,NA,NA,NA,NA,NA,NA,NA,NA,NA,NA,NA,NA,NA,NA,NA,NA,NA,NA,NA,NA,NA,NA,NA,NA
sk24665h,bulk tissue,Tooth enamel,field,South Africa,-25.92327,27.813971,Rodentia (fossil),Copeland et al. (2010),0.75048,6e-5,Estimated using Coarse Map and Google Earth,wang,FALSE,NA,NA,NA,NA,NA,NA,NA,NA,NA,NA,NA,NA,NA,NA,NA,NA,NA,NA,NA,NA,NA,NA,NA,NA,NA,NA,NA,NA,NA,NA,NA,NA,NA,NA,NA,NA,NA,NA,NA,NA
sk24665i,bulk tissue,Tooth enamel,field,South Africa,-25.92327,27.813971,Rodentia (fossil),Copeland et al. (2010),0.72532,5e-5,Estimated using Coarse Map and Google Earth,wang,FALSE,NA,NA,NA,NA,NA,NA,NA,NA,NA,NA,NA,NA,NA,NA,NA,NA,NA,NA,NA,NA,NA,NA,NA,NA,NA,NA,NA,NA,NA,NA,NA,NA,NA,NA,NA,NA,NA,NA,NA,NA
sk24665j,bulk tissue,Tooth enamel,field,South Africa,-25.92327,27.813971,Rodentia (fossil),Copeland et al. (2010),0.72724,5e-5,Estimated using Coarse Map and Google Earth,wang,FALSE,NA,NA,NA,NA,NA,NA,NA,NA,NA,NA,NA,NA,NA,NA,NA,NA,NA,NA,NA,NA,NA,NA,NA,NA,NA,NA,NA,NA,NA,NA,NA,NA,NA,NA,NA,NA,NA,NA,NA,NA
sk24665k,bulk tissue,Tooth enamel,field,South Africa,-25.92327,27.813971,Rodentia (fossil),Copeland et al. (2010),0.72763,6e-5,Estimated using Coarse Map and Google Earth,wang,FALSE,NA,NA,NA,NA,NA,NA,NA,NA,NA,NA,NA,NA,NA,NA,NA,NA,NA,NA,NA,NA,NA,NA,NA,NA,NA,NA,NA,NA,NA,NA,NA,NA,NA,NA,NA,NA,NA,NA,NA,NA
sk24665l,bulk tissue,Tooth enamel,field,South Africa,-25.92327,27.813971,Rodentia (fossil),Copeland et al. (2010),0.73029,3e-5,Estimated using Coarse Map and Google Earth,wang,FALSE,NA,NA,NA,NA,NA,NA,NA,NA,NA,NA,NA,NA,NA,NA,NA,NA,NA,NA,NA,NA,NA,NA,NA,NA,NA,NA,NA,NA,NA,NA,NA,NA,NA,NA,NA,NA,NA,NA,NA,NA
sk24665m,bulk tissue,Tooth enamel,field,South Africa,-25.92327,27.813971,Rodentia (fossil),Copeland et al. (2010),0.73115,4e-5,Estimated using Coarse Map and Google Earth,wang,FALSE,NA,NA,NA,NA,NA,NA,NA,NA,NA,NA,NA,NA,NA,NA,NA,NA,NA,NA,NA,NA,NA,NA,NA,NA,NA,NA,NA,NA,NA,NA,NA,NA,NA,NA,NA,NA,NA,NA,NA,NA
sk24665n,bulk tissue,Tooth enamel,field,South Africa,-25.92327,27.813971,Rodentia (fossil),Copeland et al. (2010),0.73008,6e-5,Estimated using Coarse Map and Google Earth,wang,FALSE,NA,NA,NA,NA,NA,NA,NA,NA,NA,NA,NA,NA,NA,NA,NA,NA,NA,NA,NA,NA,NA,NA,NA,NA,NA,NA,NA,NA,NA,NA,NA,NA,NA,NA,NA,NA,NA,NA,NA,NA
sk24665o,bulk tissue,Tooth enamel,field,South Africa,-25.92327,27.813971,Rodentia (fossil),Copeland et al. (2010),0.73273,6e-5,Estimated using Coarse Map and Google Earth,wang,FALSE,NA,NA,NA,NA,NA,NA,NA,NA,NA,NA,NA,NA,NA,NA,NA,NA,NA,NA,NA,NA,NA,NA,NA,NA,NA,NA,NA,NA,NA,NA,NA,NA,NA,NA,NA,NA,NA,NA,NA,NA
sk24665p,bulk tissue,Tooth enamel,field,South Africa,-25.92327,27.813971,Rodentia (fossil),Copeland et al. (2010),0.74525,4e-5,Estimated using Coarse Map and Google Earth,wang,FALSE,NA,NA,NA,NA,NA,NA,NA,NA,NA,NA,NA,NA,NA,NA,NA,NA,NA,NA,NA,NA,NA,NA,NA,NA,NA,NA,NA,NA,NA,NA,NA,NA,NA,NA,NA,NA,NA,NA,NA,NA
sts3502a,bulk tissue,Tooth enamel,field,South Africa,-25.923575,27.808097,Rodentia (fossil),Copeland et al. (2010),0.7269,1e-4,Estimated using Coarse Map and Google Earth,wang,FALSE,NA,NA,NA,NA,NA,NA,NA,NA,NA,NA,NA,NA,NA,NA,NA,NA,NA,NA,NA,NA,NA,NA,NA,NA,NA,NA,NA,NA,NA,NA,NA,NA,NA,NA,NA,NA,NA,NA,NA,NA
sts3502b,bulk tissue,Tooth enamel,field,South Africa,-25.923575,27.808097,Rodentia (fossil),Copeland et al. (2010),0.73367,3.1e-4,Estimated using Coarse Map and Google Earth,wang,FALSE,NA,NA,NA,NA,NA,NA,NA,NA,NA,NA,NA,NA,NA,NA,NA,NA,NA,NA,NA,NA,NA,NA,NA,NA,NA,NA,NA,NA,NA,NA,NA,NA,NA,NA,NA,NA,NA,NA,NA,NA
sts3502c,bulk tissue,Tooth enamel,field,South Africa,-25.923575,27.808097,Rodentia (fossil),Copeland et al. (2010),0.72518,3e-5,Estimated using Coarse Map and Google Earth,wang,FALSE,NA,NA,NA,NA,NA,NA,NA,NA,NA,NA,NA,NA,NA,NA,NA,NA,NA,NA,NA,NA,NA,NA,NA,NA,NA,NA,NA,NA,NA,NA,NA,NA,NA,NA,NA,NA,NA,NA,NA,NA
sts3502d,bulk tissue,Tooth enamel,field,South Africa,-25.923575,27.808097,Rodentia (fossil),Copeland et al. (2010),0.7293,8e-5,Estimated using Coarse Map and Google Earth,wang,FALSE,NA,NA,NA,NA,NA,NA,NA,NA,NA,NA,NA,NA,NA,NA,NA,NA,NA,NA,NA,NA,NA,NA,NA,NA,NA,NA,NA,NA,NA,NA,NA,NA,NA,NA,NA,NA,NA,NA,NA,NA
sts3502e,bulk tissue,Tooth enamel,field,South Africa,-25.923575,27.808097,Rodentia (fossil),Copeland et al. (2010),0.76919,4e-5,Estimated using Coarse Map and Google Earth,wang,FALSE,NA,NA,NA,NA,NA,NA,NA,NA,NA,NA,NA,NA,NA,NA,NA,NA,NA,NA,NA,NA,NA,NA,NA,NA,NA,NA,NA,NA,NA,NA,NA,NA,NA,NA,NA,NA,NA,NA,NA,NA
sts3502f,bulk tissue,Tooth enamel,field,South Africa,-25.923575,27.808097,Rodentia (fossil),Copeland et al. (2010),0.78848,4e-5,Estimated using Coarse Map and Google Earth,wang,FALSE,NA,NA,NA,NA,NA,NA,NA,NA,NA,NA,NA,NA,NA,NA,NA,NA,NA,NA,NA,NA,NA,NA,NA,NA,NA,NA,NA,NA,NA,NA,NA,NA,NA,NA,NA,NA,NA,NA,NA,NA
sts3502h,bulk tissue,Tooth enamel,field,South Africa,-25.923575,27.808097,Rodentia (fossil),Copeland et al. (2010),0.78445,4e-5,Estimated using Coarse Map and Google Earth,wang,FALSE,NA,NA,NA,NA,NA,NA,NA,NA,NA,NA,NA,NA,NA,NA,NA,NA,NA,NA,NA,NA,NA,NA,NA,NA,NA,NA,NA,NA,NA,NA,NA,NA,NA,NA,NA,NA,NA,NA,NA,NA
sts3502i,bulk tissue,Tooth enamel,field,South Africa,-25.923575,27.808097,Rodentia (fossil),Copeland et al. (2010),0.74749,3e-5,Estimated using Coarse Map and Google Earth,wang,FALSE,NA,NA,NA,NA,NA,NA,NA,NA,NA,NA,NA,NA,NA,NA,NA,NA,NA,NA,NA,NA,NA,NA,NA,NA,NA,NA,NA,NA,NA,NA,NA,NA,NA,NA,NA,NA,NA,NA,NA,NA
sts3502j,bulk tissue,Tooth enamel,field,South Africa,-25.923575,27.808097,Rodentia (fossil),Copeland et al. (2010),0.7312,5e-5,Estimated using Coarse Map and Google Earth,wang,FALSE,NA,NA,NA,NA,NA,NA,NA,NA,NA,NA,NA,NA,NA,NA,NA,NA,NA,NA,NA,NA,NA,NA,NA,NA,NA,NA,NA,NA,NA,NA,NA,NA,NA,NA,NA,NA,NA,NA,NA,NA
sts3502k,bulk tissue,Tooth enamel,field,South Africa,-25.923575,27.808097,Rodentia (fossil),Copeland et al. (2010),0.74124,7e-5,Estimated using Coarse Map and Google Earth,wang,FALSE,NA,NA,NA,NA,NA,NA,NA,NA,NA,NA,NA,NA,NA,NA,NA,NA,NA,NA,NA,NA,NA,NA,NA,NA,NA,NA,NA,NA,NA,NA,NA,NA,NA,NA,NA,NA,NA,NA,NA,NA
sts3502l,bulk tissue,Tooth enamel,field,South Africa,-25.923575,27.808097,Rodentia (fossil),Copeland et al. (2010),0.72894,7e-5,Estimated using Coarse Map and Google Earth,wang,FALSE,NA,NA,NA,NA,NA,NA,NA,NA,NA,NA,NA,NA,NA,NA,NA,NA,NA,NA,NA,NA,NA,NA,NA,NA,NA,NA,NA,NA,NA,NA,NA,NA,NA,NA,NA,NA,NA,NA,NA,NA
1,bulk tissue,Tooth enamel,field,South Africa,-34.385264,20.504997, Rodentia,Radloff et al. (2010),0.71013,1e-5,Estimated using Coarse Map and Google Earth,wang,FALSE,NA,NA,NA,NA,NA,NA,NA,NA,NA,NA,NA,NA,NA,NA,NA,NA,NA,NA,NA,NA,NA,NA,NA,NA,NA,NA,NA,NA,NA,NA,NA,NA,NA,NA,NA,NA,NA,NA,NA,NA
1,bulk tissue,Tooth enamel,field,South Africa,-34.385264,20.504997, Rodentia,Radloff et al. (2010),0.71028,7e-5,Estimated using Coarse Map and Google Earth,wang,FALSE,NA,NA,NA,NA,NA,NA,NA,NA,NA,NA,NA,NA,NA,NA,NA,NA,NA,NA,NA,NA,NA,NA,NA,NA,NA,NA,NA,NA,NA,NA,NA,NA,NA,NA,NA,NA,NA,NA,NA,NA
1,bulk tissue,Tooth enamel,field,South Africa,-34.385264,20.504997, Rodentia,Radloff et al. (2010),0.71012,1e-4,Estimated using Coarse Map and Google Earth,wang,FALSE,NA,NA,NA,NA,NA,NA,NA,NA,NA,NA,NA,NA,NA,NA,NA,NA,NA,NA,NA,NA,NA,NA,NA,NA,NA,NA,NA,NA,NA,NA,NA,NA,NA,NA,NA,NA,NA,NA,NA,NA
2,bulk tissue,Tooth enamel,field,South Africa,-34.38565,20.517956, Rodentia,Radloff et al. (2010),0.71009,7e-5,Estimated using Coarse Map and Google Earth,wang,FALSE,NA,NA,NA,NA,NA,NA,NA,NA,NA,NA,NA,NA,NA,NA,NA,NA,NA,NA,NA,NA,NA,NA,NA,NA,NA,NA,NA,NA,NA,NA,NA,NA,NA,NA,NA,NA,NA,NA,NA,NA
2,bulk tissue,Tooth enamel,field,South Africa,-34.38565,20.517956, Rodentia,Radloff et al. (2010),0.7102,4e-5,Estimated using Coarse Map and Google Earth,wang,FALSE,NA,NA,NA,NA,NA,NA,NA,NA,NA,NA,NA,NA,NA,NA,NA,NA,NA,NA,NA,NA,NA,NA,NA,NA,NA,NA,NA,NA,NA,NA,NA,NA,NA,NA,NA,NA,NA,NA,NA,NA
2,bulk tissue,Tooth enamel,field,South Africa,-34.38565,20.517956, Rodentia,Radloff et al. (2010),0.71042,5e-5,Estimated using Coarse Map and Google Earth,wang,FALSE,NA,NA,NA,NA,NA,NA,NA,NA,NA,NA,NA,NA,NA,NA,NA,NA,NA,NA,NA,NA,NA,NA,NA,NA,NA,NA,NA,NA,NA,NA,NA,NA,NA,NA,NA,NA,NA,NA,NA,NA
3,bulk tissue,Tooth enamel,field,South Africa,-34.3864139,20.523044, Rodentia,Radloff et al. (2010),0.70992,1e-5,Estimated using Coarse Map and Google Earth,wang,FALSE,NA,NA,NA,NA,NA,NA,NA,NA,NA,NA,NA,NA,NA,NA,NA,NA,NA,NA,NA,NA,NA,NA,NA,NA,NA,NA,NA,NA,NA,NA,NA,NA,NA,NA,NA,NA,NA,NA,NA,NA
3,bulk tissue,Tooth enamel,field,South Africa,-34.38641389,20.52304444, Rodentia,Radloff et al. (2010),0.7099,2e-5,Estimated using Coarse Map and Google Earth,wang,FALSE,NA,NA,NA,NA,NA,NA,NA,NA,NA,NA,NA,NA,NA,NA,NA,NA,NA,NA,NA,NA,NA,NA,NA,NA,NA,NA,NA,NA,NA,NA,NA,NA,NA,NA,NA,NA,NA,NA,NA,NA
4,bulk tissue,Tooth enamel,field,South Africa,-34.399019439999996,20.53785, Rodentia,Radloff et al. (2010),0.70978,4e-5,Estimated using Coarse Map and Google Earth,wang,FALSE,NA,NA,NA,NA,NA,NA,NA,NA,NA,NA,NA,NA,NA,NA,NA,NA,NA,NA,NA,NA,NA,NA,NA,NA,NA,NA,NA,NA,NA,NA,NA,NA,NA,NA,NA,NA,NA,NA,NA,NA
5,bulk tissue,Tooth enamel,field,South Africa,-34.4054944,20.611456, Rodentia,Radloff et al. (2010),0.70941,3e-5,Estimated using Coarse Map and Google Earth,wang,FALSE,NA,NA,NA,NA,NA,NA,NA,NA,NA,NA,NA,NA,NA,NA,NA,NA,NA,NA,NA,NA,NA,NA,NA,NA,NA,NA,NA,NA,NA,NA,NA,NA,NA,NA,NA,NA,NA,NA,NA,NA
5,bulk tissue,Tooth enamel,field,South Africa,-34.40549444,20.61145556, Rodentia,Radloff et al. (2010),0.70953,6e-5,Estimated using Coarse Map and Google Earth,wang,FALSE,NA,NA,NA,NA,NA,NA,NA,NA,NA,NA,NA,NA,NA,NA,NA,NA,NA,NA,NA,NA,NA,NA,NA,NA,NA,NA,NA,NA,NA,NA,NA,NA,NA,NA,NA,NA,NA,NA,NA,NA
5,bulk tissue,Tooth enamel,field,South Africa,-34.40549444,20.61145556, Rodentia,Radloff et al. (2010),0.70949,5e-5,Estimated using Coarse Map and Google Earth,wang,FALSE,NA,NA,NA,NA,NA,NA,NA,NA,NA,NA,NA,NA,NA,NA,NA,NA,NA,NA,NA,NA,NA,NA,NA,NA,NA,NA,NA,NA,NA,NA,NA,NA,NA,NA,NA,NA,NA,NA,NA,NA
6,bulk tissue,Tooth enamel,field,South Africa,-34.38908889,20.53831389, Rodentia,Radloff et al. (2010),0.71001,1e-5,Estimated using Coarse Map and Google Earth,wang,FALSE,NA,NA,NA,NA,NA,NA,NA,NA,NA,NA,NA,NA,NA,NA,NA,NA,NA,NA,NA,NA,NA,NA,NA,NA,NA,NA,NA,NA,NA,NA,NA,NA,NA,NA,NA,NA,NA,NA,NA,NA
7,bulk tissue,Tooth enamel,field,South Africa,-34.39176389,20.54062778, Rodentia,Radloff et al. (2010),0.70996,1e-5,Estimated using Coarse Map and Google Earth,wang,FALSE,NA,NA,NA,NA,NA,NA,NA,NA,NA,NA,NA,NA,NA,NA,NA,NA,NA,NA,NA,NA,NA,NA,NA,NA,NA,NA,NA,NA,NA,NA,NA,NA,NA,NA,NA,NA,NA,NA,NA,NA
7,bulk tissue,Tooth enamel,field,South Africa,-34.39176389,20.54062778, Rodentia,Radloff et al. (2010),0.70999,1e-5,Estimated using Coarse Map and Google Earth,wang,FALSE,NA,NA,NA,NA,NA,NA,NA,NA,NA,NA,NA,NA,NA,NA,NA,NA,NA,NA,NA,NA,NA,NA,NA,NA,NA,NA,NA,NA,NA,NA,NA,NA,NA,NA,NA,NA,NA,NA,NA,NA
8,bulk tissue,Tooth enamel,field,South Africa,-34.39481667,20.53970278, Rodentia,Radloff et al. (2010),0.70982,1e-5,Estimated using Coarse Map and Google Earth,wang,FALSE,NA,NA,NA,NA,NA,NA,NA,NA,NA,NA,NA,NA,NA,NA,NA,NA,NA,NA,NA,NA,NA,NA,NA,NA,NA,NA,NA,NA,NA,NA,NA,NA,NA,NA,NA,NA,NA,NA,NA,NA
8,bulk tissue,Tooth enamel,field,South Africa,-34.39481667,20.53970278, Rodentia,Radloff et al. (2010),0.70982,6e-5,Estimated using Coarse Map and Google Earth,wang,FALSE,NA,NA,NA,NA,NA,NA,NA,NA,NA,NA,NA,NA,NA,NA,NA,NA,NA,NA,NA,NA,NA,NA,NA,NA,NA,NA,NA,NA,NA,NA,NA,NA,NA,NA,NA,NA,NA,NA,NA,NA
9,bulk tissue,Tooth enamel,field,South Africa,-34.4024417,20.605897, Rodentia,Radloff et al. (2010),0.70994,1e-5,Estimated using Coarse Map and Google Earth,wang,FALSE,NA,NA,NA,NA,NA,NA,NA,NA,NA,NA,NA,NA,NA,NA,NA,NA,NA,NA,NA,NA,NA,NA,NA,NA,NA,NA,NA,NA,NA,NA,NA,NA,NA,NA,NA,NA,NA,NA,NA,NA
10,bulk tissue,Tooth enamel,field,South Africa,-34.4367861,20.65735, Rodentia,Radloff et al. (2010),0.70929,9e-5,Estimated using Coarse Map and Google Earth,wang,FALSE,NA,NA,NA,NA,NA,NA,NA,NA,NA,NA,NA,NA,NA,NA,NA,NA,NA,NA,NA,NA,NA,NA,NA,NA,NA,NA,NA,NA,NA,NA,NA,NA,NA,NA,NA,NA,NA,NA,NA,NA
10,bulk tissue,Tooth enamel,field,South Africa,-34.4367861,20.65735, Rodentia,Radloff et al. (2010),0.70955,4e-5,Estimated using Coarse Map and Google Earth,wang,FALSE,NA,NA,NA,NA,NA,NA,NA,NA,NA,NA,NA,NA,NA,NA,NA,NA,NA,NA,NA,NA,NA,NA,NA,NA,NA,NA,NA,NA,NA,NA,NA,NA,NA,NA,NA,NA,NA,NA,NA,NA
10,bulk tissue,Tooth enamel,field,South Africa,-34.4367861,20.65735, Rodentia,Radloff et al. (2010),0.70942,4e-5,Estimated using Coarse Map and Google Earth,wang,FALSE,NA,NA,NA,NA,NA,NA,NA,NA,NA,NA,NA,NA,NA,NA,NA,NA,NA,NA,NA,NA,NA,NA,NA,NA,NA,NA,NA,NA,NA,NA,NA,NA,NA,NA,NA,NA,NA,NA,NA,NA
11,bulk tissue,Tooth enamel,field,South Africa,-34.420775,20.603133, Rodentia,Radloff et al. (2010),0.70928,1e-5,Estimated using Coarse Map and Google Earth,wang,FALSE,NA,NA,NA,NA,NA,NA,NA,NA,NA,NA,NA,NA,NA,NA,NA,NA,NA,NA,NA,NA,NA,NA,NA,NA,NA,NA,NA,NA,NA,NA,NA,NA,NA,NA,NA,NA,NA,NA,NA,NA
12,bulk tissue,Tooth enamel,field,South Africa,-34.4234583,20.566092, Rodentia,Radloff et al. (2010),0.70926,1e-5,Estimated using Coarse Map and Google Earth,wang,FALSE,NA,NA,NA,NA,NA,NA,NA,NA,NA,NA,NA,NA,NA,NA,NA,NA,NA,NA,NA,NA,NA,NA,NA,NA,NA,NA,NA,NA,NA,NA,NA,NA,NA,NA,NA,NA,NA,NA,NA,NA
12,bulk tissue,Tooth enamel,field,South Africa,-34.4234583,20.566092, Rodentia,Radloff et al. (2010),0.7093,9e-5,Estimated using Coarse Map and Google Earth,wang,FALSE,NA,NA,NA,NA,NA,NA,NA,NA,NA,NA,NA,NA,NA,NA,NA,NA,NA,NA,NA,NA,NA,NA,NA,NA,NA,NA,NA,NA,NA,NA,NA,NA,NA,NA,NA,NA,NA,NA,NA,NA
12,bulk tissue,Tooth enamel,field,South Africa,-34.4234583,20.566092, Rodentia,Radloff et al. (2010),0.70926,1e-5,Estimated using Coarse Map and Google Earth,wang,FALSE,NA,NA,NA,NA,NA,NA,NA,NA,NA,NA,NA,NA,NA,NA,NA,NA,NA,NA,NA,NA,NA,NA,NA,NA,NA,NA,NA,NA,NA,NA,NA,NA,NA,NA,NA,NA,NA,NA,NA,NA
13,bulk tissue,Tooth enamel,field,South Africa,-34.4249722,20.487386, Rodentia,Radloff et al. (2010),0.70926,1e-5,Estimated using Coarse Map and Google Earth,wang,FALSE,NA,NA,NA,NA,NA,NA,NA,NA,NA,NA,NA,NA,NA,NA,NA,NA,NA,NA,NA,NA,NA,NA,NA,NA,NA,NA,NA,NA,NA,NA,NA,NA,NA,NA,NA,NA,NA,NA,NA,NA
13,bulk tissue,Tooth enamel,field,South Africa,-34.4249722,20.487386, Rodentia,Radloff et al. (2010),0.70944,7e-5,Estimated using Coarse Map and Google Earth,wang,FALSE,NA,NA,NA,NA,NA,NA,NA,NA,NA,NA,NA,NA,NA,NA,NA,NA,NA,NA,NA,NA,NA,NA,NA,NA,NA,NA,NA,NA,NA,NA,NA,NA,NA,NA,NA,NA,NA,NA,NA,NA
13,bulk tissue,Tooth enamel,field,South Africa,-34.4249722,20.487386, Rodentia,Radloff et al. (2010),0.70954,4e-5,Estimated using Coarse Map and Google Earth,wang,FALSE,NA,NA,NA,NA,NA,NA,NA,NA,NA,NA,NA,NA,NA,NA,NA,NA,NA,NA,NA,NA,NA,NA,NA,NA,NA,NA,NA,NA,NA,NA,NA,NA,NA,NA,NA,NA,NA,NA,NA,NA
14,bulk tissue,Tooth enamel,field,South Africa,-34.4184556,20.448039, Rodentia,Radloff et al. (2010),0.7093,1e-5,Estimated using Coarse Map and Google Earth,wang,FALSE,NA,NA,NA,NA,NA,NA,NA,NA,NA,NA,NA,NA,NA,NA,NA,NA,NA,NA,NA,NA,NA,NA,NA,NA,NA,NA,NA,NA,NA,NA,NA,NA,NA,NA,NA,NA,NA,NA,NA,NA
15,bulk tissue,Tooth enamel,field,South Africa,-34.423052,20.067942, Rodentia,Radloff et al. (2010),0.70988,7e-5,Estimated using Coarse Map and Google Earth,wang,FALSE,NA,NA,NA,NA,NA,NA,NA,NA,NA,NA,NA,NA,NA,NA,NA,NA,NA,NA,NA,NA,NA,NA,NA,NA,NA,NA,NA,NA,NA,NA,NA,NA,NA,NA,NA,NA,NA,NA,NA,NA
16,bulk tissue,Tooth enamel,field,South Africa,-34.438708,20.462833, Rodentia,Radloff et al. (2010),0.70957,5e-5,Estimated using Coarse Map and Google Earth,wang,FALSE,NA,NA,NA,NA,NA,NA,NA,NA,NA,NA,NA,NA,NA,NA,NA,NA,NA,NA,NA,NA,NA,NA,NA,NA,NA,NA,NA,NA,NA,NA,NA,NA,NA,NA,NA,NA,NA,NA,NA,NA
16,bulk tissue,Tooth enamel,field,South Africa,-34.438708,20.462833, Rodentia,Radloff et al. (2010),0.70935,2e-5,Estimated using Coarse Map and Google Earth,wang,FALSE,NA,NA,NA,NA,NA,NA,NA,NA,NA,NA,NA,NA,NA,NA,NA,NA,NA,NA,NA,NA,NA,NA,NA,NA,NA,NA,NA,NA,NA,NA,NA,NA,NA,NA,NA,NA,NA,NA,NA,NA
16,bulk tissue,Tooth enamel,field,South Africa,-34.438708,20.462833, Rodentia,Radloff et al. (2010),0.70975,8e-5,Estimated using Coarse Map and Google Earth,wang,FALSE,NA,NA,NA,NA,NA,NA,NA,NA,NA,NA,NA,NA,NA,NA,NA,NA,NA,NA,NA,NA,NA,NA,NA,NA,NA,NA,NA,NA,NA,NA,NA,NA,NA,NA,NA,NA,NA,NA,NA,NA
17,bulk tissue,Tooth enamel,field,South Africa,-34.444433,20.45727, Rodentia,Radloff et al. (2010),0.70923,1e-5,Estimated using Coarse Map and Google Earth,wang,FALSE,NA,NA,NA,NA,NA,NA,NA,NA,NA,NA,NA,NA,NA,NA,NA,NA,NA,NA,NA,NA,NA,NA,NA,NA,NA,NA,NA,NA,NA,NA,NA,NA,NA,NA,NA,NA,NA,NA,NA,NA
17,bulk tissue,Tooth enamel,field,South Africa,-34.444433,20.45727, Rodentia,Radloff et al. (2010),0.70921,5e-5,Estimated using Coarse Map and Google Earth,wang,FALSE,NA,NA,NA,NA,NA,NA,NA,NA,NA,NA,NA,NA,NA,NA,NA,NA,NA,NA,NA,NA,NA,NA,NA,NA,NA,NA,NA,NA,NA,NA,NA,NA,NA,NA,NA,NA,NA,NA,NA,NA
17,bulk tissue,Tooth enamel,field,South Africa,-34.444433,20.45727, Rodentia,Radloff et al. (2010),0.70919,2e-5,Estimated using Coarse Map and Google Earth,wang,FALSE,NA,NA,NA,NA,NA,NA,NA,NA,NA,NA,NA,NA,NA,NA,NA,NA,NA,NA,NA,NA,NA,NA,NA,NA,NA,NA,NA,NA,NA,NA,NA,NA,NA,NA,NA,NA,NA,NA,NA,NA
18,bulk tissue,Tooth enamel,field,South Africa,-34.425347,20.473496, Rodentia,Radloff et al. (2010),0.70937,1e-5,Estimated using Coarse Map and Google Earth,wang,FALSE,NA,NA,NA,NA,NA,NA,NA,NA,NA,NA,NA,NA,NA,NA,NA,NA,NA,NA,NA,NA,NA,NA,NA,NA,NA,NA,NA,NA,NA,NA,NA,NA,NA,NA,NA,NA,NA,NA,NA,NA
18,bulk tissue,Tooth enamel,field,South Africa,-34.425347,20.473496, Rodentia,Radloff et al. (2010),0.70994,6e-5,Estimated using Coarse Map and Google Earth,wang,FALSE,NA,NA,NA,NA,NA,NA,NA,NA,NA,NA,NA,NA,NA,NA,NA,NA,NA,NA,NA,NA,NA,NA,NA,NA,NA,NA,NA,NA,NA,NA,NA,NA,NA,NA,NA,NA,NA,NA,NA,NA
18,bulk tissue,Tooth enamel,field,South Africa,-34.425347,20.473496, Rodentia,Radloff et al. (2010),0.7096,5e-5,Estimated using Coarse Map and Google Earth,wang,FALSE,NA,NA,NA,NA,NA,NA,NA,NA,NA,NA,NA,NA,NA,NA,NA,NA,NA,NA,NA,NA,NA,NA,NA,NA,NA,NA,NA,NA,NA,NA,NA,NA,NA,NA,NA,NA,NA,NA,NA,NA
19,bulk tissue,Tooth enamel,field,South Africa,-34.437953,20.47811, Rodentia,Radloff et al. (2010),0.7094,8e-5,Estimated using Coarse Map and Google Earth,wang,FALSE,NA,NA,NA,NA,NA,NA,NA,NA,NA,NA,NA,NA,NA,NA,NA,NA,NA,NA,NA,NA,NA,NA,NA,NA,NA,NA,NA,NA,NA,NA,NA,NA,NA,NA,NA,NA,NA,NA,NA,NA
19,bulk tissue,Tooth enamel,field,South Africa,-34.437953,20.47811, Rodentia,Radloff et al. (2010),0.70942,1e-4,Estimated using Coarse Map and Google Earth,wang,FALSE,NA,NA,NA,NA,NA,NA,NA,NA,NA,NA,NA,NA,NA,NA,NA,NA,NA,NA,NA,NA,NA,NA,NA,NA,NA,NA,NA,NA,NA,NA,NA,NA,NA,NA,NA,NA,NA,NA,NA,NA
19,bulk tissue,Tooth enamel,field,South Africa,-34.437953,20.47811, Rodentia,Radloff et al. (2010),0.70906,1e-4,Estimated using Coarse Map and Google Earth,wang,FALSE,NA,NA,NA,NA,NA,NA,NA,NA,NA,NA,NA,NA,NA,NA,NA,NA,NA,NA,NA,NA,NA,NA,NA,NA,NA,NA,NA,NA,NA,NA,NA,NA,NA,NA,NA,NA,NA,NA,NA,NA
20,bulk tissue,Tooth enamel,field,South Africa,-34.445978,20.487834, Rodentia,Radloff et al. (2010),0.70919,3e-5,Estimated using Coarse Map and Google Earth,wang,FALSE,NA,NA,NA,NA,NA,NA,NA,NA,NA,NA,NA,NA,NA,NA,NA,NA,NA,NA,NA,NA,NA,NA,NA,NA,NA,NA,NA,NA,NA,NA,NA,NA,NA,NA,NA,NA,NA,NA,NA,NA
20,bulk tissue,Tooth enamel,field,South Africa,-34.445978,20.487834, Rodentia,Radloff et al. (2010),0.70927,5e-5,Estimated using Coarse Map and Google Earth,wang,FALSE,NA,NA,NA,NA,NA,NA,NA,NA,NA,NA,NA,NA,NA,NA,NA,NA,NA,NA,NA,NA,NA,NA,NA,NA,NA,NA,NA,NA,NA,NA,NA,NA,NA,NA,NA,NA,NA,NA,NA,NA
20,bulk tissue,Tooth enamel,field,South Africa,-34.445978,20.487834, Rodentia,Radloff et al. (2010),0.70927,4e-5,Estimated using Coarse Map and Google Earth,wang,FALSE,NA,NA,NA,NA,NA,NA,NA,NA,NA,NA,NA,NA,NA,NA,NA,NA,NA,NA,NA,NA,NA,NA,NA,NA,NA,NA,NA,NA,NA,NA,NA,NA,NA,NA,NA,NA,NA,NA,NA,NA
21,bulk tissue,Tooth enamel,field,South Africa,-34.445229,20.561931, Rodentia,Radloff et al. (2010),0.70933,5e-5,Estimated using Coarse Map and Google Earth,wang,FALSE,NA,NA,NA,NA,NA,NA,NA,NA,NA,NA,NA,NA,NA,NA,NA,NA,NA,NA,NA,NA,NA,NA,NA,NA,NA,NA,NA,NA,NA,NA,NA,NA,NA,NA,NA,NA,NA,NA,NA,NA
21,bulk tissue,Tooth enamel,field,South Africa,-34.445229,20.561931, Rodentia,Radloff et al. (2010),0.7093,4e-5,Estimated using Coarse Map and Google Earth,wang,FALSE,NA,NA,NA,NA,NA,NA,NA,NA,NA,NA,NA,NA,NA,NA,NA,NA,NA,NA,NA,NA,NA,NA,NA,NA,NA,NA,NA,NA,NA,NA,NA,NA,NA,NA,NA,NA,NA,NA,NA,NA
21,bulk tissue,Tooth enamel,field,South Africa,-34.445229,20.561931, Rodentia,Radloff et al. (2010),0.70921,7e-5,Estimated using Coarse Map and Google Earth,wang,FALSE,NA,NA,NA,NA,NA,NA,NA,NA,NA,NA,NA,NA,NA,NA,NA,NA,NA,NA,NA,NA,NA,NA,NA,NA,NA,NA,NA,NA,NA,NA,NA,NA,NA,NA,NA,NA,NA,NA,NA,NA
NA,bulk tissue,Bone,field,South Africa,-34.38565,20.517956,Damaliscus pygargus,Radloff et al. (2010),0.70993,4e-5,Estimated using Coarse Map and Google Earth,wang,FALSE,NA,NA,NA,NA,NA,NA,NA,NA,NA,NA,NA,NA,NA,NA,NA,NA,NA,NA,NA,NA,NA,NA,NA,NA,NA,NA,NA,NA,NA,NA,NA,NA,NA,NA,NA,NA,NA,NA,NA,NA
NA,bulk tissue,Bone,field,South Africa,-34.38565,20.517956,Damaliscus pygargus,Radloff et al. (2010),0.70994,5e-5,Estimated using Coarse Map and Google Earth,wang,FALSE,NA,NA,NA,NA,NA,NA,NA,NA,NA,NA,NA,NA,NA,NA,NA,NA,NA,NA,NA,NA,NA,NA,NA,NA,NA,NA,NA,NA,NA,NA,NA,NA,NA,NA,NA,NA,NA,NA,NA,NA
NA,bulk tissue,Bone,field,South Africa,-34.38565,20.517956,Damaliscus pygargus,Radloff et al. (2010),0.70992,4e-5,Estimated using Coarse Map and Google Earth,wang,FALSE,NA,NA,NA,NA,NA,NA,NA,NA,NA,NA,NA,NA,NA,NA,NA,NA,NA,NA,NA,NA,NA,NA,NA,NA,NA,NA,NA,NA,NA,NA,NA,NA,NA,NA,NA,NA,NA,NA,NA,NA
NA,bulk tissue,Bone,field,South Africa,-34.38565,20.517956,Damaliscus pygargus,Radloff et al. (2010),0.71011,4e-5,Estimated using Coarse Map and Google Earth,wang,FALSE,NA,NA,NA,NA,NA,NA,NA,NA,NA,NA,NA,NA,NA,NA,NA,NA,NA,NA,NA,NA,NA,NA,NA,NA,NA,NA,NA,NA,NA,NA,NA,NA,NA,NA,NA,NA,NA,NA,NA,NA
NA,bulk tissue,Bone,field,South Africa,-34.38565,20.517956,Damaliscus pygargus,Radloff et al. (2010),0.70997,4e-5,Estimated using Coarse Map and Google Earth,wang,FALSE,NA,NA,NA,NA,NA,NA,NA,NA,NA,NA,NA,NA,NA,NA,NA,NA,NA,NA,NA,NA,NA,NA,NA,NA,NA,NA,NA,NA,NA,NA,NA,NA,NA,NA,NA,NA,NA,NA,NA,NA
NA,bulk tissue,Bone,field,South Africa,-34.438708,20.462833,Damaliscus pygargus,Radloff et al. (2010),0.70942,4e-5,Estimated using Coarse Map and Google Earth,wang,FALSE,NA,NA,NA,NA,NA,NA,NA,NA,NA,NA,NA,NA,NA,NA,NA,NA,NA,NA,NA,NA,NA,NA,NA,NA,NA,NA,NA,NA,NA,NA,NA,NA,NA,NA,NA,NA,NA,NA,NA,NA
NA,bulk tissue,Bone,field,South Africa,-34.438708,20.462833,Damaliscus pygargus,Radloff et al. (2010),0.70932,4e-5,Estimated using Coarse Map and Google Earth,wang,FALSE,NA,NA,NA,NA,NA,NA,NA,NA,NA,NA,NA,NA,NA,NA,NA,NA,NA,NA,NA,NA,NA,NA,NA,NA,NA,NA,NA,NA,NA,NA,NA,NA,NA,NA,NA,NA,NA,NA,NA,NA
NA,bulk tissue,Bone,field,South Africa,-34.438708,20.462833,Damaliscus pygargus,Radloff et al. (2010),0.70923,3e-5,Estimated using Coarse Map and Google Earth,wang,FALSE,NA,NA,NA,NA,NA,NA,NA,NA,NA,NA,NA,NA,NA,NA,NA,NA,NA,NA,NA,NA,NA,NA,NA,NA,NA,NA,NA,NA,NA,NA,NA,NA,NA,NA,NA,NA,NA,NA,NA,NA
NA,bulk tissue,Bone,field,South Africa,-34.438708,20.462833,Damaliscus pygargus,Radloff et al. (2010),0.70957,5e-5,Estimated using Coarse Map and Google Earth,wang,FALSE,NA,NA,NA,NA,NA,NA,NA,NA,NA,NA,NA,NA,NA,NA,NA,NA,NA,NA,NA,NA,NA,NA,NA,NA,NA,NA,NA,NA,NA,NA,NA,NA,NA,NA,NA,NA,NA,NA,NA,NA
NA,bulk tissue,Bone,field,South Africa,-34.438708,20.462833,Damaliscus pygargus,Radloff et al. (2010),0.70939,5e-5,Estimated using Coarse Map and Google Earth,wang,FALSE,NA,NA,NA,NA,NA,NA,NA,NA,NA,NA,NA,NA,NA,NA,NA,NA,NA,NA,NA,NA,NA,NA,NA,NA,NA,NA,NA,NA,NA,NA,NA,NA,NA,NA,NA,NA,NA,NA,NA,NA
NA,bulk tissue,Bone,field,South Africa,-34.438708,20.462833,unspecified (bird),Radloff et al. (2010),0.70921,9e-5,Estimated using Coarse Map and Google Earth,wang,FALSE,NA,NA,NA,NA,NA,NA,NA,NA,NA,NA,NA,NA,NA,NA,NA,NA,NA,NA,NA,NA,NA,NA,NA,NA,NA,NA,NA,NA,NA,NA,NA,NA,NA,NA,NA,NA,NA,NA,NA,NA
NA,bulk tissue,Bone,field,South Africa,-34.438708,20.462833,unspecified (bird),Radloff et al. (2010),0.71047,5e-5,Estimated using Coarse Map and Google Earth,wang,FALSE,NA,NA,NA,NA,NA,NA,NA,NA,NA,NA,NA,NA,NA,NA,NA,NA,NA,NA,NA,NA,NA,NA,NA,NA,NA,NA,NA,NA,NA,NA,NA,NA,NA,NA,NA,NA,NA,NA,NA,NA
NA,bulk tissue,Bone,field,South Africa,-34.438708,20.462833,unspecified (bird),Radloff et al. (2010),0.70945,6e-5,Estimated using Coarse Map and Google Earth,wang,FALSE,NA,NA,NA,NA,NA,NA,NA,NA,NA,NA,NA,NA,NA,NA,NA,NA,NA,NA,NA,NA,NA,NA,NA,NA,NA,NA,NA,NA,NA,NA,NA,NA,NA,NA,NA,NA,NA,NA,NA,NA
NA,bulk tissue,Bone,field,South Africa,-34.438708,20.462833,unspecified (bird),Radloff et al. (2010),0.70926,3e-5,Estimated using Coarse Map and Google Earth,wang,FALSE,NA,NA,NA,NA,NA,NA,NA,NA,NA,NA,NA,NA,NA,NA,NA,NA,NA,NA,NA,NA,NA,NA,NA,NA,NA,NA,NA,NA,NA,NA,NA,NA,NA,NA,NA,NA,NA,NA,NA,NA
NA,bulk tissue,Bone,field,South Africa,-34.438708,20.462833,unspecified (bird),Radloff et al. (2010),0.7092,5e-5,Estimated using Coarse Map and Google Earth,wang,FALSE,NA,NA,NA,NA,NA,NA,NA,NA,NA,NA,NA,NA,NA,NA,NA,NA,NA,NA,NA,NA,NA,NA,NA,NA,NA,NA,NA,NA,NA,NA,NA,NA,NA,NA,NA,NA,NA,NA,NA,NA
NA,bulk tissue,Bone,field,South Africa,-34.438708,20.462833,Pelea capreolus,Radloff et al. (2010),0.71165,5e-5,Estimated using Coarse Map and Google Earth,wang,FALSE,NA,NA,NA,NA,NA,NA,NA,NA,NA,NA,NA,NA,NA,NA,NA,NA,NA,NA,NA,NA,NA,NA,NA,NA,NA,NA,NA,NA,NA,NA,NA,NA,NA,NA,NA,NA,NA,NA,NA,NA
NA,bulk tissue,Bone,field,South Africa,-34.438708,20.462833,Pelea capreolus,Radloff et al. (2010),0.71104,2e-5,Estimated using Coarse Map and Google Earth,wang,FALSE,NA,NA,NA,NA,NA,NA,NA,NA,NA,NA,NA,NA,NA,NA,NA,NA,NA,NA,NA,NA,NA,NA,NA,NA,NA,NA,NA,NA,NA,NA,NA,NA,NA,NA,NA,NA,NA,NA,NA,NA
NA,bulk tissue,Bone,field,South Africa,-34.38565,20.517956,Equus zebra,Radloff et al. (2010),0.70966,7e-5,Estimated using Coarse Map and Google Earth,wang,FALSE,NA,NA,NA,NA,NA,NA,NA,NA,NA,NA,NA,NA,NA,NA,NA,NA,NA,NA,NA,NA,NA,NA,NA,NA,NA,NA,NA,NA,NA,NA,NA,NA,NA,NA,NA,NA,NA,NA,NA,NA
NA,bulk tissue,Bone,field,South Africa,-34.438708,20.462833,Equus zebra,Radloff et al. (2010),0.70988,4e-5,Estimated using Coarse Map and Google Earth,wang,FALSE,NA,NA,NA,NA,NA,NA,NA,NA,NA,NA,NA,NA,NA,NA,NA,NA,NA,NA,NA,NA,NA,NA,NA,NA,NA,NA,NA,NA,NA,NA,NA,NA,NA,NA,NA,NA,NA,NA,NA,NA
NA,bulk tissue,Bone,field,South Africa,-34.38565,20.517956,Equus zebra,Radloff et al. (2010),0.70982,9e-5,Estimated using Coarse Map and Google Earth,wang,FALSE,NA,NA,NA,NA,NA,NA,NA,NA,NA,NA,NA,NA,NA,NA,NA,NA,NA,NA,NA,NA,NA,NA,NA,NA,NA,NA,NA,NA,NA,NA,NA,NA,NA,NA,NA,NA,NA,NA,NA,NA
NA,bulk tissue,Bone,field,South Africa,-34.438708,20.462833,Equus zebra,Radloff et al. (2010),0.70992,4e-5,Estimated using Coarse Map and Google Earth,wang,FALSE,NA,NA,NA,NA,NA,NA,NA,NA,NA,NA,NA,NA,NA,NA,NA,NA,NA,NA,NA,NA,NA,NA,NA,NA,NA,NA,NA,NA,NA,NA,NA,NA,NA,NA,NA,NA,NA,NA,NA,NA
NA,bulk tissue,Bone,field,South Africa,-34.438708,20.462833,Equus zebra,Radloff et al. (2010),0.70997,3e-5,Estimated using Coarse Map and Google Earth,wang,FALSE,NA,NA,NA,NA,NA,NA,NA,NA,NA,NA,NA,NA,NA,NA,NA,NA,NA,NA,NA,NA,NA,NA,NA,NA,NA,NA,NA,NA,NA,NA,NA,NA,NA,NA,NA,NA,NA,NA,NA,NA
NA,bulk tissue,Bone,field,South Africa,-34.438708,20.462833,Taurotragus,Radloff et al. (2010),0.7101,7e-5,Estimated using Coarse Map and Google Earth,wang,FALSE,NA,NA,NA,NA,NA,NA,NA,NA,NA,NA,NA,NA,NA,NA,NA,NA,NA,NA,NA,NA,NA,NA,NA,NA,NA,NA,NA,NA,NA,NA,NA,NA,NA,NA,NA,NA,NA,NA,NA,NA
NA,bulk tissue,Bone,field,South Africa,-34.436786,20.65735,Taurotragus,Radloff et al. (2010),0.70957,1e-5,Estimated using Coarse Map and Google Earth,wang,FALSE,NA,NA,NA,NA,NA,NA,NA,NA,NA,NA,NA,NA,NA,NA,NA,NA,NA,NA,NA,NA,NA,NA,NA,NA,NA,NA,NA,NA,NA,NA,NA,NA,NA,NA,NA,NA,NA,NA,NA,NA
NA,bulk tissue,Bone,field,South Africa,-34.438708,20.462833,Taurotragus,Radloff et al. (2010),0.70978,7e-5,Estimated using Coarse Map and Google Earth,wang,FALSE,NA,NA,NA,NA,NA,NA,NA,NA,NA,NA,NA,NA,NA,NA,NA,NA,NA,NA,NA,NA,NA,NA,NA,NA,NA,NA,NA,NA,NA,NA,NA,NA,NA,NA,NA,NA,NA,NA,NA,NA
NA,bulk tissue,Bone,field,South Africa,-34.438708,20.462833,Taurotragus,Radloff et al. (2010),0.70924,4e-5,Estimated using Coarse Map and Google Earth,wang,FALSE,NA,NA,NA,NA,NA,NA,NA,NA,NA,NA,NA,NA,NA,NA,NA,NA,NA,NA,NA,NA,NA,NA,NA,NA,NA,NA,NA,NA,NA,NA,NA,NA,NA,NA,NA,NA,NA,NA,NA,NA
NA,bulk tissue,Bone,field,South Africa,-34.386414,20.523044,Taurotragus,Radloff et al. (2010),0.70929,5e-5,Estimated using Coarse Map and Google Earth,wang,FALSE,NA,NA,NA,NA,NA,NA,NA,NA,NA,NA,NA,NA,NA,NA,NA,NA,NA,NA,NA,NA,NA,NA,NA,NA,NA,NA,NA,NA,NA,NA,NA,NA,NA,NA,NA,NA,NA,NA,NA,NA
NA,bulk tissue,Bone,field,South Africa,-34.38565,20.517956,Taurotragus,Radloff et al. (2010),0.70981,3e-5,Estimated using Coarse Map and Google Earth,wang,FALSE,NA,NA,NA,NA,NA,NA,NA,NA,NA,NA,NA,NA,NA,NA,NA,NA,NA,NA,NA,NA,NA,NA,NA,NA,NA,NA,NA,NA,NA,NA,NA,NA,NA,NA,NA,NA,NA,NA,NA,NA
NA,bulk tissue,Bone,field,South Africa,-34.438708,20.462833,Taurotragus,Radloff et al. (2010),0.7093,4e-5,Estimated using Coarse Map and Google Earth,wang,FALSE,NA,NA,NA,NA,NA,NA,NA,NA,NA,NA,NA,NA,NA,NA,NA,NA,NA,NA,NA,NA,NA,NA,NA,NA,NA,NA,NA,NA,NA,NA,NA,NA,NA,NA,NA,NA,NA,NA,NA,NA
NA,bulk tissue,Bone,field,South Africa,-34.38565,20.517956,Taurotragus,Radloff et al. (2010),0.7095,4e-5,Estimated using Coarse Map and Google Earth,wang,FALSE,NA,NA,NA,NA,NA,NA,NA,NA,NA,NA,NA,NA,NA,NA,NA,NA,NA,NA,NA,NA,NA,NA,NA,NA,NA,NA,NA,NA,NA,NA,NA,NA,NA,NA,NA,NA,NA,NA,NA,NA
NA,bulk tissue,Bone,field,South Africa,-34.386414,20.523044,Taurotragus,Radloff et al. (2010),0.70961,3e-5,Estimated using Coarse Map and Google Earth,wang,FALSE,NA,NA,NA,NA,NA,NA,NA,NA,NA,NA,NA,NA,NA,NA,NA,NA,NA,NA,NA,NA,NA,NA,NA,NA,NA,NA,NA,NA,NA,NA,NA,NA,NA,NA,NA,NA,NA,NA,NA,NA
NA,bulk tissue,Bone,field,South Africa,-34.438708,20.462833,Taurotragus,Radloff et al. (2010),0.70938,4e-5,Estimated using Coarse Map and Google Earth,wang,FALSE,NA,NA,NA,NA,NA,NA,NA,NA,NA,NA,NA,NA,NA,NA,NA,NA,NA,NA,NA,NA,NA,NA,NA,NA,NA,NA,NA,NA,NA,NA,NA,NA,NA,NA,NA,NA,NA,NA,NA,NA
NA,bulk tissue,Bone,field,South Africa,-34.438708,20.462833,Taurotragus,Radloff et al. (2010),0.70978,4e-5,Estimated using Coarse Map and Google Earth,wang,FALSE,NA,NA,NA,NA,NA,NA,NA,NA,NA,NA,NA,NA,NA,NA,NA,NA,NA,NA,NA,NA,NA,NA,NA,NA,NA,NA,NA,NA,NA,NA,NA,NA,NA,NA,NA,NA,NA,NA,NA,NA
2247,bulk tissue,Bone,field,South Africa,-33.371578,19.025796,Canidae,Sealy et al. (1991),0.71777,4e-5,Reported by Author,wang,FALSE,NA,NA,NA,NA,NA,NA,NA,NA,NA,NA,NA,NA,NA,NA,NA,NA,NA,NA,NA,NA,NA,NA,NA,NA,NA,NA,NA,NA,NA,NA,NA,NA,NA,NA,NA,NA,NA,NA,NA,NA
2801,bulk tissue,Bone,field,South Africa,-33.371578,19.025796,Elephant,Sealy et al. (1991),0.71794,3e-5,Reported by Author,wang,FALSE,NA,NA,NA,NA,NA,NA,NA,NA,NA,NA,NA,NA,NA,NA,NA,NA,NA,NA,NA,NA,NA,NA,NA,NA,NA,NA,NA,NA,NA,NA,NA,NA,NA,NA,NA,NA,NA,NA,NA,NA
2081,bulk tissue,Bone,field,South Africa,-32.538289,19.279976,Monkey,Sealy et al. (1991),0.71746,3e-5,Reported by Author,wang,FALSE,NA,NA,NA,NA,NA,NA,NA,NA,NA,NA,NA,NA,NA,NA,NA,NA,NA,NA,NA,NA,NA,NA,NA,NA,NA,NA,NA,NA,NA,NA,NA,NA,NA,NA,NA,NA,NA,NA,NA,NA
average,bulk tissue,Bone,field,South Africa,-34.043485,23.044716,Elephant,Vogel et al. (1990),0.710603,NA,Estimated using Coarse Map and Google Earth,wang,FALSE,NA,NA,NA,NA,NA,NA,NA,NA,NA,NA,NA,NA,NA,NA,NA,NA,NA,NA,NA,NA,NA,NA,NA,NA,NA,NA,NA,NA,NA,NA,NA,NA,NA,NA,NA,NA,NA,NA,NA,NA
average,bulk tissue,Bone,field,South Africa,-33.507493,25.732873,Elephant,Vogel et al. (1990),0.711529,NA,Estimated using Coarse Map and Google Earth,wang,FALSE,NA,NA,NA,NA,NA,NA,NA,NA,NA,NA,NA,NA,NA,NA,NA,NA,NA,NA,NA,NA,NA,NA,NA,NA,NA,NA,NA,NA,NA,NA,NA,NA,NA,NA,NA,NA,NA,NA,NA,NA
average,bulk tissue,Bone,field,South Africa,-25.009389,31.598607,Elephant,Vogel et al. (1990),0.720883,NA,Estimated using Coarse Map and Google Earth,wang,FALSE,NA,NA,NA,NA,NA,NA,NA,NA,NA,NA,NA,NA,NA,NA,NA,NA,NA,NA,NA,NA,NA,NA,NA,NA,NA,NA,NA,NA,NA,NA,NA,NA,NA,NA,NA,NA,NA,NA,NA,NA
C4068,bulk tissue,Bone,field,South Africa,-25.357302,31.891778,Elephant,Vogel et al. (1990),0.711428,NA,Estimated using Coarse Map and Google Earth,wang,FALSE,NA,NA,NA,NA,NA,NA,NA,NA,NA,NA,NA,NA,NA,NA,NA,NA,NA,NA,NA,NA,NA,NA,NA,NA,NA,NA,NA,NA,NA,NA,NA,NA,NA,NA,NA,NA,NA,NA,NA,NA
C4051,bulk tissue,Bone,field,South Africa,-24.786766,31.85811,Elephant,Vogel et al. (1990),0.713054,NA,Estimated using Coarse Map and Google Earth,wang,FALSE,NA,NA,NA,NA,NA,NA,NA,NA,NA,NA,NA,NA,NA,NA,NA,NA,NA,NA,NA,NA,NA,NA,NA,NA,NA,NA,NA,NA,NA,NA,NA,NA,NA,NA,NA,NA,NA,NA,NA,NA
3-6z,bulk tissue,Plant,field,South Africa,-26.0443,27.8284,Acacia sp.,Copeland et al. (2011),0.75165,NA,Reported by Author,wang,FALSE,NA,NA,NA,NA,NA,NA,NA,NA,NA,NA,NA,NA,NA,NA,NA,NA,NA,NA,NA,NA,NA,NA,NA,NA,NA,NA,NA,NA,NA,NA,NA,NA,NA,NA,NA,NA,NA,NA,NA,NA
6-7,bulk tissue,Plant,field,South Africa,-26.0647,27.6555,Acacia mearnsii,Copeland et al. (2011),0.72931,NA,Reported by Author,wang,FALSE,NA,NA,NA,NA,NA,NA,NA,NA,NA,NA,NA,NA,NA,NA,NA,NA,NA,NA,NA,NA,NA,NA,NA,NA,NA,NA,NA,NA,NA,NA,NA,NA,NA,NA,NA,NA,NA,NA,NA,NA
6-1S,bulk tissue,Plant,field,South Africa,-26.0647,27.6555,Eragrostis sp.,Copeland et al. (2011),0.73081,NA,Reported by Author,wang,FALSE,NA,NA,NA,NA,NA,NA,NA,NA,NA,NA,NA,NA,NA,NA,NA,NA,NA,NA,NA,NA,NA,NA,NA,NA,NA,NA,NA,NA,NA,NA,NA,NA,NA,NA,NA,NA,NA,NA,NA,NA
7-7,bulk tissue,Plant,field,South Africa,-25.9876,27.9168,Acacia sp.,Copeland et al. (2011),0.72957,0,Reported by Author,wang,FALSE,NA,NA,NA,NA,NA,NA,NA,NA,NA,NA,NA,NA,NA,NA,NA,NA,NA,NA,NA,NA,NA,NA,NA,NA,NA,NA,NA,NA,NA,NA,NA,NA,NA,NA,NA,NA,NA,NA,NA,NA
7-3z,bulk tissue,Plant,field,South Africa,-25.9876,27.9168,Heteropogon contortus,Copeland et al. (2011),0.73108,2e-5,Reported by Author,wang,FALSE,NA,NA,NA,NA,NA,NA,NA,NA,NA,NA,NA,NA,NA,NA,NA,NA,NA,NA,NA,NA,NA,NA,NA,NA,NA,NA,NA,NA,NA,NA,NA,NA,NA,NA,NA,NA,NA,NA,NA,NA
7-9z,bulk tissue,Plant,field,South Africa,-25.9876,27.9168,Acacia sp.,Copeland et al. (2011),0.72613,2e-5,Reported by Author,wang,FALSE,NA,NA,NA,NA,NA,NA,NA,NA,NA,NA,NA,NA,NA,NA,NA,NA,NA,NA,NA,NA,NA,NA,NA,NA,NA,NA,NA,NA,NA,NA,NA,NA,NA,NA,NA,NA,NA,NA,NA,NA
9-8P,bulk tissue,Plant,field,South Africa,-25.9146,27.9429,Rhus pyroides,Copeland et al. (2011),0.73548,NA,Reported by Author,wang,FALSE,NA,NA,NA,NA,NA,NA,NA,NA,NA,NA,NA,NA,NA,NA,NA,NA,NA,NA,NA,NA,NA,NA,NA,NA,NA,NA,NA,NA,NA,NA,NA,NA,NA,NA,NA,NA,NA,NA,NA,NA
9-8S,bulk tissue,Plant,field,South Africa,-25.9146,27.9429,Rhus pyroides,Copeland et al. (2011),0.73499,NA,Reported by Author,wang,FALSE,NA,NA,NA,NA,NA,NA,NA,NA,NA,NA,NA,NA,NA,NA,NA,NA,NA,NA,NA,NA,NA,NA,NA,NA,NA,NA,NA,NA,NA,NA,NA,NA,NA,NA,NA,NA,NA,NA,NA,NA
9-1,bulk tissue,Plant,field,South Africa,-25.9146,27.9429,Heteropogon contortus,Copeland et al. (2011),0.73721,NA,Reported by Author,wang,FALSE,NA,NA,NA,NA,NA,NA,NA,NA,NA,NA,NA,NA,NA,NA,NA,NA,NA,NA,NA,NA,NA,NA,NA,NA,NA,NA,NA,NA,NA,NA,NA,NA,NA,NA,NA,NA,NA,NA,NA,NA
9-1z,bulk tissue,Plant,field,South Africa,-25.9146,27.9429,Panicum maximum,Copeland et al. (2011),0.73194,1e-5,Reported by Author,wang,FALSE,NA,NA,NA,NA,NA,NA,NA,NA,NA,NA,NA,NA,NA,NA,NA,NA,NA,NA,NA,NA,NA,NA,NA,NA,NA,NA,NA,NA,NA,NA,NA,NA,NA,NA,NA,NA,NA,NA,NA,NA
9-2z,bulk tissue,Plant,field,South Africa,-25.9146,27.9429,Themeda triandra,Copeland et al. (2011),0.73815,1e-5,Reported by Author,wang,FALSE,NA,NA,NA,NA,NA,NA,NA,NA,NA,NA,NA,NA,NA,NA,NA,NA,NA,NA,NA,NA,NA,NA,NA,NA,NA,NA,NA,NA,NA,NA,NA,NA,NA,NA,NA,NA,NA,NA,NA,NA
9-3z,bulk tissue,Plant,field,South Africa,-25.9146,27.9429,unspecified (grass),Copeland et al. (2011),0.73728,2e-5,Reported by Author,wang,FALSE,NA,NA,NA,NA,NA,NA,NA,NA,NA,NA,NA,NA,NA,NA,NA,NA,NA,NA,NA,NA,NA,NA,NA,NA,NA,NA,NA,NA,NA,NA,NA,NA,NA,NA,NA,NA,NA,NA,NA,NA
9-5z,bulk tissue,Plant,field,South Africa,-25.9146,27.9429,Sorghum bicolor,Copeland et al. (2011),0.73407,1e-5,Reported by Author,wang,FALSE,NA,NA,NA,NA,NA,NA,NA,NA,NA,NA,NA,NA,NA,NA,NA,NA,NA,NA,NA,NA,NA,NA,NA,NA,NA,NA,NA,NA,NA,NA,NA,NA,NA,NA,NA,NA,NA,NA,NA,NA
9-6z,bulk tissue,Plant,field,South Africa,-25.9146,27.9429,Rhus lancea,Copeland et al. (2011),0.73575,1e-5,Reported by Author,wang,FALSE,NA,NA,NA,NA,NA,NA,NA,NA,NA,NA,NA,NA,NA,NA,NA,NA,NA,NA,NA,NA,NA,NA,NA,NA,NA,NA,NA,NA,NA,NA,NA,NA,NA,NA,NA,NA,NA,NA,NA,NA
9-7z,bulk tissue,Plant,field,South Africa,-25.9146,27.9429,Euclea crispa,Copeland et al. (2011),0.73478,2e-5,Reported by Author,wang,FALSE,NA,NA,NA,NA,NA,NA,NA,NA,NA,NA,NA,NA,NA,NA,NA,NA,NA,NA,NA,NA,NA,NA,NA,NA,NA,NA,NA,NA,NA,NA,NA,NA,NA,NA,NA,NA,NA,NA,NA,NA
9-8z,bulk tissue,Plant,field,South Africa,-25.9146,27.9429,Rhus lancea,Copeland et al. (2011),0.73414,1e-5,Reported by Author,wang,FALSE,NA,NA,NA,NA,NA,NA,NA,NA,NA,NA,NA,NA,NA,NA,NA,NA,NA,NA,NA,NA,NA,NA,NA,NA,NA,NA,NA,NA,NA,NA,NA,NA,NA,NA,NA,NA,NA,NA,NA,NA
9-9z,bulk tissue,Plant,field,South Africa,-25.9146,27.9429,Rhus lancea,Copeland et al. (2011),0.73484,1e-5,Reported by Author,wang,FALSE,NA,NA,NA,NA,NA,NA,NA,NA,NA,NA,NA,NA,NA,NA,NA,NA,NA,NA,NA,NA,NA,NA,NA,NA,NA,NA,NA,NA,NA,NA,NA,NA,NA,NA,NA,NA,NA,NA,NA,NA
9-10z,bulk tissue,Plant,field,South Africa,-25.9146,27.9429,Olea europea subsp. Africana,Copeland et al. (2011),0.73381,1e-5,Reported by Author,wang,FALSE,NA,NA,NA,NA,NA,NA,NA,NA,NA,NA,NA,NA,NA,NA,NA,NA,NA,NA,NA,NA,NA,NA,NA,NA,NA,NA,NA,NA,NA,NA,NA,NA,NA,NA,NA,NA,NA,NA,NA,NA
11-7,bulk tissue,Plant,field,South Africa,-25.7984,27.8934,Acacia sp.,Copeland et al. (2011),0.74986,NA,Reported by Author,wang,FALSE,NA,NA,NA,NA,NA,NA,NA,NA,NA,NA,NA,NA,NA,NA,NA,NA,NA,NA,NA,NA,NA,NA,NA,NA,NA,NA,NA,NA,NA,NA,NA,NA,NA,NA,NA,NA,NA,NA,NA,NA
11-2,bulk tissue,Plant,field,South Africa,-25.7984,27.8934,Melinus repens,Copeland et al. (2011),0.74785,NA,Reported by Author,wang,FALSE,NA,NA,NA,NA,NA,NA,NA,NA,NA,NA,NA,NA,NA,NA,NA,NA,NA,NA,NA,NA,NA,NA,NA,NA,NA,NA,NA,NA,NA,NA,NA,NA,NA,NA,NA,NA,NA,NA,NA,NA
11-2z,bulk tissue,Plant,field,South Africa,-25.7984,27.8934,Themeda triandra,Copeland et al. (2011),0.7529,2e-5,Reported by Author,wang,FALSE,NA,NA,NA,NA,NA,NA,NA,NA,NA,NA,NA,NA,NA,NA,NA,NA,NA,NA,NA,NA,NA,NA,NA,NA,NA,NA,NA,NA,NA,NA,NA,NA,NA,NA,NA,NA,NA,NA,NA,NA
11-8z,bulk tissue,Plant,field,South Africa,-25.7984,27.8934,Euclea sp.,Copeland et al. (2011),0.75385,2e-5,Reported by Author,wang,FALSE,NA,NA,NA,NA,NA,NA,NA,NA,NA,NA,NA,NA,NA,NA,NA,NA,NA,NA,NA,NA,NA,NA,NA,NA,NA,NA,NA,NA,NA,NA,NA,NA,NA,NA,NA,NA,NA,NA,NA,NA
11-6,bulk tissue,Plant,field,South Africa,-25.7984,27.8934,Boscia foetida,Copeland et al. (2011),0.74776,2e-5,Reported by Author,wang,FALSE,NA,NA,NA,NA,NA,NA,NA,NA,NA,NA,NA,NA,NA,NA,NA,NA,NA,NA,NA,NA,NA,NA,NA,NA,NA,NA,NA,NA,NA,NA,NA,NA,NA,NA,NA,NA,NA,NA,NA,NA
11-3z,bulk tissue,Plant,field,South Africa,-25.7984,27.8934,Themeda triandra,Copeland et al. (2011),0.7509,1e-5,Reported by Author,wang,FALSE,NA,NA,NA,NA,NA,NA,NA,NA,NA,NA,NA,NA,NA,NA,NA,NA,NA,NA,NA,NA,NA,NA,NA,NA,NA,NA,NA,NA,NA,NA,NA,NA,NA,NA,NA,NA,NA,NA,NA,NA
11-5,bulk tissue,Plant,field,South Africa,-25.7984,27.8934,Themeda triandra,Copeland et al. (2011),0.75244,2e-5,Reported by Author,wang,FALSE,NA,NA,NA,NA,NA,NA,NA,NA,NA,NA,NA,NA,NA,NA,NA,NA,NA,NA,NA,NA,NA,NA,NA,NA,NA,NA,NA,NA,NA,NA,NA,NA,NA,NA,NA,NA,NA,NA,NA,NA
11-7z,bulk tissue,Plant,field,South Africa,-25.7984,27.8934,Acacia sp.,Copeland et al. (2011),0.75274,1e-5,Reported by Author,wang,FALSE,NA,NA,NA,NA,NA,NA,NA,NA,NA,NA,NA,NA,NA,NA,NA,NA,NA,NA,NA,NA,NA,NA,NA,NA,NA,NA,NA,NA,NA,NA,NA,NA,NA,NA,NA,NA,NA,NA,NA,NA
11-8,bulk tissue,Plant,field,South Africa,-25.7984,27.8934,Burkea africana,Copeland et al. (2011),0.74976,1e-5,Reported by Author,wang,FALSE,NA,NA,NA,NA,NA,NA,NA,NA,NA,NA,NA,NA,NA,NA,NA,NA,NA,NA,NA,NA,NA,NA,NA,NA,NA,NA,NA,NA,NA,NA,NA,NA,NA,NA,NA,NA,NA,NA,NA,NA
11-9z,bulk tissue,Plant,field,South Africa,-25.7984,27.8934,Rhus lancea,Copeland et al. (2011),0.75114,1e-5,Reported by Author,wang,FALSE,NA,NA,NA,NA,NA,NA,NA,NA,NA,NA,NA,NA,NA,NA,NA,NA,NA,NA,NA,NA,NA,NA,NA,NA,NA,NA,NA,NA,NA,NA,NA,NA,NA,NA,NA,NA,NA,NA,NA,NA
12-2z,bulk tissue,Plant,field,South Africa,-25.837,27.7778,Themeda triandra,Copeland et al. (2011),0.74068,1e-5,Reported by Author,wang,FALSE,NA,NA,NA,NA,NA,NA,NA,NA,NA,NA,NA,NA,NA,NA,NA,NA,NA,NA,NA,NA,NA,NA,NA,NA,NA,NA,NA,NA,NA,NA,NA,NA,NA,NA,NA,NA,NA,NA,NA,NA
12-6z,bulk tissue,Plant,field,South Africa,-25.837,27.7778,Rhus lancea,Copeland et al. (2011),0.74122,1e-5,Reported by Author,wang,FALSE,NA,NA,NA,NA,NA,NA,NA,NA,NA,NA,NA,NA,NA,NA,NA,NA,NA,NA,NA,NA,NA,NA,NA,NA,NA,NA,NA,NA,NA,NA,NA,NA,NA,NA,NA,NA,NA,NA,NA,NA
14-8z,bulk tissue,Plant,field,South Africa,-25.8875,27.7122,Ficus sycomorus,Copeland et al. (2011),0.74083,NA,Reported by Author,wang,FALSE,NA,NA,NA,NA,NA,NA,NA,NA,NA,NA,NA,NA,NA,NA,NA,NA,NA,NA,NA,NA,NA,NA,NA,NA,NA,NA,NA,NA,NA,NA,NA,NA,NA,NA,NA,NA,NA,NA,NA,NA
14-1z,bulk tissue,Plant,field,South Africa,-25.8875,27.7122,Themeda triandra,Copeland et al. (2011),0.74295,2e-5,Reported by Author,wang,FALSE,NA,NA,NA,NA,NA,NA,NA,NA,NA,NA,NA,NA,NA,NA,NA,NA,NA,NA,NA,NA,NA,NA,NA,NA,NA,NA,NA,NA,NA,NA,NA,NA,NA,NA,NA,NA,NA,NA,NA,NA
14-9z,bulk tissue,Plant,field,South Africa,-25.8875,27.7122,Acacia sp.,Copeland et al. (2011),0.74673,2e-5,Reported by Author,wang,FALSE,NA,NA,NA,NA,NA,NA,NA,NA,NA,NA,NA,NA,NA,NA,NA,NA,NA,NA,NA,NA,NA,NA,NA,NA,NA,NA,NA,NA,NA,NA,NA,NA,NA,NA,NA,NA,NA,NA,NA,NA
15-8,bulk tissue,Plant,field,South Africa,-25.6182,27.8004,Acacia sp.,Copeland et al. (2011),0.71321,NA,Reported by Author,wang,FALSE,NA,NA,NA,NA,NA,NA,NA,NA,NA,NA,NA,NA,NA,NA,NA,NA,NA,NA,NA,NA,NA,NA,NA,NA,NA,NA,NA,NA,NA,NA,NA,NA,NA,NA,NA,NA,NA,NA,NA,NA
15-4P,bulk tissue,Plant,field,South Africa,-25.6182,27.8004,Brachiaria nigropedata,Copeland et al. (2011),0.71302,NA,Reported by Author,wang,FALSE,NA,NA,NA,NA,NA,NA,NA,NA,NA,NA,NA,NA,NA,NA,NA,NA,NA,NA,NA,NA,NA,NA,NA,NA,NA,NA,NA,NA,NA,NA,NA,NA,NA,NA,NA,NA,NA,NA,NA,NA
15-4S,bulk tissue,Plant,field,South Africa,-25.6182,27.8004,Brachiaria nigropedata,Copeland et al. (2011),0.7129,NA,Reported by Author,wang,FALSE,NA,NA,NA,NA,NA,NA,NA,NA,NA,NA,NA,NA,NA,NA,NA,NA,NA,NA,NA,NA,NA,NA,NA,NA,NA,NA,NA,NA,NA,NA,NA,NA,NA,NA,NA,NA,NA,NA,NA,NA
15-2,bulk tissue,Plant,field,South Africa,-25.6182,27.8004,Heteropogon contortus,Copeland et al. (2011),0.71326,1e-5,Reported by Author,wang,FALSE,NA,NA,NA,NA,NA,NA,NA,NA,NA,NA,NA,NA,NA,NA,NA,NA,NA,NA,NA,NA,NA,NA,NA,NA,NA,NA,NA,NA,NA,NA,NA,NA,NA,NA,NA,NA,NA,NA,NA,NA
15-3z,bulk tissue,Plant,field,South Africa,-25.6182,27.8004,Themeda triandra,Copeland et al. (2011),0.71416,1e-5,Reported by Author,wang,FALSE,NA,NA,NA,NA,NA,NA,NA,NA,NA,NA,NA,NA,NA,NA,NA,NA,NA,NA,NA,NA,NA,NA,NA,NA,NA,NA,NA,NA,NA,NA,NA,NA,NA,NA,NA,NA,NA,NA,NA,NA
15-4z,bulk tissue,Plant,field,South Africa,-25.6182,27.8004,Themeda triandra,Copeland et al. (2011),0.71359,1e-5,Reported by Author,wang,FALSE,NA,NA,NA,NA,NA,NA,NA,NA,NA,NA,NA,NA,NA,NA,NA,NA,NA,NA,NA,NA,NA,NA,NA,NA,NA,NA,NA,NA,NA,NA,NA,NA,NA,NA,NA,NA,NA,NA,NA,NA
15-6z,bulk tissue,Plant,field,South Africa,-25.6182,27.8004,Acacia sp.,Copeland et al. (2011),0.71282,2e-5,Reported by Author,wang,FALSE,NA,NA,NA,NA,NA,NA,NA,NA,NA,NA,NA,NA,NA,NA,NA,NA,NA,NA,NA,NA,NA,NA,NA,NA,NA,NA,NA,NA,NA,NA,NA,NA,NA,NA,NA,NA,NA,NA,NA,NA
15-7z,bulk tissue,Plant,field,South Africa,-25.6182,27.8004,Eucalyptus,Copeland et al. (2011),0.71233,1e-5,Reported by Author,wang,FALSE,NA,NA,NA,NA,NA,NA,NA,NA,NA,NA,NA,NA,NA,NA,NA,NA,NA,NA,NA,NA,NA,NA,NA,NA,NA,NA,NA,NA,NA,NA,NA,NA,NA,NA,NA,NA,NA,NA,NA,NA
15-8z,bulk tissue,Plant,field,South Africa,-25.6182,27.8004,Eucalyptus,Copeland et al. (2011),0.71255,2e-5,Reported by Author,wang,FALSE,NA,NA,NA,NA,NA,NA,NA,NA,NA,NA,NA,NA,NA,NA,NA,NA,NA,NA,NA,NA,NA,NA,NA,NA,NA,NA,NA,NA,NA,NA,NA,NA,NA,NA,NA,NA,NA,NA,NA,NA
15-9z,bulk tissue,Plant,field,South Africa,-25.6182,27.8004,Acacia sp.,Copeland et al. (2011),0.71299,2e-5,Reported by Author,wang,FALSE,NA,NA,NA,NA,NA,NA,NA,NA,NA,NA,NA,NA,NA,NA,NA,NA,NA,NA,NA,NA,NA,NA,NA,NA,NA,NA,NA,NA,NA,NA,NA,NA,NA,NA,NA,NA,NA,NA,NA,NA
17-2y,bulk tissue,Plant,field,South Africa,-25.9827,27.7924,Hyparrhenia sp.,Copeland et al. (2011),0.72837,1e-5,Reported by Author,wang,FALSE,NA,NA,NA,NA,NA,NA,NA,NA,NA,NA,NA,NA,NA,NA,NA,NA,NA,NA,NA,NA,NA,NA,NA,NA,NA,NA,NA,NA,NA,NA,NA,NA,NA,NA,NA,NA,NA,NA,NA,NA
17-4y,bulk tissue,Plant,field,South Africa,-25.9827,27.7924,unspecified (forb),Copeland et al. (2011),0.72669,1e-5,Reported by Author,wang,FALSE,NA,NA,NA,NA,NA,NA,NA,NA,NA,NA,NA,NA,NA,NA,NA,NA,NA,NA,NA,NA,NA,NA,NA,NA,NA,NA,NA,NA,NA,NA,NA,NA,NA,NA,NA,NA,NA,NA,NA,NA
17-7y,bulk tissue,Plant,field,South Africa,-25.9827,27.7924,Eragrostis currula,Copeland et al. (2011),0.72346,1e-5,Reported by Author,wang,FALSE,NA,NA,NA,NA,NA,NA,NA,NA,NA,NA,NA,NA,NA,NA,NA,NA,NA,NA,NA,NA,NA,NA,NA,NA,NA,NA,NA,NA,NA,NA,NA,NA,NA,NA,NA,NA,NA,NA,NA,NA
17-9y,bulk tissue,Plant,field,South Africa,-25.9827,27.7924,Aristida sp.,Copeland et al. (2011),0.72079,1e-5,Reported by Author,wang,FALSE,NA,NA,NA,NA,NA,NA,NA,NA,NA,NA,NA,NA,NA,NA,NA,NA,NA,NA,NA,NA,NA,NA,NA,NA,NA,NA,NA,NA,NA,NA,NA,NA,NA,NA,NA,NA,NA,NA,NA,NA
17-10y,bulk tissue,Plant,field,South Africa,-25.9827,27.7924,unspecified (forb),Copeland et al. (2011),0.72402,2e-5,Reported by Author,wang,FALSE,NA,NA,NA,NA,NA,NA,NA,NA,NA,NA,NA,NA,NA,NA,NA,NA,NA,NA,NA,NA,NA,NA,NA,NA,NA,NA,NA,NA,NA,NA,NA,NA,NA,NA,NA,NA,NA,NA,NA,NA
17-12y,bulk tissue,Plant,field,South Africa,-25.9827,27.7924,unspecified (grass),Copeland et al. (2011),0.72999,2e-5,Reported by Author,wang,FALSE,NA,NA,NA,NA,NA,NA,NA,NA,NA,NA,NA,NA,NA,NA,NA,NA,NA,NA,NA,NA,NA,NA,NA,NA,NA,NA,NA,NA,NA,NA,NA,NA,NA,NA,NA,NA,NA,NA,NA,NA
17-13y,bulk tissue,Plant,field,South Africa,-25.9827,27.7924,unspecified (shrub),Copeland et al. (2011),0.72794,1e-5,Reported by Author,wang,FALSE,NA,NA,NA,NA,NA,NA,NA,NA,NA,NA,NA,NA,NA,NA,NA,NA,NA,NA,NA,NA,NA,NA,NA,NA,NA,NA,NA,NA,NA,NA,NA,NA,NA,NA,NA,NA,NA,NA,NA,NA
17-14y,bulk tissue,Plant,field,South Africa,-25.9827,27.7924,unspecified (forb),Copeland et al. (2011),0.73254,1e-5,Reported by Author,wang,FALSE,NA,NA,NA,NA,NA,NA,NA,NA,NA,NA,NA,NA,NA,NA,NA,NA,NA,NA,NA,NA,NA,NA,NA,NA,NA,NA,NA,NA,NA,NA,NA,NA,NA,NA,NA,NA,NA,NA,NA,NA
18-8,bulk tissue,Plant,field,South Africa,-26.1864,27.559,Acacia mearnsii,Copeland et al. (2011),0.7403,NA,Reported by Author,wang,FALSE,NA,NA,NA,NA,NA,NA,NA,NA,NA,NA,NA,NA,NA,NA,NA,NA,NA,NA,NA,NA,NA,NA,NA,NA,NA,NA,NA,NA,NA,NA,NA,NA,NA,NA,NA,NA,NA,NA,NA,NA
18-1,bulk tissue,Plant,field,South Africa,-26.1864,27.559,Panicum maximum,Copeland et al. (2011),0.73633,2e-5,Reported by Author,wang,FALSE,NA,NA,NA,NA,NA,NA,NA,NA,NA,NA,NA,NA,NA,NA,NA,NA,NA,NA,NA,NA,NA,NA,NA,NA,NA,NA,NA,NA,NA,NA,NA,NA,NA,NA,NA,NA,NA,NA,NA,NA
18-2,bulk tissue,Plant,field,South Africa,-26.1864,27.559,Urelybrum agropyroides,Copeland et al. (2011),0.73709,2e-5,Reported by Author,wang,FALSE,NA,NA,NA,NA,NA,NA,NA,NA,NA,NA,NA,NA,NA,NA,NA,NA,NA,NA,NA,NA,NA,NA,NA,NA,NA,NA,NA,NA,NA,NA,NA,NA,NA,NA,NA,NA,NA,NA,NA,NA
18-3,bulk tissue,Plant,field,South Africa,-26.1864,27.559,Melinis repens,Copeland et al. (2011),0.73717,2e-5,Reported by Author,wang,FALSE,NA,NA,NA,NA,NA,NA,NA,NA,NA,NA,NA,NA,NA,NA,NA,NA,NA,NA,NA,NA,NA,NA,NA,NA,NA,NA,NA,NA,NA,NA,NA,NA,NA,NA,NA,NA,NA,NA,NA,NA
18-4,bulk tissue,Plant,field,South Africa,-26.1864,27.559,Heteropogon contortus,Copeland et al. (2011),0.73806,1e-5,Reported by Author,wang,FALSE,NA,NA,NA,NA,NA,NA,NA,NA,NA,NA,NA,NA,NA,NA,NA,NA,NA,NA,NA,NA,NA,NA,NA,NA,NA,NA,NA,NA,NA,NA,NA,NA,NA,NA,NA,NA,NA,NA,NA,NA
18-5,bulk tissue,Plant,field,South Africa,-26.1864,27.559,Elionurus muticus,Copeland et al. (2011),0.73817,2e-5,Reported by Author,wang,FALSE,NA,NA,NA,NA,NA,NA,NA,NA,NA,NA,NA,NA,NA,NA,NA,NA,NA,NA,NA,NA,NA,NA,NA,NA,NA,NA,NA,NA,NA,NA,NA,NA,NA,NA,NA,NA,NA,NA,NA,NA
18-6,bulk tissue,Plant,field,South Africa,-26.1864,27.559,Acacia mearnsii,Copeland et al. (2011),0.73881,2e-5,Reported by Author,wang,FALSE,NA,NA,NA,NA,NA,NA,NA,NA,NA,NA,NA,NA,NA,NA,NA,NA,NA,NA,NA,NA,NA,NA,NA,NA,NA,NA,NA,NA,NA,NA,NA,NA,NA,NA,NA,NA,NA,NA,NA,NA
18-7,bulk tissue,Plant,field,South Africa,-26.1864,27.559,Acacia mearnsii,Copeland et al. (2011),0.73759,1e-5,Reported by Author,wang,FALSE,NA,NA,NA,NA,NA,NA,NA,NA,NA,NA,NA,NA,NA,NA,NA,NA,NA,NA,NA,NA,NA,NA,NA,NA,NA,NA,NA,NA,NA,NA,NA,NA,NA,NA,NA,NA,NA,NA,NA,NA
18-9b,bulk tissue,Plant,field,South Africa,-26.1864,27.559,Eucalyptus globulus,Copeland et al. (2011),0.74026,1e-5,Reported by Author,wang,FALSE,NA,NA,NA,NA,NA,NA,NA,NA,NA,NA,NA,NA,NA,NA,NA,NA,NA,NA,NA,NA,NA,NA,NA,NA,NA,NA,NA,NA,NA,NA,NA,NA,NA,NA,NA,NA,NA,NA,NA,NA
18-10,bulk tissue,Plant,field,South Africa,-26.1864,27.559,Eucalyptus globulus,Copeland et al. (2011),0.7357,2e-5,Reported by Author,wang,FALSE,NA,NA,NA,NA,NA,NA,NA,NA,NA,NA,NA,NA,NA,NA,NA,NA,NA,NA,NA,NA,NA,NA,NA,NA,NA,NA,NA,NA,NA,NA,NA,NA,NA,NA,NA,NA,NA,NA,NA,NA
18-1z,bulk tissue,Plant,field,South Africa,-26.1864,27.559,Panicum maximum,Copeland et al. (2011),0.73387,2e-5,Reported by Author,wang,FALSE,NA,NA,NA,NA,NA,NA,NA,NA,NA,NA,NA,NA,NA,NA,NA,NA,NA,NA,NA,NA,NA,NA,NA,NA,NA,NA,NA,NA,NA,NA,NA,NA,NA,NA,NA,NA,NA,NA,NA,NA
19-7z,bulk tissue,Plant,field,South Africa,-26.22,27.4468,Acacia mearnsii,Copeland et al. (2011),0.73596,1e-5,Reported by Author,wang,FALSE,NA,NA,NA,NA,NA,NA,NA,NA,NA,NA,NA,NA,NA,NA,NA,NA,NA,NA,NA,NA,NA,NA,NA,NA,NA,NA,NA,NA,NA,NA,NA,NA,NA,NA,NA,NA,NA,NA,NA,NA
21-6,bulk tissue,Plant,field,South Africa,-25.9263,27.8229,Cussonia paniculata,Copeland et al. (2011),0.73122,NA,Reported by Author,wang,FALSE,NA,NA,NA,NA,NA,NA,NA,NA,NA,NA,NA,NA,NA,NA,NA,NA,NA,NA,NA,NA,NA,NA,NA,NA,NA,NA,NA,NA,NA,NA,NA,NA,NA,NA,NA,NA,NA,NA,NA,NA
21-2,bulk tissue,Plant,field,South Africa,-25.9263,27.8229,Cenchrus ciliaris,Copeland et al. (2011),0.7302,NA,Reported by Author,wang,FALSE,NA,NA,NA,NA,NA,NA,NA,NA,NA,NA,NA,NA,NA,NA,NA,NA,NA,NA,NA,NA,NA,NA,NA,NA,NA,NA,NA,NA,NA,NA,NA,NA,NA,NA,NA,NA,NA,NA,NA,NA
23-9z,bulk tissue,Plant,field,South Africa,-25.9099,27.7796,Orozoa sp.,Copeland et al. (2011),0.72664,NA,Reported by Author,wang,FALSE,NA,NA,NA,NA,NA,NA,NA,NA,NA,NA,NA,NA,NA,NA,NA,NA,NA,NA,NA,NA,NA,NA,NA,NA,NA,NA,NA,NA,NA,NA,NA,NA,NA,NA,NA,NA,NA,NA,NA,NA
23-1z,bulk tissue,Plant,field,South Africa,-25.9099,27.7796,Eragrostis sp.,Copeland et al. (2011),0.72573,2e-5,Reported by Author,wang,FALSE,NA,NA,NA,NA,NA,NA,NA,NA,NA,NA,NA,NA,NA,NA,NA,NA,NA,NA,NA,NA,NA,NA,NA,NA,NA,NA,NA,NA,NA,NA,NA,NA,NA,NA,NA,NA,NA,NA,NA,NA
23-2z,bulk tissue,Plant,field,South Africa,-25.9099,27.7796,Setaria sp.,Copeland et al. (2011),0.72716,2e-5,Reported by Author,wang,FALSE,NA,NA,NA,NA,NA,NA,NA,NA,NA,NA,NA,NA,NA,NA,NA,NA,NA,NA,NA,NA,NA,NA,NA,NA,NA,NA,NA,NA,NA,NA,NA,NA,NA,NA,NA,NA,NA,NA,NA,NA
23-3z,bulk tissue,Plant,field,South Africa,-25.9099,27.7796,Setaria sp.,Copeland et al. (2011),0.72604,2e-5,Reported by Author,wang,FALSE,NA,NA,NA,NA,NA,NA,NA,NA,NA,NA,NA,NA,NA,NA,NA,NA,NA,NA,NA,NA,NA,NA,NA,NA,NA,NA,NA,NA,NA,NA,NA,NA,NA,NA,NA,NA,NA,NA,NA,NA
23-4z,bulk tissue,Plant,field,South Africa,-25.9099,27.7796,Aristida sp.,Copeland et al. (2011),0.72617,3e-5,Reported by Author,wang,FALSE,NA,NA,NA,NA,NA,NA,NA,NA,NA,NA,NA,NA,NA,NA,NA,NA,NA,NA,NA,NA,NA,NA,NA,NA,NA,NA,NA,NA,NA,NA,NA,NA,NA,NA,NA,NA,NA,NA,NA,NA
23-5z,bulk tissue,Plant,field,South Africa,-25.9099,27.7796,Eragrostis sp.,Copeland et al. (2011),0.72585,2e-5,Reported by Author,wang,FALSE,NA,NA,NA,NA,NA,NA,NA,NA,NA,NA,NA,NA,NA,NA,NA,NA,NA,NA,NA,NA,NA,NA,NA,NA,NA,NA,NA,NA,NA,NA,NA,NA,NA,NA,NA,NA,NA,NA,NA,NA
23-6z,bulk tissue,Plant,field,South Africa,-25.9099,27.7796,Albizia sp.,Copeland et al. (2011),0.72576,2e-5,Reported by Author,wang,FALSE,NA,NA,NA,NA,NA,NA,NA,NA,NA,NA,NA,NA,NA,NA,NA,NA,NA,NA,NA,NA,NA,NA,NA,NA,NA,NA,NA,NA,NA,NA,NA,NA,NA,NA,NA,NA,NA,NA,NA,NA
23-7z,bulk tissue,Plant,field,South Africa,-25.9099,27.7796,Euclea crispa,Copeland et al. (2011),0.72594,6e-5,Reported by Author,wang,FALSE,NA,NA,NA,NA,NA,NA,NA,NA,NA,NA,NA,NA,NA,NA,NA,NA,NA,NA,NA,NA,NA,NA,NA,NA,NA,NA,NA,NA,NA,NA,NA,NA,NA,NA,NA,NA,NA,NA,NA,NA
23-8z,bulk tissue,Plant,field,South Africa,-25.9099,27.7796,Rhus pyroides,Copeland et al. (2011),0.72614,1e-5,Reported by Author,wang,FALSE,NA,NA,NA,NA,NA,NA,NA,NA,NA,NA,NA,NA,NA,NA,NA,NA,NA,NA,NA,NA,NA,NA,NA,NA,NA,NA,NA,NA,NA,NA,NA,NA,NA,NA,NA,NA,NA,NA,NA,NA
23-10z,bulk tissue,Plant,field,South Africa,-25.9099,27.7796,Crassula sp.,Copeland et al. (2011),0.72545,2e-5,Reported by Author,wang,FALSE,NA,NA,NA,NA,NA,NA,NA,NA,NA,NA,NA,NA,NA,NA,NA,NA,NA,NA,NA,NA,NA,NA,NA,NA,NA,NA,NA,NA,NA,NA,NA,NA,NA,NA,NA,NA,NA,NA,NA,NA
23-11z,bulk tissue,Plant,field,South Africa,-25.9099,27.7796,Dombeya rotundifolia,Copeland et al. (2011),0.72448,3e-5,Reported by Author,wang,FALSE,NA,NA,NA,NA,NA,NA,NA,NA,NA,NA,NA,NA,NA,NA,NA,NA,NA,NA,NA,NA,NA,NA,NA,NA,NA,NA,NA,NA,NA,NA,NA,NA,NA,NA,NA,NA,NA,NA,NA,NA
26-7,bulk tissue,Plant,field,South Africa,-25.8956,27.7726,Grewia monticola,Copeland et al. (2011),0.7324,NA,Reported by Author,wang,FALSE,NA,NA,NA,NA,NA,NA,NA,NA,NA,NA,NA,NA,NA,NA,NA,NA,NA,NA,NA,NA,NA,NA,NA,NA,NA,NA,NA,NA,NA,NA,NA,NA,NA,NA,NA,NA,NA,NA,NA,NA
27E-15z,bulk tissue,Plant,field,South Africa,-25.8925,27.7661,Euclea sp.,Copeland et al. (2011),0.72963,NA,Reported by Author,wang,FALSE,NA,NA,NA,NA,NA,NA,NA,NA,NA,NA,NA,NA,NA,NA,NA,NA,NA,NA,NA,NA,NA,NA,NA,NA,NA,NA,NA,NA,NA,NA,NA,NA,NA,NA,NA,NA,NA,NA,NA,NA
27A-1z,bulk tissue,Plant,field,South Africa,-25.8925,27.7661,Cyperaceae,Copeland et al. (2011),0.73,2e-5,Reported by Author,wang,FALSE,NA,NA,NA,NA,NA,NA,NA,NA,NA,NA,NA,NA,NA,NA,NA,NA,NA,NA,NA,NA,NA,NA,NA,NA,NA,NA,NA,NA,NA,NA,NA,NA,NA,NA,NA,NA,NA,NA,NA,NA
27A-2z,bulk tissue,Plant,field,South Africa,-25.8925,27.7661,Euclea crispa,Copeland et al. (2011),0.73034,1e-5,Reported by Author,wang,FALSE,NA,NA,NA,NA,NA,NA,NA,NA,NA,NA,NA,NA,NA,NA,NA,NA,NA,NA,NA,NA,NA,NA,NA,NA,NA,NA,NA,NA,NA,NA,NA,NA,NA,NA,NA,NA,NA,NA,NA,NA
27A-3z,bulk tissue,Plant,field,South Africa,-25.8925,27.7661,herbaceous shrub,Copeland et al. (2011),0.72803,2e-5,Reported by Author,wang,FALSE,NA,NA,NA,NA,NA,NA,NA,NA,NA,NA,NA,NA,NA,NA,NA,NA,NA,NA,NA,NA,NA,NA,NA,NA,NA,NA,NA,NA,NA,NA,NA,NA,NA,NA,NA,NA,NA,NA,NA,NA
27B-4z,bulk tissue,Plant,field,South Africa,-25.8925,27.7661,Themeda triandra,Copeland et al. (2011),0.72832,2e-5,Reported by Author,wang,FALSE,NA,NA,NA,NA,NA,NA,NA,NA,NA,NA,NA,NA,NA,NA,NA,NA,NA,NA,NA,NA,NA,NA,NA,NA,NA,NA,NA,NA,NA,NA,NA,NA,NA,NA,NA,NA,NA,NA,NA,NA
27B-5z,bulk tissue,Plant,field,South Africa,-25.8925,27.7661,Cyperus sp.,Copeland et al. (2011),0.72742,2e-5,Reported by Author,wang,FALSE,NA,NA,NA,NA,NA,NA,NA,NA,NA,NA,NA,NA,NA,NA,NA,NA,NA,NA,NA,NA,NA,NA,NA,NA,NA,NA,NA,NA,NA,NA,NA,NA,NA,NA,NA,NA,NA,NA,NA,NA
27B-6z,bulk tissue,Plant,field,South Africa,-25.8925,27.7661,Rhus lancea,Copeland et al. (2011),0.72718,1e-5,Reported by Author,wang,FALSE,NA,NA,NA,NA,NA,NA,NA,NA,NA,NA,NA,NA,NA,NA,NA,NA,NA,NA,NA,NA,NA,NA,NA,NA,NA,NA,NA,NA,NA,NA,NA,NA,NA,NA,NA,NA,NA,NA,NA,NA
27C-7z,bulk tissue,Plant,field,South Africa,-25.8925,27.7661,unspecified (grass),Copeland et al. (2011),0.72945,1e-5,Reported by Author,wang,FALSE,NA,NA,NA,NA,NA,NA,NA,NA,NA,NA,NA,NA,NA,NA,NA,NA,NA,NA,NA,NA,NA,NA,NA,NA,NA,NA,NA,NA,NA,NA,NA,NA,NA,NA,NA,NA,NA,NA,NA,NA
27C-8z,bulk tissue,Plant,field,South Africa,-25.8925,27.7661,Pseudolacnostylis maprouneifolia,Copeland et al. (2011),0.73007,1e-5,Reported by Author,wang,FALSE,NA,NA,NA,NA,NA,NA,NA,NA,NA,NA,NA,NA,NA,NA,NA,NA,NA,NA,NA,NA,NA,NA,NA,NA,NA,NA,NA,NA,NA,NA,NA,NA,NA,NA,NA,NA,NA,NA,NA,NA
27C-9z,bulk tissue,Plant,field,South Africa,-25.8925,27.7661,Ochna serrulata,Copeland et al. (2011),0.73188,1e-5,Reported by Author,wang,FALSE,NA,NA,NA,NA,NA,NA,NA,NA,NA,NA,NA,NA,NA,NA,NA,NA,NA,NA,NA,NA,NA,NA,NA,NA,NA,NA,NA,NA,NA,NA,NA,NA,NA,NA,NA,NA,NA,NA,NA,NA
27D-10z,bulk tissue,Plant,field,South Africa,-25.8925,27.7661,unspecified (grass),Copeland et al. (2011),0.72933,1e-5,Reported by Author,wang,FALSE,NA,NA,NA,NA,NA,NA,NA,NA,NA,NA,NA,NA,NA,NA,NA,NA,NA,NA,NA,NA,NA,NA,NA,NA,NA,NA,NA,NA,NA,NA,NA,NA,NA,NA,NA,NA,NA,NA,NA,NA
27D-11z,bulk tissue,Plant,field,South Africa,-25.8925,27.7661,"unspecified (thorny, woody forb)",Copeland et al. (2011),0.72983,1e-5,Reported by Author,wang,FALSE,NA,NA,NA,NA,NA,NA,NA,NA,NA,NA,NA,NA,NA,NA,NA,NA,NA,NA,NA,NA,NA,NA,NA,NA,NA,NA,NA,NA,NA,NA,NA,NA,NA,NA,NA,NA,NA,NA,NA,NA
27D-12z,bulk tissue,Plant,field,South Africa,-25.8925,27.7661,Dombeya rotundifolia,Copeland et al. (2011),0.73048,1e-5,Reported by Author,wang,FALSE,NA,NA,NA,NA,NA,NA,NA,NA,NA,NA,NA,NA,NA,NA,NA,NA,NA,NA,NA,NA,NA,NA,NA,NA,NA,NA,NA,NA,NA,NA,NA,NA,NA,NA,NA,NA,NA,NA,NA,NA
27E-13z,bulk tissue,Plant,field,South Africa,-25.8925,27.7661,unspecified (grass),Copeland et al. (2011),0.72641,1e-5,Reported by Author,wang,FALSE,NA,NA,NA,NA,NA,NA,NA,NA,NA,NA,NA,NA,NA,NA,NA,NA,NA,NA,NA,NA,NA,NA,NA,NA,NA,NA,NA,NA,NA,NA,NA,NA,NA,NA,NA,NA,NA,NA,NA,NA
27E-14z,bulk tissue,Plant,field,South Africa,-25.8925,27.7661,Dombeya sp.,Copeland et al. (2011),0.72702,1e-5,Reported by Author,wang,FALSE,NA,NA,NA,NA,NA,NA,NA,NA,NA,NA,NA,NA,NA,NA,NA,NA,NA,NA,NA,NA,NA,NA,NA,NA,NA,NA,NA,NA,NA,NA,NA,NA,NA,NA,NA,NA,NA,NA,NA,NA
31-6,bulk tissue,Plant,field,South Africa,-25.8855,27.7694,Ozoroa sp.,Copeland et al. (2011),0.75692,NA,Reported by Author,wang,FALSE,NA,NA,NA,NA,NA,NA,NA,NA,NA,NA,NA,NA,NA,NA,NA,NA,NA,NA,NA,NA,NA,NA,NA,NA,NA,NA,NA,NA,NA,NA,NA,NA,NA,NA,NA,NA,NA,NA,NA,NA
31-4,bulk tissue,Plant,field,South Africa,-25.8855,27.7694,Heteropogon contortus,Copeland et al. (2011),0.75247,NA,Reported by Author,wang,FALSE,NA,NA,NA,NA,NA,NA,NA,NA,NA,NA,NA,NA,NA,NA,NA,NA,NA,NA,NA,NA,NA,NA,NA,NA,NA,NA,NA,NA,NA,NA,NA,NA,NA,NA,NA,NA,NA,NA,NA,NA
31-2z,bulk tissue,Plant,field,South Africa,-25.8855,27.7694,Heteropogon contortus,Copeland et al. (2011),0.75564,1e-5,Reported by Author,wang,FALSE,NA,NA,NA,NA,NA,NA,NA,NA,NA,NA,NA,NA,NA,NA,NA,NA,NA,NA,NA,NA,NA,NA,NA,NA,NA,NA,NA,NA,NA,NA,NA,NA,NA,NA,NA,NA,NA,NA,NA,NA
31-6z,bulk tissue,Plant,field,South Africa,-25.8855,27.7694,Euclea crispa,Copeland et al. (2011),0.75807,1e-5,Reported by Author,wang,FALSE,NA,NA,NA,NA,NA,NA,NA,NA,NA,NA,NA,NA,NA,NA,NA,NA,NA,NA,NA,NA,NA,NA,NA,NA,NA,NA,NA,NA,NA,NA,NA,NA,NA,NA,NA,NA,NA,NA,NA,NA
31-8z,bulk tissue,Plant,field,South Africa,-25.8855,27.7694,Orozoa sp.,Copeland et al. (2011),0.75485,1e-5,Reported by Author,wang,FALSE,NA,NA,NA,NA,NA,NA,NA,NA,NA,NA,NA,NA,NA,NA,NA,NA,NA,NA,NA,NA,NA,NA,NA,NA,NA,NA,NA,NA,NA,NA,NA,NA,NA,NA,NA,NA,NA,NA,NA,NA
32-7z,bulk tissue,Plant,field,South Africa,-25.8855,27.7694,Ficus thonningii,Copeland et al. (2011),0.72507,NA,Reported by Author,wang,FALSE,NA,NA,NA,NA,NA,NA,NA,NA,NA,NA,NA,NA,NA,NA,NA,NA,NA,NA,NA,NA,NA,NA,NA,NA,NA,NA,NA,NA,NA,NA,NA,NA,NA,NA,NA,NA,NA,NA,NA,NA
34-8,bulk tissue,Plant,field,South Africa,-25.9073,27.7996,Rhus pyroides,Copeland et al. (2011),0.73393,1e-5,Reported by Author,wang,FALSE,NA,NA,NA,NA,NA,NA,NA,NA,NA,NA,NA,NA,NA,NA,NA,NA,NA,NA,NA,NA,NA,NA,NA,NA,NA,NA,NA,NA,NA,NA,NA,NA,NA,NA,NA,NA,NA,NA,NA,NA
37-10z,bulk tissue,Plant,field,South Africa,-25.985,27.8316,Acacia sp.,Copeland et al. (2011),0.75164,NA,Reported by Author,wang,FALSE,NA,NA,NA,NA,NA,NA,NA,NA,NA,NA,NA,NA,NA,NA,NA,NA,NA,NA,NA,NA,NA,NA,NA,NA,NA,NA,NA,NA,NA,NA,NA,NA,NA,NA,NA,NA,NA,NA,NA,NA
37-1z,bulk tissue,Plant,field,South Africa,-25.985,27.8316,Themeda triandra,Copeland et al. (2011),0.75035,2e-5,Reported by Author,wang,FALSE,NA,NA,NA,NA,NA,NA,NA,NA,NA,NA,NA,NA,NA,NA,NA,NA,NA,NA,NA,NA,NA,NA,NA,NA,NA,NA,NA,NA,NA,NA,NA,NA,NA,NA,NA,NA,NA,NA,NA,NA
37-9z,bulk tissue,Plant,field,South Africa,-25.985,27.8316,Pterocarpus rotundifolia,Copeland et al. (2011),0.74893,1e-5,Reported by Author,wang,FALSE,NA,NA,NA,NA,NA,NA,NA,NA,NA,NA,NA,NA,NA,NA,NA,NA,NA,NA,NA,NA,NA,NA,NA,NA,NA,NA,NA,NA,NA,NA,NA,NA,NA,NA,NA,NA,NA,NA,NA,NA
37-4z,bulk tissue,Plant,field,South Africa,-25.985,27.8316,Eragrostis cianensis,Copeland et al. (2011),0.74615,2e-5,Reported by Author,wang,FALSE,NA,NA,NA,NA,NA,NA,NA,NA,NA,NA,NA,NA,NA,NA,NA,NA,NA,NA,NA,NA,NA,NA,NA,NA,NA,NA,NA,NA,NA,NA,NA,NA,NA,NA,NA,NA,NA,NA,NA,NA
37-6z,bulk tissue,Plant,field,South Africa,-25.985,27.8316,Cussonia paniculata,Copeland et al. (2011),0.75079,1e-5,Reported by Author,wang,FALSE,NA,NA,NA,NA,NA,NA,NA,NA,NA,NA,NA,NA,NA,NA,NA,NA,NA,NA,NA,NA,NA,NA,NA,NA,NA,NA,NA,NA,NA,NA,NA,NA,NA,NA,NA,NA,NA,NA,NA,NA
38-6z,bulk tissue,Plant,field,South Africa,-25.9794,27.8223,Rhus pyroides,Copeland et al. (2011),0.75858,NA,Reported by Author,wang,FALSE,NA,NA,NA,NA,NA,NA,NA,NA,NA,NA,NA,NA,NA,NA,NA,NA,NA,NA,NA,NA,NA,NA,NA,NA,NA,NA,NA,NA,NA,NA,NA,NA,NA,NA,NA,NA,NA,NA,NA,NA
38-1z,bulk tissue,Plant,field,South Africa,-25.9794,27.8223,Aristida sp.,Copeland et al. (2011),0.77375,2e-5,Reported by Author,wang,FALSE,NA,NA,NA,NA,NA,NA,NA,NA,NA,NA,NA,NA,NA,NA,NA,NA,NA,NA,NA,NA,NA,NA,NA,NA,NA,NA,NA,NA,NA,NA,NA,NA,NA,NA,NA,NA,NA,NA,NA,NA
38-7z,bulk tissue,Plant,field,South Africa,-25.9794,27.8223,Rhus lancea,Copeland et al. (2011),0.7609,1e-5,Reported by Author,wang,FALSE,NA,NA,NA,NA,NA,NA,NA,NA,NA,NA,NA,NA,NA,NA,NA,NA,NA,NA,NA,NA,NA,NA,NA,NA,NA,NA,NA,NA,NA,NA,NA,NA,NA,NA,NA,NA,NA,NA,NA,NA
38-3z,bulk tissue,Plant,field,South Africa,-25.9794,27.8223,Heteropogon contortus,Copeland et al. (2011),0.7498,1e-5,Reported by Author,wang,FALSE,NA,NA,NA,NA,NA,NA,NA,NA,NA,NA,NA,NA,NA,NA,NA,NA,NA,NA,NA,NA,NA,NA,NA,NA,NA,NA,NA,NA,NA,NA,NA,NA,NA,NA,NA,NA,NA,NA,NA,NA
38-4z,bulk tissue,Plant,field,South Africa,-25.9794,27.8223,Trachypogon spicatus,Copeland et al. (2011),0.74466,1e-5,Reported by Author,wang,FALSE,NA,NA,NA,NA,NA,NA,NA,NA,NA,NA,NA,NA,NA,NA,NA,NA,NA,NA,NA,NA,NA,NA,NA,NA,NA,NA,NA,NA,NA,NA,NA,NA,NA,NA,NA,NA,NA,NA,NA,NA
39-2,bulk tissue,Plant,field,South Africa,-26.0298,27.7181,Celtis africana,Copeland et al. (2011),0.72607,2e-5,Reported by Author,wang,FALSE,NA,NA,NA,NA,NA,NA,NA,NA,NA,NA,NA,NA,NA,NA,NA,NA,NA,NA,NA,NA,NA,NA,NA,NA,NA,NA,NA,NA,NA,NA,NA,NA,NA,NA,NA,NA,NA,NA,NA,NA
39-4,bulk tissue,Plant,field,South Africa,-26.0298,27.7181,unspecified (forb),Copeland et al. (2011),0.72615,2e-5,Reported by Author,wang,FALSE,NA,NA,NA,NA,NA,NA,NA,NA,NA,NA,NA,NA,NA,NA,NA,NA,NA,NA,NA,NA,NA,NA,NA,NA,NA,NA,NA,NA,NA,NA,NA,NA,NA,NA,NA,NA,NA,NA,NA,NA
41-1,bulk tissue,Plant,field,South Africa,-25.915,27.9398,Melinis repens,Copeland et al. (2011),0.72926,2e-5,Reported by Author,wang,FALSE,NA,NA,NA,NA,NA,NA,NA,NA,NA,NA,NA,NA,NA,NA,NA,NA,NA,NA,NA,NA,NA,NA,NA,NA,NA,NA,NA,NA,NA,NA,NA,NA,NA,NA,NA,NA,NA,NA,NA,NA
41-3,bulk tissue,Plant,field,South Africa,-25.915,27.9398,Panicum maximum,Copeland et al. (2011),0.72751999999999994,2e-5,Reported by Author,wang,FALSE,NA,NA,NA,NA,NA,NA,NA,NA,NA,NA,NA,NA,NA,NA,NA,NA,NA,NA,NA,NA,NA,NA,NA,NA,NA,NA,NA,NA,NA,NA,NA,NA,NA,NA,NA,NA,NA,NA,NA,NA
41-9,bulk tissue,Plant,field,South Africa,-25.915,27.9398,Boschia sp.,Copeland et al. (2011),0.72383,1e-5,Reported by Author,wang,FALSE,NA,NA,NA,NA,NA,NA,NA,NA,NA,NA,NA,NA,NA,NA,NA,NA,NA,NA,NA,NA,NA,NA,NA,NA,NA,NA,NA,NA,NA,NA,NA,NA,NA,NA,NA,NA,NA,NA,NA,NA
42-8,bulk tissue,Plant,field,South Africa,-25.8665,27.4434,Eragrostis sp.,Copeland et al. (2011),0.73555,1e-5,Reported by Author,wang,FALSE,NA,NA,NA,NA,NA,NA,NA,NA,NA,NA,NA,NA,NA,NA,NA,NA,NA,NA,NA,NA,NA,NA,NA,NA,NA,NA,NA,NA,NA,NA,NA,NA,NA,NA,NA,NA,NA,NA,NA,NA
42-11,bulk tissue,Plant,field,South Africa,-25.8665,27.4434,Rhus sp.,Copeland et al. (2011),0.73328,1e-5,Reported by Author,wang,FALSE,NA,NA,NA,NA,NA,NA,NA,NA,NA,NA,NA,NA,NA,NA,NA,NA,NA,NA,NA,NA,NA,NA,NA,NA,NA,NA,NA,NA,NA,NA,NA,NA,NA,NA,NA,NA,NA,NA,NA,NA
42-1,bulk tissue,Plant,field,South Africa,-25.8665,27.4434,Melinis repens,Copeland et al. (2011),0.73539,2e-5,Reported by Author,wang,FALSE,NA,NA,NA,NA,NA,NA,NA,NA,NA,NA,NA,NA,NA,NA,NA,NA,NA,NA,NA,NA,NA,NA,NA,NA,NA,NA,NA,NA,NA,NA,NA,NA,NA,NA,NA,NA,NA,NA,NA,NA
42-10,bulk tissue,Plant,field,South Africa,-25.8665,27.4434,Rhus pyroides,Copeland et al. (2011),0.73504,2e-5,Reported by Author,wang,FALSE,NA,NA,NA,NA,NA,NA,NA,NA,NA,NA,NA,NA,NA,NA,NA,NA,NA,NA,NA,NA,NA,NA,NA,NA,NA,NA,NA,NA,NA,NA,NA,NA,NA,NA,NA,NA,NA,NA,NA,NA
43-3,bulk tissue,Plant,field,South Africa,-25.8677,27.4452,Euclea crispa,Copeland et al. (2011),0.73568,1e-5,Reported by Author,wang,FALSE,NA,NA,NA,NA,NA,NA,NA,NA,NA,NA,NA,NA,NA,NA,NA,NA,NA,NA,NA,NA,NA,NA,NA,NA,NA,NA,NA,NA,NA,NA,NA,NA,NA,NA,NA,NA,NA,NA,NA,NA
43-4,bulk tissue,Plant,field,South Africa,-25.8677,27.4452,Rhus lancea,Copeland et al. (2011),0.74252,2e-5,Reported by Author,wang,FALSE,NA,NA,NA,NA,NA,NA,NA,NA,NA,NA,NA,NA,NA,NA,NA,NA,NA,NA,NA,NA,NA,NA,NA,NA,NA,NA,NA,NA,NA,NA,NA,NA,NA,NA,NA,NA,NA,NA,NA,NA
43-1,bulk tissue,Plant,field,South Africa,-25.8677,27.4452,Setaria sp.,Copeland et al. (2011),0.7378,2e-5,Reported by Author,wang,FALSE,NA,NA,NA,NA,NA,NA,NA,NA,NA,NA,NA,NA,NA,NA,NA,NA,NA,NA,NA,NA,NA,NA,NA,NA,NA,NA,NA,NA,NA,NA,NA,NA,NA,NA,NA,NA,NA,NA,NA,NA
43-2,bulk tissue,Plant,field,South Africa,-25.8677,27.4452,Setaria sp.,Copeland et al. (2011),0.73798,2e-5,Reported by Author,wang,FALSE,NA,NA,NA,NA,NA,NA,NA,NA,NA,NA,NA,NA,NA,NA,NA,NA,NA,NA,NA,NA,NA,NA,NA,NA,NA,NA,NA,NA,NA,NA,NA,NA,NA,NA,NA,NA,NA,NA,NA,NA
44-3,bulk tissue,Plant,field,South Africa,-25.8708,27.4433,Rhus sp.,Copeland et al. (2011),0.73768,1e-5,Reported by Author,wang,FALSE,NA,NA,NA,NA,NA,NA,NA,NA,NA,NA,NA,NA,NA,NA,NA,NA,NA,NA,NA,NA,NA,NA,NA,NA,NA,NA,NA,NA,NA,NA,NA,NA,NA,NA,NA,NA,NA,NA,NA,NA
44-2,bulk tissue,Plant,field,South Africa,-25.8708,27.4433,Themeda triandra,Copeland et al. (2011),0.7462,2e-5,Reported by Author,wang,FALSE,NA,NA,NA,NA,NA,NA,NA,NA,NA,NA,NA,NA,NA,NA,NA,NA,NA,NA,NA,NA,NA,NA,NA,NA,NA,NA,NA,NA,NA,NA,NA,NA,NA,NA,NA,NA,NA,NA,NA,NA
45-2,bulk tissue,Plant,field,South Africa,-25.9702,27.5383,unspecified (grass),Copeland et al. (2011),0.72507,1e-5,Reported by Author,wang,FALSE,NA,NA,NA,NA,NA,NA,NA,NA,NA,NA,NA,NA,NA,NA,NA,NA,NA,NA,NA,NA,NA,NA,NA,NA,NA,NA,NA,NA,NA,NA,NA,NA,NA,NA,NA,NA,NA,NA,NA,NA
45-7,bulk tissue,Plant,field,South Africa,-25.9702,27.5383,Orozoa sp.,Copeland et al. (2011),0.72802,2e-5,Reported by Author,wang,FALSE,NA,NA,NA,NA,NA,NA,NA,NA,NA,NA,NA,NA,NA,NA,NA,NA,NA,NA,NA,NA,NA,NA,NA,NA,NA,NA,NA,NA,NA,NA,NA,NA,NA,NA,NA,NA,NA,NA,NA,NA
45-1,bulk tissue,Plant,field,South Africa,-25.9702,27.5383,Aristida sp.,Copeland et al. (2011),0.72593,2e-5,Reported by Author,wang,FALSE,NA,NA,NA,NA,NA,NA,NA,NA,NA,NA,NA,NA,NA,NA,NA,NA,NA,NA,NA,NA,NA,NA,NA,NA,NA,NA,NA,NA,NA,NA,NA,NA,NA,NA,NA,NA,NA,NA,NA,NA
45-8,bulk tissue,Plant,field,South Africa,-25.9702,27.5383,Orozoa sp.,Copeland et al. (2011),0.72748,2e-5,Reported by Author,wang,FALSE,NA,NA,NA,NA,NA,NA,NA,NA,NA,NA,NA,NA,NA,NA,NA,NA,NA,NA,NA,NA,NA,NA,NA,NA,NA,NA,NA,NA,NA,NA,NA,NA,NA,NA,NA,NA,NA,NA,NA,NA
46-2,bulk tissue,Plant,field,South Africa,-25.8809,27.72,Themeda triandra,Copeland et al. (2011),0.75414,2e-5,Reported by Author,wang,FALSE,NA,NA,NA,NA,NA,NA,NA,NA,NA,NA,NA,NA,NA,NA,NA,NA,NA,NA,NA,NA,NA,NA,NA,NA,NA,NA,NA,NA,NA,NA,NA,NA,NA,NA,NA,NA,NA,NA,NA,NA
46-7,bulk tissue,Plant,field,South Africa,-25.8809,27.72,Euclea crispa,Copeland et al. (2011),0.75058,2e-5,Reported by Author,wang,FALSE,NA,NA,NA,NA,NA,NA,NA,NA,NA,NA,NA,NA,NA,NA,NA,NA,NA,NA,NA,NA,NA,NA,NA,NA,NA,NA,NA,NA,NA,NA,NA,NA,NA,NA,NA,NA,NA,NA,NA,NA
46-1,bulk tissue,Plant,field,South Africa,-25.8809,27.72,Heteropogon contortus,Copeland et al. (2011),0.74994,2e-5,Reported by Author,wang,FALSE,NA,NA,NA,NA,NA,NA,NA,NA,NA,NA,NA,NA,NA,NA,NA,NA,NA,NA,NA,NA,NA,NA,NA,NA,NA,NA,NA,NA,NA,NA,NA,NA,NA,NA,NA,NA,NA,NA,NA,NA
46-6,bulk tissue,Plant,field,South Africa,-25.8809,27.72,unspecified (forb),Copeland et al. (2011),0.75329,1e-5,Reported by Author,wang,FALSE,NA,NA,NA,NA,NA,NA,NA,NA,NA,NA,NA,NA,NA,NA,NA,NA,NA,NA,NA,NA,NA,NA,NA,NA,NA,NA,NA,NA,NA,NA,NA,NA,NA,NA,NA,NA,NA,NA,NA,NA
47-2,bulk tissue,Plant,field,South Africa,-25.9288,27.8319,Themeda triandra,Copeland et al. (2011),0.73489,2e-5,Reported by Author,wang,FALSE,NA,NA,NA,NA,NA,NA,NA,NA,NA,NA,NA,NA,NA,NA,NA,NA,NA,NA,NA,NA,NA,NA,NA,NA,NA,NA,NA,NA,NA,NA,NA,NA,NA,NA,NA,NA,NA,NA,NA,NA
47-5,bulk tissue,Plant,field,South Africa,-25.9288,27.8319,Rhus lancea,Copeland et al. (2011),0.73648,2e-5,Reported by Author,wang,FALSE,NA,NA,NA,NA,NA,NA,NA,NA,NA,NA,NA,NA,NA,NA,NA,NA,NA,NA,NA,NA,NA,NA,NA,NA,NA,NA,NA,NA,NA,NA,NA,NA,NA,NA,NA,NA,NA,NA,NA,NA
48-1,bulk tissue,Plant,field,South Africa,-26.0645,27.8067,Melinis repens,Copeland et al. (2011),0.73538,2e-5,Reported by Author,wang,FALSE,NA,NA,NA,NA,NA,NA,NA,NA,NA,NA,NA,NA,NA,NA,NA,NA,NA,NA,NA,NA,NA,NA,NA,NA,NA,NA,NA,NA,NA,NA,NA,NA,NA,NA,NA,NA,NA,NA,NA,NA
48-4,bulk tissue,Plant,field,South Africa,-26.0645,27.8067,Protea sp.,Copeland et al. (2011),0.73904,1e-5,Reported by Author,wang,FALSE,NA,NA,NA,NA,NA,NA,NA,NA,NA,NA,NA,NA,NA,NA,NA,NA,NA,NA,NA,NA,NA,NA,NA,NA,NA,NA,NA,NA,NA,NA,NA,NA,NA,NA,NA,NA,NA,NA,NA,NA
49-1,bulk tissue,Plant,field,South Africa,-26.0649,27.8064,Themeda triandra,Copeland et al. (2011),0.73234,2e-5,Reported by Author,wang,FALSE,NA,NA,NA,NA,NA,NA,NA,NA,NA,NA,NA,NA,NA,NA,NA,NA,NA,NA,NA,NA,NA,NA,NA,NA,NA,NA,NA,NA,NA,NA,NA,NA,NA,NA,NA,NA,NA,NA,NA,NA
49-4,bulk tissue,Plant,field,South Africa,-26.0649,27.8064,Protea sp.,Copeland et al. (2011),0.73688,2e-5,Reported by Author,wang,FALSE,NA,NA,NA,NA,NA,NA,NA,NA,NA,NA,NA,NA,NA,NA,NA,NA,NA,NA,NA,NA,NA,NA,NA,NA,NA,NA,NA,NA,NA,NA,NA,NA,NA,NA,NA,NA,NA,NA,NA,NA
50-11,bulk tissue,Plant,field,South Africa,-25.9,27.7974,unspecified (grass),Copeland et al. (2011),0.72714,1e-5,Reported by Author,wang,FALSE,NA,NA,NA,NA,NA,NA,NA,NA,NA,NA,NA,NA,NA,NA,NA,NA,NA,NA,NA,NA,NA,NA,NA,NA,NA,NA,NA,NA,NA,NA,NA,NA,NA,NA,NA,NA,NA,NA,NA,NA
50-12,bulk tissue,Plant,field,South Africa,-25.9,27.7974,unspecified (grass),Copeland et al. (2011),0.72779,2e-5,Reported by Author,wang,FALSE,NA,NA,NA,NA,NA,NA,NA,NA,NA,NA,NA,NA,NA,NA,NA,NA,NA,NA,NA,NA,NA,NA,NA,NA,NA,NA,NA,NA,NA,NA,NA,NA,NA,NA,NA,NA,NA,NA,NA,NA
50-13,bulk tissue,Plant,field,South Africa,-25.9,27.7974,unspecified (shrub),Copeland et al. (2011),0.72841,1e-5,Reported by Author,wang,FALSE,NA,NA,NA,NA,NA,NA,NA,NA,NA,NA,NA,NA,NA,NA,NA,NA,NA,NA,NA,NA,NA,NA,NA,NA,NA,NA,NA,NA,NA,NA,NA,NA,NA,NA,NA,NA,NA,NA,NA,NA
50-14,bulk tissue,Plant,field,South Africa,-25.9,27.7974,unspecified (grass),Copeland et al. (2011),0.72746,2e-5,Reported by Author,wang,FALSE,NA,NA,NA,NA,NA,NA,NA,NA,NA,NA,NA,NA,NA,NA,NA,NA,NA,NA,NA,NA,NA,NA,NA,NA,NA,NA,NA,NA,NA,NA,NA,NA,NA,NA,NA,NA,NA,NA,NA,NA
50-15,bulk tissue,Plant,field,South Africa,-25.9,27.7974,unspecified (shrub),Copeland et al. (2011),0.72731,1e-5,Reported by Author,wang,FALSE,NA,NA,NA,NA,NA,NA,NA,NA,NA,NA,NA,NA,NA,NA,NA,NA,NA,NA,NA,NA,NA,NA,NA,NA,NA,NA,NA,NA,NA,NA,NA,NA,NA,NA,NA,NA,NA,NA,NA,NA
50-1,bulk tissue,Plant,field,South Africa,-25.9,27.7974,unspecified (tree),Copeland et al. (2011),0.72646,2e-5,Reported by Author,wang,FALSE,NA,NA,NA,NA,NA,NA,NA,NA,NA,NA,NA,NA,NA,NA,NA,NA,NA,NA,NA,NA,NA,NA,NA,NA,NA,NA,NA,NA,NA,NA,NA,NA,NA,NA,NA,NA,NA,NA,NA,NA
50-2,bulk tissue,Plant,field,South Africa,-25.9,27.7974,unspecified (grass),Copeland et al. (2011),0.72495,4e-5,Reported by Author,wang,FALSE,NA,NA,NA,NA,NA,NA,NA,NA,NA,NA,NA,NA,NA,NA,NA,NA,NA,NA,NA,NA,NA,NA,NA,NA,NA,NA,NA,NA,NA,NA,NA,NA,NA,NA,NA,NA,NA,NA,NA,NA
50-6,bulk tissue,Plant,field,South Africa,-25.9,27.7974,unspecified (forb),Copeland et al. (2011),0.7265,3e-5,Reported by Author,wang,FALSE,NA,NA,NA,NA,NA,NA,NA,NA,NA,NA,NA,NA,NA,NA,NA,NA,NA,NA,NA,NA,NA,NA,NA,NA,NA,NA,NA,NA,NA,NA,NA,NA,NA,NA,NA,NA,NA,NA,NA,NA
50-7,bulk tissue,Plant,field,South Africa,-25.9,27.7974,unspecified (forb),Copeland et al. (2011),0.72897,3e-5,Reported by Author,wang,FALSE,NA,NA,NA,NA,NA,NA,NA,NA,NA,NA,NA,NA,NA,NA,NA,NA,NA,NA,NA,NA,NA,NA,NA,NA,NA,NA,NA,NA,NA,NA,NA,NA,NA,NA,NA,NA,NA,NA,NA,NA
50-9,bulk tissue,Plant,field,South Africa,-25.9,27.7974,unspecified (grass),Copeland et al. (2011),0.72644,3e-5,Reported by Author,wang,FALSE,NA,NA,NA,NA,NA,NA,NA,NA,NA,NA,NA,NA,NA,NA,NA,NA,NA,NA,NA,NA,NA,NA,NA,NA,NA,NA,NA,NA,NA,NA,NA,NA,NA,NA,NA,NA,NA,NA,NA,NA
50-1y,bulk tissue,Plant,field,South Africa,-25.9,27.7974,unspecified (shrub),Copeland et al. (2011),0.72539,4e-5,Reported by Author,wang,FALSE,NA,NA,NA,NA,NA,NA,NA,NA,NA,NA,NA,NA,NA,NA,NA,NA,NA,NA,NA,NA,NA,NA,NA,NA,NA,NA,NA,NA,NA,NA,NA,NA,NA,NA,NA,NA,NA,NA,NA,NA
50-2y,bulk tissue,Plant,field,South Africa,-25.9,27.7974,unspecified (grass),Copeland et al. (2011),0.72554,2e-5,Reported by Author,wang,FALSE,NA,NA,NA,NA,NA,NA,NA,NA,NA,NA,NA,NA,NA,NA,NA,NA,NA,NA,NA,NA,NA,NA,NA,NA,NA,NA,NA,NA,NA,NA,NA,NA,NA,NA,NA,NA,NA,NA,NA,NA
50-3y,bulk tissue,Plant,field,South Africa,-25.9,27.7974,unspecified,Copeland et al. (2011),0.72519,6e-5,Reported by Author,wang,FALSE,NA,NA,NA,NA,NA,NA,NA,NA,NA,NA,NA,NA,NA,NA,NA,NA,NA,NA,NA,NA,NA,NA,NA,NA,NA,NA,NA,NA,NA,NA,NA,NA,NA,NA,NA,NA,NA,NA,NA,NA
50-5y,bulk tissue,Plant,field,South Africa,-25.9,27.7974,unspecified,Copeland et al. (2011),0.72482,2e-5,Reported by Author,wang,FALSE,NA,NA,NA,NA,NA,NA,NA,NA,NA,NA,NA,NA,NA,NA,NA,NA,NA,NA,NA,NA,NA,NA,NA,NA,NA,NA,NA,NA,NA,NA,NA,NA,NA,NA,NA,NA,NA,NA,NA,NA
50-6y,bulk tissue,Plant,field,South Africa,-25.9,27.7974,unspecified (shrub),Copeland et al. (2011),0.72482,3e-5,Reported by Author,wang,FALSE,NA,NA,NA,NA,NA,NA,NA,NA,NA,NA,NA,NA,NA,NA,NA,NA,NA,NA,NA,NA,NA,NA,NA,NA,NA,NA,NA,NA,NA,NA,NA,NA,NA,NA,NA,NA,NA,NA,NA,NA
50-7y,bulk tissue,Plant,field,South Africa,-25.9,27.7974,unspecified (grass),Copeland et al. (2011),0.72523,2e-5,Reported by Author,wang,FALSE,NA,NA,NA,NA,NA,NA,NA,NA,NA,NA,NA,NA,NA,NA,NA,NA,NA,NA,NA,NA,NA,NA,NA,NA,NA,NA,NA,NA,NA,NA,NA,NA,NA,NA,NA,NA,NA,NA,NA,NA
H2-1,bulk tissue,Plant,field,South Africa,-31.5652,25.9646,unspecified,Copeland et al. (2023),0.71596,2e-5,Reported by Author,wang,FALSE,NA,NA,NA,NA,NA,NA,NA,NA,NA,NA,NA,NA,NA,NA,NA,NA,NA,NA,NA,NA,NA,NA,NA,NA,NA,NA,NA,NA,NA,NA,NA,NA,NA,NA,NA,NA,NA,NA,NA,NA
H2-2,bulk tissue,Plant,field,South Africa,-31.5652,25.9646,unspecified,Copeland et al. (2023),0.71594,1e-5,Reported by Author,wang,FALSE,NA,NA,NA,NA,NA,NA,NA,NA,NA,NA,NA,NA,NA,NA,NA,NA,NA,NA,NA,NA,NA,NA,NA,NA,NA,NA,NA,NA,NA,NA,NA,NA,NA,NA,NA,NA,NA,NA,NA,NA
H2-3,bulk tissue,Plant,field,South Africa,-31.5652,25.9646,unspecified,Copeland et al. (2023),0.71597,2e-5,Reported by Author,wang,FALSE,NA,NA,NA,NA,NA,NA,NA,NA,NA,NA,NA,NA,NA,NA,NA,NA,NA,NA,NA,NA,NA,NA,NA,NA,NA,NA,NA,NA,NA,NA,NA,NA,NA,NA,NA,NA,NA,NA,NA,NA
H3-1,bulk tissue,Plant,field,South Africa,-31.5649,25.9639,unspecified,Copeland et al. (2023),0.71622,2e-5,Reported by Author,wang,FALSE,NA,NA,NA,NA,NA,NA,NA,NA,NA,NA,NA,NA,NA,NA,NA,NA,NA,NA,NA,NA,NA,NA,NA,NA,NA,NA,NA,NA,NA,NA,NA,NA,NA,NA,NA,NA,NA,NA,NA,NA
H3-2,bulk tissue,Plant,field,South Africa,-31.5649,25.9639,unspecified,Copeland et al. (2023),0.71652,2e-5,Reported by Author,wang,FALSE,NA,NA,NA,NA,NA,NA,NA,NA,NA,NA,NA,NA,NA,NA,NA,NA,NA,NA,NA,NA,NA,NA,NA,NA,NA,NA,NA,NA,NA,NA,NA,NA,NA,NA,NA,NA,NA,NA,NA,NA
H3-3,bulk tissue,Plant,field,South Africa,-31.5649,25.9639,unspecified,Copeland et al. (2023),0.71598,2e-5,Reported by Author,wang,FALSE,NA,NA,NA,NA,NA,NA,NA,NA,NA,NA,NA,NA,NA,NA,NA,NA,NA,NA,NA,NA,NA,NA,NA,NA,NA,NA,NA,NA,NA,NA,NA,NA,NA,NA,NA,NA,NA,NA,NA,NA
H4-1,bulk tissue,Plant,field,South Africa,-31.5649,25.9649,unspecified,Copeland et al. (2023),0.71623,1e-5,Reported by Author,wang,FALSE,NA,NA,NA,NA,NA,NA,NA,NA,NA,NA,NA,NA,NA,NA,NA,NA,NA,NA,NA,NA,NA,NA,NA,NA,NA,NA,NA,NA,NA,NA,NA,NA,NA,NA,NA,NA,NA,NA,NA,NA
H4-2,bulk tissue,Plant,field,South Africa,-31.5649,25.9649,unspecified,Copeland et al. (2023),0.71619,2e-5,Reported by Author,wang,FALSE,NA,NA,NA,NA,NA,NA,NA,NA,NA,NA,NA,NA,NA,NA,NA,NA,NA,NA,NA,NA,NA,NA,NA,NA,NA,NA,NA,NA,NA,NA,NA,NA,NA,NA,NA,NA,NA,NA,NA,NA
H5-1,bulk tissue,Plant,field,South Africa,-31.5641,25.964,unspecified,Copeland et al. (2023),0.71357,2e-5,Reported by Author,wang,FALSE,NA,NA,NA,NA,NA,NA,NA,NA,NA,NA,NA,NA,NA,NA,NA,NA,NA,NA,NA,NA,NA,NA,NA,NA,NA,NA,NA,NA,NA,NA,NA,NA,NA,NA,NA,NA,NA,NA,NA,NA
H5-2,bulk tissue,Plant,field,South Africa,-31.5641,25.964,unspecified,Copeland et al. (2023),0.71424,2e-5,Reported by Author,wang,FALSE,NA,NA,NA,NA,NA,NA,NA,NA,NA,NA,NA,NA,NA,NA,NA,NA,NA,NA,NA,NA,NA,NA,NA,NA,NA,NA,NA,NA,NA,NA,NA,NA,NA,NA,NA,NA,NA,NA,NA,NA
H5-3,bulk tissue,Plant,field,South Africa,-31.5641,25.964,unspecified,Copeland et al. (2023),0.71475,2e-5,Reported by Author,wang,FALSE,NA,NA,NA,NA,NA,NA,NA,NA,NA,NA,NA,NA,NA,NA,NA,NA,NA,NA,NA,NA,NA,NA,NA,NA,NA,NA,NA,NA,NA,NA,NA,NA,NA,NA,NA,NA,NA,NA,NA,NA
H6-1,bulk tissue,Plant,field,South Africa,-31.4716,26.1336,unspecified,Copeland et al. (2023),0.71852,1e-5,Reported by Author,wang,FALSE,NA,NA,NA,NA,NA,NA,NA,NA,NA,NA,NA,NA,NA,NA,NA,NA,NA,NA,NA,NA,NA,NA,NA,NA,NA,NA,NA,NA,NA,NA,NA,NA,NA,NA,NA,NA,NA,NA,NA,NA
H6-2,bulk tissue,Plant,field,South Africa,-31.4716,26.1336,unspecified,Copeland et al. (2023),0.71879,0.00115,Reported by Author,wang,FALSE,NA,NA,NA,NA,NA,NA,NA,NA,NA,NA,NA,NA,NA,NA,NA,NA,NA,NA,NA,NA,NA,NA,NA,NA,NA,NA,NA,NA,NA,NA,NA,NA,NA,NA,NA,NA,NA,NA,NA,NA
H6-3,bulk tissue,Plant,field,South Africa,-31.4716,26.1336,unspecified,Copeland et al. (2023),0.71886,1e-5,Reported by Author,wang,FALSE,NA,NA,NA,NA,NA,NA,NA,NA,NA,NA,NA,NA,NA,NA,NA,NA,NA,NA,NA,NA,NA,NA,NA,NA,NA,NA,NA,NA,NA,NA,NA,NA,NA,NA,NA,NA,NA,NA,NA,NA
H7-1,bulk tissue,Plant,field,South Africa,-31.4708,26.133,unspecified,Copeland et al. (2023),0.71652,1e-5,Reported by Author,wang,FALSE,NA,NA,NA,NA,NA,NA,NA,NA,NA,NA,NA,NA,NA,NA,NA,NA,NA,NA,NA,NA,NA,NA,NA,NA,NA,NA,NA,NA,NA,NA,NA,NA,NA,NA,NA,NA,NA,NA,NA,NA
H8-1,bulk tissue,Plant,field,South Africa,-32.1335,25.6303,unspecified,Copeland et al. (2023),0.71302,1e-5,Reported by Author,wang,FALSE,NA,NA,NA,NA,NA,NA,NA,NA,NA,NA,NA,NA,NA,NA,NA,NA,NA,NA,NA,NA,NA,NA,NA,NA,NA,NA,NA,NA,NA,NA,NA,NA,NA,NA,NA,NA,NA,NA,NA,NA
H8-2,bulk tissue,Plant,field,South Africa,-32.1335,25.6303,unspecified,Copeland et al. (2023),0.71269,1e-5,Reported by Author,wang,FALSE,NA,NA,NA,NA,NA,NA,NA,NA,NA,NA,NA,NA,NA,NA,NA,NA,NA,NA,NA,NA,NA,NA,NA,NA,NA,NA,NA,NA,NA,NA,NA,NA,NA,NA,NA,NA,NA,NA,NA,NA
H8-3,bulk tissue,Plant,field,South Africa,-32.1335,25.6303,unspecified,Copeland et al. (2023),0.71289,1e-5,Reported by Author,wang,FALSE,NA,NA,NA,NA,NA,NA,NA,NA,NA,NA,NA,NA,NA,NA,NA,NA,NA,NA,NA,NA,NA,NA,NA,NA,NA,NA,NA,NA,NA,NA,NA,NA,NA,NA,NA,NA,NA,NA,NA,NA
H9-1,bulk tissue,Plant,field,South Africa,-31.558,25.943,unspecified,Copeland et al. (2023),0.71529,2.5e-4,Reported by Author,wang,FALSE,NA,NA,NA,NA,NA,NA,NA,NA,NA,NA,NA,NA,NA,NA,NA,NA,NA,NA,NA,NA,NA,NA,NA,NA,NA,NA,NA,NA,NA,NA,NA,NA,NA,NA,NA,NA,NA,NA,NA,NA
H9-2,bulk tissue,Plant,field,South Africa,-31.558,25.943,unspecified,Copeland et al. (2023),0.71521,1.3e-4,Reported by Author,wang,FALSE,NA,NA,NA,NA,NA,NA,NA,NA,NA,NA,NA,NA,NA,NA,NA,NA,NA,NA,NA,NA,NA,NA,NA,NA,NA,NA,NA,NA,NA,NA,NA,NA,NA,NA,NA,NA,NA,NA,NA,NA
H9-3,bulk tissue,Plant,field,South Africa,-31.558,25.943,unspecified,Copeland et al. (2023),0.71497,2e-4,Reported by Author,wang,FALSE,NA,NA,NA,NA,NA,NA,NA,NA,NA,NA,NA,NA,NA,NA,NA,NA,NA,NA,NA,NA,NA,NA,NA,NA,NA,NA,NA,NA,NA,NA,NA,NA,NA,NA,NA,NA,NA,NA,NA,NA
H11-1,bulk tissue,Plant,field,South Africa,-31.5949,26.0395,unspecified,Copeland et al. (2023),0.71578,1e-4,Reported by Author,wang,FALSE,NA,NA,NA,NA,NA,NA,NA,NA,NA,NA,NA,NA,NA,NA,NA,NA,NA,NA,NA,NA,NA,NA,NA,NA,NA,NA,NA,NA,NA,NA,NA,NA,NA,NA,NA,NA,NA,NA,NA,NA
H11-2,bulk tissue,Plant,field,South Africa,-31.5949,26.0395,unspecified,Copeland et al. (2023),0.71596,9e-5,Reported by Author,wang,FALSE,NA,NA,NA,NA,NA,NA,NA,NA,NA,NA,NA,NA,NA,NA,NA,NA,NA,NA,NA,NA,NA,NA,NA,NA,NA,NA,NA,NA,NA,NA,NA,NA,NA,NA,NA,NA,NA,NA,NA,NA
H11-3,bulk tissue,Plant,field,South Africa,-31.5949,26.0395,unspecified,Copeland et al. (2023),0.71626,1e-4,Reported by Author,wang,FALSE,NA,NA,NA,NA,NA,NA,NA,NA,NA,NA,NA,NA,NA,NA,NA,NA,NA,NA,NA,NA,NA,NA,NA,NA,NA,NA,NA,NA,NA,NA,NA,NA,NA,NA,NA,NA,NA,NA,NA,NA
H12-1,bulk tissue,Plant,field,South Africa,-31.4651,26.013,unspecified,Copeland et al. (2023),0.71673,1e-4,Reported by Author,wang,FALSE,NA,NA,NA,NA,NA,NA,NA,NA,NA,NA,NA,NA,NA,NA,NA,NA,NA,NA,NA,NA,NA,NA,NA,NA,NA,NA,NA,NA,NA,NA,NA,NA,NA,NA,NA,NA,NA,NA,NA,NA
H12-2,bulk tissue,Plant,field,South Africa,-31.4651,26.013,unspecified,Copeland et al. (2023),0.7156,9e-5,Reported by Author,wang,FALSE,NA,NA,NA,NA,NA,NA,NA,NA,NA,NA,NA,NA,NA,NA,NA,NA,NA,NA,NA,NA,NA,NA,NA,NA,NA,NA,NA,NA,NA,NA,NA,NA,NA,NA,NA,NA,NA,NA,NA,NA
H12-3,bulk tissue,Plant,field,South Africa,-31.4651,26.013,unspecified,Copeland et al. (2023),0.71613,1e-4,Reported by Author,wang,FALSE,NA,NA,NA,NA,NA,NA,NA,NA,NA,NA,NA,NA,NA,NA,NA,NA,NA,NA,NA,NA,NA,NA,NA,NA,NA,NA,NA,NA,NA,NA,NA,NA,NA,NA,NA,NA,NA,NA,NA,NA
H13-1,bulk tissue,Plant,field,South Africa,-31.5014,26.175,unspecified,Copeland et al. (2023),0.71099,1.2e-4,Reported by Author,wang,FALSE,NA,NA,NA,NA,NA,NA,NA,NA,NA,NA,NA,NA,NA,NA,NA,NA,NA,NA,NA,NA,NA,NA,NA,NA,NA,NA,NA,NA,NA,NA,NA,NA,NA,NA,NA,NA,NA,NA,NA,NA
H13-2,bulk tissue,Plant,field,South Africa,-31.5014,26.175,unspecified,Copeland et al. (2023),0.71135,4.2e-4,Reported by Author,wang,FALSE,NA,NA,NA,NA,NA,NA,NA,NA,NA,NA,NA,NA,NA,NA,NA,NA,NA,NA,NA,NA,NA,NA,NA,NA,NA,NA,NA,NA,NA,NA,NA,NA,NA,NA,NA,NA,NA,NA,NA,NA
H13-3,bulk tissue,Plant,field,South Africa,-31.5014,26.175,unspecified,Copeland et al. (2023),0.71187,2e-5,Reported by Author,wang,FALSE,NA,NA,NA,NA,NA,NA,NA,NA,NA,NA,NA,NA,NA,NA,NA,NA,NA,NA,NA,NA,NA,NA,NA,NA,NA,NA,NA,NA,NA,NA,NA,NA,NA,NA,NA,NA,NA,NA,NA,NA
H14-1,bulk tissue,Plant,field,South Africa,-31.452,26.1026,unspecified,Copeland et al. (2023),0.71157,1e-5,Reported by Author,wang,FALSE,NA,NA,NA,NA,NA,NA,NA,NA,NA,NA,NA,NA,NA,NA,NA,NA,NA,NA,NA,NA,NA,NA,NA,NA,NA,NA,NA,NA,NA,NA,NA,NA,NA,NA,NA,NA,NA,NA,NA,NA
H14-2,bulk tissue,Plant,field,South Africa,-31.452,26.1026,unspecified,Copeland et al. (2023),0.71147,2e-5,Reported by Author,wang,FALSE,NA,NA,NA,NA,NA,NA,NA,NA,NA,NA,NA,NA,NA,NA,NA,NA,NA,NA,NA,NA,NA,NA,NA,NA,NA,NA,NA,NA,NA,NA,NA,NA,NA,NA,NA,NA,NA,NA,NA,NA
H14-3,bulk tissue,Plant,field,South Africa,-31.452,26.1026,unspecified,Copeland et al. (2023),0.71108,2e-5,Reported by Author,wang,FALSE,NA,NA,NA,NA,NA,NA,NA,NA,NA,NA,NA,NA,NA,NA,NA,NA,NA,NA,NA,NA,NA,NA,NA,NA,NA,NA,NA,NA,NA,NA,NA,NA,NA,NA,NA,NA,NA,NA,NA,NA
H15-1,bulk tissue,Plant,field,South Africa,-31.4468,25.9588,unspecified,Copeland et al. (2023),0.71569,2e-5,Reported by Author,wang,FALSE,NA,NA,NA,NA,NA,NA,NA,NA,NA,NA,NA,NA,NA,NA,NA,NA,NA,NA,NA,NA,NA,NA,NA,NA,NA,NA,NA,NA,NA,NA,NA,NA,NA,NA,NA,NA,NA,NA,NA,NA
H15-2,bulk tissue,Plant,field,South Africa,-31.4468,25.9588,unspecified,Copeland et al. (2023),0.71456,NA,Reported by Author,wang,FALSE,NA,NA,NA,NA,NA,NA,NA,NA,NA,NA,NA,NA,NA,NA,NA,NA,NA,NA,NA,NA,NA,NA,NA,NA,NA,NA,NA,NA,NA,NA,NA,NA,NA,NA,NA,NA,NA,NA,NA,NA
H15-3,bulk tissue,Plant,field,South Africa,-31.4468,25.9588,unspecified,Copeland et al. (2023),0.71443,NA,Reported by Author,wang,FALSE,NA,NA,NA,NA,NA,NA,NA,NA,NA,NA,NA,NA,NA,NA,NA,NA,NA,NA,NA,NA,NA,NA,NA,NA,NA,NA,NA,NA,NA,NA,NA,NA,NA,NA,NA,NA,NA,NA,NA,NA
H16-1,bulk tissue,Plant,field,South Africa,-31.6494,25.8077,unspecified,Copeland et al. (2023),0.71466,NA,Reported by Author,wang,FALSE,NA,NA,NA,NA,NA,NA,NA,NA,NA,NA,NA,NA,NA,NA,NA,NA,NA,NA,NA,NA,NA,NA,NA,NA,NA,NA,NA,NA,NA,NA,NA,NA,NA,NA,NA,NA,NA,NA,NA,NA
H16-2,bulk tissue,Plant,field,South Africa,-31.6494,25.8077,unspecified,Copeland et al. (2023),0.71382,NA,Reported by Author,wang,FALSE,NA,NA,NA,NA,NA,NA,NA,NA,NA,NA,NA,NA,NA,NA,NA,NA,NA,NA,NA,NA,NA,NA,NA,NA,NA,NA,NA,NA,NA,NA,NA,NA,NA,NA,NA,NA,NA,NA,NA,NA
H16-3,bulk tissue,Plant,field,South Africa,-31.6494,25.8077,unspecified,Copeland et al. (2023),0.71463,NA,Reported by Author,wang,FALSE,NA,NA,NA,NA,NA,NA,NA,NA,NA,NA,NA,NA,NA,NA,NA,NA,NA,NA,NA,NA,NA,NA,NA,NA,NA,NA,NA,NA,NA,NA,NA,NA,NA,NA,NA,NA,NA,NA,NA,NA
H17-1,bulk tissue,Plant,field,South Africa,-32.1281,25.519,unspecified,Copeland et al. (2023),0.7128,NA,Reported by Author,wang,FALSE,NA,NA,NA,NA,NA,NA,NA,NA,NA,NA,NA,NA,NA,NA,NA,NA,NA,NA,NA,NA,NA,NA,NA,NA,NA,NA,NA,NA,NA,NA,NA,NA,NA,NA,NA,NA,NA,NA,NA,NA
H17-2,bulk tissue,Plant,field,South Africa,-32.1281,25.519,unspecified,Copeland et al. (2023),0.71322,NA,Reported by Author,wang,FALSE,NA,NA,NA,NA,NA,NA,NA,NA,NA,NA,NA,NA,NA,NA,NA,NA,NA,NA,NA,NA,NA,NA,NA,NA,NA,NA,NA,NA,NA,NA,NA,NA,NA,NA,NA,NA,NA,NA,NA,NA
H17-3,bulk tissue,Plant,field,South Africa,-32.1281,25.519,unspecified,Copeland et al. (2023),0.71241,NA,Reported by Author,wang,FALSE,NA,NA,NA,NA,NA,NA,NA,NA,NA,NA,NA,NA,NA,NA,NA,NA,NA,NA,NA,NA,NA,NA,NA,NA,NA,NA,NA,NA,NA,NA,NA,NA,NA,NA,NA,NA,NA,NA,NA,NA
H18-1,bulk tissue,Plant,field,South Africa,-31.9922,25.6744,unspecified,Copeland et al. (2023),0.71493,NA,Reported by Author,wang,FALSE,NA,NA,NA,NA,NA,NA,NA,NA,NA,NA,NA,NA,NA,NA,NA,NA,NA,NA,NA,NA,NA,NA,NA,NA,NA,NA,NA,NA,NA,NA,NA,NA,NA,NA,NA,NA,NA,NA,NA,NA
H18-2,bulk tissue,Plant,field,South Africa,-31.9922,25.6744,unspecified,Copeland et al. (2023),0.71484,NA,Reported by Author,wang,FALSE,NA,NA,NA,NA,NA,NA,NA,NA,NA,NA,NA,NA,NA,NA,NA,NA,NA,NA,NA,NA,NA,NA,NA,NA,NA,NA,NA,NA,NA,NA,NA,NA,NA,NA,NA,NA,NA,NA,NA,NA
H18-3,bulk tissue,Plant,field,South Africa,-31.9922,25.6744,unspecified,Copeland et al. (2023),0.71489,NA,Reported by Author,wang,FALSE,NA,NA,NA,NA,NA,NA,NA,NA,NA,NA,NA,NA,NA,NA,NA,NA,NA,NA,NA,NA,NA,NA,NA,NA,NA,NA,NA,NA,NA,NA,NA,NA,NA,NA,NA,NA,NA,NA,NA,NA
Hof skull,bulk tissue,bone,field,South Africa,-31.5647,25.9644,unspecified,Copeland et al. (2023),0.71473,1e-5,Reported by Author,wang,FALSE,NA,NA,NA,NA,NA,NA,NA,NA,NA,NA,NA,NA,NA,NA,NA,NA,NA,NA,NA,NA,NA,NA,NA,NA,NA,NA,NA,NA,NA,NA,NA,NA,NA,NA,NA,NA,NA,NA,NA,NA
H4-i1,bulk tissue,Insect,field,South Africa,-31.5649,25.9649,unspecified,Copeland et al. (2023),0.71596,2e-5,Reported by Author,wang,FALSE,NA,NA,NA,NA,NA,NA,NA,NA,NA,NA,NA,NA,NA,NA,NA,NA,NA,NA,NA,NA,NA,NA,NA,NA,NA,NA,NA,NA,NA,NA,NA,NA,NA,NA,NA,NA,NA,NA,NA,NA
H8-i1,bulk tissue,Insect,field,South Africa,-32.1335,25.6303,unspecified,Copeland et al. (2023),0.71295,1e-5,Reported by Author,wang,FALSE,NA,NA,NA,NA,NA,NA,NA,NA,NA,NA,NA,NA,NA,NA,NA,NA,NA,NA,NA,NA,NA,NA,NA,NA,NA,NA,NA,NA,NA,NA,NA,NA,NA,NA,NA,NA,NA,NA,NA,NA
EMK L16-100A,bulk tissue,Snail shell,field,South Africa,-28.2657182025302,30.9151652303084,Thukela agate snail,Fowler et al. (2020),0.7759,0.0012,Estimated using Coarse Map and Google Earth,wang,FALSE,NA,NA,NA,NA,NA,NA,NA,NA,NA,NA,NA,NA,NA,NA,NA,NA,NA,NA,NA,NA,NA,NA,NA,NA,NA,NA,NA,NA,NA,NA,NA,NA,NA,NA,NA,NA,NA,NA,NA,NA
EMK L16-100C,bulk tissue,Snail shell,field,South Africa,-28.2657182025302,30.9151652303084,Thukela agate snail,Fowler et al. (2020),0.781,0.0012,Estimated using Coarse Map and Google Earth,wang,FALSE,NA,NA,NA,NA,NA,NA,NA,NA,NA,NA,NA,NA,NA,NA,NA,NA,NA,NA,NA,NA,NA,NA,NA,NA,NA,NA,NA,NA,NA,NA,NA,NA,NA,NA,NA,NA,NA,NA,NA,NA
EMK L16-100D,bulk tissue,Snail shell,field,South Africa,-28.2657182025302,30.9151652303084,Thukela agate snail,Fowler et al. (2020),0.7795,0.0011,Estimated using Coarse Map and Google Earth,wang,FALSE,NA,NA,NA,NA,NA,NA,NA,NA,NA,NA,NA,NA,NA,NA,NA,NA,NA,NA,NA,NA,NA,NA,NA,NA,NA,NA,NA,NA,NA,NA,NA,NA,NA,NA,NA,NA,NA,NA,NA,NA
EMK L16-100E,bulk tissue,Snail shell,field,South Africa,-28.2657182025302,30.9151652303084,Thukela agate snail,Fowler et al. (2020),0.772,0.0013,Estimated using Coarse Map and Google Earth,wang,FALSE,NA,NA,NA,NA,NA,NA,NA,NA,NA,NA,NA,NA,NA,NA,NA,NA,NA,NA,NA,NA,NA,NA,NA,NA,NA,NA,NA,NA,NA,NA,NA,NA,NA,NA,NA,NA,NA,NA,NA,NA
EMK L16-104A,bulk tissue,Snail shell,field,South Africa,-28.2657182025302,30.9151652303084,Thukela agate snail,Fowler et al. (2020),0.7843,0.0013,Estimated using Coarse Map and Google Earth,wang,FALSE,NA,NA,NA,NA,NA,NA,NA,NA,NA,NA,NA,NA,NA,NA,NA,NA,NA,NA,NA,NA,NA,NA,NA,NA,NA,NA,NA,NA,NA,NA,NA,NA,NA,NA,NA,NA,NA,NA,NA,NA
EMK L16-107A,bulk tissue,Snail shell,field,South Africa,-28.3766474107559,31.3882615585213,Metachatina kraussi,Fowler et al. (2020),0.7322,0.0012,Estimated using Coarse Map and Google Earth,wang,FALSE,NA,NA,NA,NA,NA,NA,NA,NA,NA,NA,NA,NA,NA,NA,NA,NA,NA,NA,NA,NA,NA,NA,NA,NA,NA,NA,NA,NA,NA,NA,NA,NA,NA,NA,NA,NA,NA,NA,NA,NA
EMK L16-107B,bulk tissue,Snail shell,field,South Africa,-28.3766474107559,31.3882615585213,Metachatina kraussi,Fowler et al. (2020),0.729,0.0011,Estimated using Coarse Map and Google Earth,wang,FALSE,NA,NA,NA,NA,NA,NA,NA,NA,NA,NA,NA,NA,NA,NA,NA,NA,NA,NA,NA,NA,NA,NA,NA,NA,NA,NA,NA,NA,NA,NA,NA,NA,NA,NA,NA,NA,NA,NA,NA,NA
EMK L16-109A,bulk tissue,Snail shell,field,South Africa,-28.403969734916,31.3790789562281,Metachatina kraussi,Fowler et al. (2020),0.7242,0.0011,Estimated using Coarse Map and Google Earth,wang,FALSE,NA,NA,NA,NA,NA,NA,NA,NA,NA,NA,NA,NA,NA,NA,NA,NA,NA,NA,NA,NA,NA,NA,NA,NA,NA,NA,NA,NA,NA,NA,NA,NA,NA,NA,NA,NA,NA,NA,NA,NA
EMK L16-110A,bulk tissue,Snail shell,field,South Africa,-28.403969734916,31.3790789562281,Metachatina kraussi,Fowler et al. (2020),0.7308,0.0012,Estimated using Coarse Map and Google Earth,wang,FALSE,NA,NA,NA,NA,NA,NA,NA,NA,NA,NA,NA,NA,NA,NA,NA,NA,NA,NA,NA,NA,NA,NA,NA,NA,NA,NA,NA,NA,NA,NA,NA,NA,NA,NA,NA,NA,NA,NA,NA,NA
EMK L16-110B,bulk tissue,Snail shell,field,South Africa,-28.403969734916,31.3790789562281,Metachatina kraussi,Fowler et al. (2020),0.7254,0.0011,Estimated using Coarse Map and Google Earth,wang,FALSE,NA,NA,NA,NA,NA,NA,NA,NA,NA,NA,NA,NA,NA,NA,NA,NA,NA,NA,NA,NA,NA,NA,NA,NA,NA,NA,NA,NA,NA,NA,NA,NA,NA,NA,NA,NA,NA,NA,NA,NA
EMK L16-110C,bulk tissue,Shell,field,South Africa,-28.403969734916,31.3790789562281,Tropidophora ligata,Fowler et al. (2020),0.7246,0.0012,Estimated using Coarse Map and Google Earth,wang,FALSE,NA,NA,NA,NA,NA,NA,NA,NA,NA,NA,NA,NA,NA,NA,NA,NA,NA,NA,NA,NA,NA,NA,NA,NA,NA,NA,NA,NA,NA,NA,NA,NA,NA,NA,NA,NA,NA,NA,NA,NA
EMK L16-110E,bulk tissue,Snail shell,field,South Africa,-28.403969734916,31.3790789562281,Metachatina kraussi,Fowler et al. (2020),0.7282,0.0013,Estimated using Coarse Map and Google Earth,wang,FALSE,NA,NA,NA,NA,NA,NA,NA,NA,NA,NA,NA,NA,NA,NA,NA,NA,NA,NA,NA,NA,NA,NA,NA,NA,NA,NA,NA,NA,NA,NA,NA,NA,NA,NA,NA,NA,NA,NA,NA,NA
EMK L16-111A,bulk tissue,Tooth enamel,field,South Africa,-28.3994783115395,31.3833581461529,Connochaetes,Fowler et al. (2020),0.7288,0.0014,Estimated using Coarse Map and Google Earth,wang,FALSE,NA,NA,NA,NA,NA,NA,NA,NA,NA,NA,NA,NA,NA,NA,NA,NA,NA,NA,NA,NA,NA,NA,NA,NA,NA,NA,NA,NA,NA,NA,NA,NA,NA,NA,NA,NA,NA,NA,NA,NA
EMK L16-112A,bulk tissue,Snail shell,field,South Africa,-28.3994783115395,31.3833581461529,Metachatina kraussi,Fowler et al. (2020),0.7331,0.0013,Estimated using Coarse Map and Google Earth,wang,FALSE,NA,NA,NA,NA,NA,NA,NA,NA,NA,NA,NA,NA,NA,NA,NA,NA,NA,NA,NA,NA,NA,NA,NA,NA,NA,NA,NA,NA,NA,NA,NA,NA,NA,NA,NA,NA,NA,NA,NA,NA
EMK L16-113A,bulk tissue,Snail shell,field,South Africa,-28.408995261545,31.3884616692121,Metachatina kraussi,Fowler et al. (2020),0.7318,0.0013,Estimated using Coarse Map and Google Earth,wang,FALSE,NA,NA,NA,NA,NA,NA,NA,NA,NA,NA,NA,NA,NA,NA,NA,NA,NA,NA,NA,NA,NA,NA,NA,NA,NA,NA,NA,NA,NA,NA,NA,NA,NA,NA,NA,NA,NA,NA,NA,NA
EMK L16-113B,bulk tissue,Snail shell,field,South Africa,-28.408995261545,31.3884616692121,Metachatina kraussi,Fowler et al. (2020),0.7371,0.0012,Estimated using Coarse Map and Google Earth,wang,FALSE,NA,NA,NA,NA,NA,NA,NA,NA,NA,NA,NA,NA,NA,NA,NA,NA,NA,NA,NA,NA,NA,NA,NA,NA,NA,NA,NA,NA,NA,NA,NA,NA,NA,NA,NA,NA,NA,NA,NA,NA
EMK L16-115A,bulk tissue,Snail shell,field,South Africa,-28.3927778486689,31.429274086301,Metachatina kraussi,Fowler et al. (2020),0.7504,0.0014,Estimated using Coarse Map and Google Earth,wang,FALSE,NA,NA,NA,NA,NA,NA,NA,NA,NA,NA,NA,NA,NA,NA,NA,NA,NA,NA,NA,NA,NA,NA,NA,NA,NA,NA,NA,NA,NA,NA,NA,NA,NA,NA,NA,NA,NA,NA,NA,NA
EMK L16-115B,bulk tissue,Snail shell,field,South Africa,-28.3927778486689,31.429274086301,Metachatina kraussi,Fowler et al. (2020),0.7451,0.0013,Estimated using Coarse Map and Google Earth,wang,FALSE,NA,NA,NA,NA,NA,NA,NA,NA,NA,NA,NA,NA,NA,NA,NA,NA,NA,NA,NA,NA,NA,NA,NA,NA,NA,NA,NA,NA,NA,NA,NA,NA,NA,NA,NA,NA,NA,NA,NA,NA
EMK L16-115C,bulk tissue,Snail shell,field,South Africa,-28.3927778486689,31.429274086301,Metachatina kraussi,Fowler et al. (2020),0.7454,0.0012,Estimated using Coarse Map and Google Earth,wang,FALSE,NA,NA,NA,NA,NA,NA,NA,NA,NA,NA,NA,NA,NA,NA,NA,NA,NA,NA,NA,NA,NA,NA,NA,NA,NA,NA,NA,NA,NA,NA,NA,NA,NA,NA,NA,NA,NA,NA,NA,NA
EMK L16-115D,bulk tissue,Snail shell,field,South Africa,-28.3927778486689,31.429274086301,Metachatina kraussi,Fowler et al. (2020),0.7451,0.0014,Estimated using Coarse Map and Google Earth,wang,FALSE,NA,NA,NA,NA,NA,NA,NA,NA,NA,NA,NA,NA,NA,NA,NA,NA,NA,NA,NA,NA,NA,NA,NA,NA,NA,NA,NA,NA,NA,NA,NA,NA,NA,NA,NA,NA,NA,NA,NA,NA
EMK L16-115E,bulk tissue,Shell,field,South Africa,-28.3927778486689,31.429274086301,Tropidophora ligata,Fowler et al. (2020),0.7383,0.0013,Estimated using Coarse Map and Google Earth,wang,FALSE,NA,NA,NA,NA,NA,NA,NA,NA,NA,NA,NA,NA,NA,NA,NA,NA,NA,NA,NA,NA,NA,NA,NA,NA,NA,NA,NA,NA,NA,NA,NA,NA,NA,NA,NA,NA,NA,NA,NA,NA
EMK L16-115F,bulk tissue,Snail shell,field,South Africa,-28.3927778486689,31.429274086301,Metachatina kraussi,Fowler et al. (2020),0.7511,0.0013,Estimated using Coarse Map and Google Earth,wang,FALSE,NA,NA,NA,NA,NA,NA,NA,NA,NA,NA,NA,NA,NA,NA,NA,NA,NA,NA,NA,NA,NA,NA,NA,NA,NA,NA,NA,NA,NA,NA,NA,NA,NA,NA,NA,NA,NA,NA,NA,NA
EMK L16-115H,bulk tissue,Shell,field,South Africa,-28.3927778486689,31.429274086301,Tropidophora ligata,Fowler et al. (2020),0.754,0.0012,Estimated using Coarse Map and Google Earth,wang,FALSE,NA,NA,NA,NA,NA,NA,NA,NA,NA,NA,NA,NA,NA,NA,NA,NA,NA,NA,NA,NA,NA,NA,NA,NA,NA,NA,NA,NA,NA,NA,NA,NA,NA,NA,NA,NA,NA,NA,NA,NA
EMK L16-116A,bulk tissue,Snail shell,field,South Africa,-28.3902106140464,31.4445519482162,Metachatina kraussi,Fowler et al. (2020),0.7312,0.0013,Estimated using Coarse Map and Google Earth,wang,FALSE,NA,NA,NA,NA,NA,NA,NA,NA,NA,NA,NA,NA,NA,NA,NA,NA,NA,NA,NA,NA,NA,NA,NA,NA,NA,NA,NA,NA,NA,NA,NA,NA,NA,NA,NA,NA,NA,NA,NA,NA
EMK L16-117A,bulk tissue,Shell,field,South Africa,-28.3861331136255,31.4442086254765,Achatina immaculata,Fowler et al. (2020),0.7274,0.0013,Estimated using Coarse Map and Google Earth,wang,FALSE,NA,NA,NA,NA,NA,NA,NA,NA,NA,NA,NA,NA,NA,NA,NA,NA,NA,NA,NA,NA,NA,NA,NA,NA,NA,NA,NA,NA,NA,NA,NA,NA,NA,NA,NA,NA,NA,NA,NA,NA
EMK L16-118A,bulk tissue,Shell,field,South Africa,-28.2832426666385,31.20383637531,Achatina immaculata,Fowler et al. (2020),0.7282,0.0015,Estimated using Coarse Map and Google Earth,wang,FALSE,NA,NA,NA,NA,NA,NA,NA,NA,NA,NA,NA,NA,NA,NA,NA,NA,NA,NA,NA,NA,NA,NA,NA,NA,NA,NA,NA,NA,NA,NA,NA,NA,NA,NA,NA,NA,NA,NA,NA,NA
EMK L16-118B,bulk tissue,Shell,field,South Africa,-28.2832426666385,31.20383637531,Achatina immaculata,Fowler et al. (2020),0.7318,0.0013,Estimated using Coarse Map and Google Earth,wang,FALSE,NA,NA,NA,NA,NA,NA,NA,NA,NA,NA,NA,NA,NA,NA,NA,NA,NA,NA,NA,NA,NA,NA,NA,NA,NA,NA,NA,NA,NA,NA,NA,NA,NA,NA,NA,NA,NA,NA,NA,NA
EMK L16-119B,bulk tissue,Shell,field,South Africa,-28.284452001751198,31.1918200794224,Achatina immaculata,Fowler et al. (2020),0.7287,0.0013,Estimated using Coarse Map and Google Earth,wang,FALSE,NA,NA,NA,NA,NA,NA,NA,NA,NA,NA,NA,NA,NA,NA,NA,NA,NA,NA,NA,NA,NA,NA,NA,NA,NA,NA,NA,NA,NA,NA,NA,NA,NA,NA,NA,NA,NA,NA,NA,NA
EMK L16-119C,bulk tissue,Snail shell,field,South Africa,-28.284452001751198,31.1918200794224,Agate snail,Fowler et al. (2020),0.7295,0.0014,Estimated using Coarse Map and Google Earth,wang,FALSE,NA,NA,NA,NA,NA,NA,NA,NA,NA,NA,NA,NA,NA,NA,NA,NA,NA,NA,NA,NA,NA,NA,NA,NA,NA,NA,NA,NA,NA,NA,NA,NA,NA,NA,NA,NA,NA,NA,NA,NA
EMK L16-119D,bulk tissue,Shell,field,South Africa,-28.284452001751198,31.1918200794224,Achatina immaculata,Fowler et al. (2020),0.7302,0.0013,Estimated using Coarse Map and Google Earth,wang,FALSE,NA,NA,NA,NA,NA,NA,NA,NA,NA,NA,NA,NA,NA,NA,NA,NA,NA,NA,NA,NA,NA,NA,NA,NA,NA,NA,NA,NA,NA,NA,NA,NA,NA,NA,NA,NA,NA,NA,NA,NA
EMK L16-120A,bulk tissue,Shell,field,South Africa,-28.2732651279373,31.2000598251739,Achatina immaculata,Fowler et al. (2020),0.7323,0.0013,Estimated using Coarse Map and Google Earth,wang,FALSE,NA,NA,NA,NA,NA,NA,NA,NA,NA,NA,NA,NA,NA,NA,NA,NA,NA,NA,NA,NA,NA,NA,NA,NA,NA,NA,NA,NA,NA,NA,NA,NA,NA,NA,NA,NA,NA,NA,NA,NA
EMK L16-122B,bulk tissue,Snail shell,field,South Africa,-28.4634464327457,31.105062328768,Cochlitoma granulata,Fowler et al. (2020),0.7273,0.0014,Estimated using Coarse Map and Google Earth,wang,FALSE,NA,NA,NA,NA,NA,NA,NA,NA,NA,NA,NA,NA,NA,NA,NA,NA,NA,NA,NA,NA,NA,NA,NA,NA,NA,NA,NA,NA,NA,NA,NA,NA,NA,NA,NA,NA,NA,NA,NA,NA
EMK L16-123A,bulk tissue,Snail shell,field,South Africa,-28.4932347583928,31.2275274132973,Metachatina kraussi,Fowler et al. (2020),0.7222,0.0014,Estimated using Coarse Map and Google Earth,wang,FALSE,NA,NA,NA,NA,NA,NA,NA,NA,NA,NA,NA,NA,NA,NA,NA,NA,NA,NA,NA,NA,NA,NA,NA,NA,NA,NA,NA,NA,NA,NA,NA,NA,NA,NA,NA,NA,NA,NA,NA,NA
EMK L16-123B,bulk tissue,Snail shell,field,South Africa,-28.4932347583928,31.2275274132973,Cochlitoma granulata,Fowler et al. (2020),0.7265,0.0013,Estimated using Coarse Map and Google Earth,wang,FALSE,NA,NA,NA,NA,NA,NA,NA,NA,NA,NA,NA,NA,NA,NA,NA,NA,NA,NA,NA,NA,NA,NA,NA,NA,NA,NA,NA,NA,NA,NA,NA,NA,NA,NA,NA,NA,NA,NA,NA,NA
EMK L16-125A7,bulk tissue,Tooth enamel,field,South Africa,-28.4328280592566,31.2691532297675,Giraffa,Fowler et al. (2020),0.728,0.0014,Estimated using Coarse Map and Google Earth,wang,FALSE,NA,NA,NA,NA,NA,NA,NA,NA,NA,NA,NA,NA,NA,NA,NA,NA,NA,NA,NA,NA,NA,NA,NA,NA,NA,NA,NA,NA,NA,NA,NA,NA,NA,NA,NA,NA,NA,NA,NA,NA
EMK L16-125B,bulk tissue,Tooth enamel,field,South Africa,-28.4328280592566,31.2691532297675,Giraffa,Fowler et al. (2020),0.716,0.0015,Estimated using Coarse Map and Google Earth,wang,FALSE,NA,NA,NA,NA,NA,NA,NA,NA,NA,NA,NA,NA,NA,NA,NA,NA,NA,NA,NA,NA,NA,NA,NA,NA,NA,NA,NA,NA,NA,NA,NA,NA,NA,NA,NA,NA,NA,NA,NA,NA
EMK L16-125C,bulk tissue,Tooth enamel,field,South Africa,-28.4328280592566,31.2691532297675,Giraffa,Fowler et al. (2020),0.7241,0.0013,Estimated using Coarse Map and Google Earth,wang,FALSE,NA,NA,NA,NA,NA,NA,NA,NA,NA,NA,NA,NA,NA,NA,NA,NA,NA,NA,NA,NA,NA,NA,NA,NA,NA,NA,NA,NA,NA,NA,NA,NA,NA,NA,NA,NA,NA,NA,NA,NA
EMK L16-126A,bulk tissue,Shell,field,South Africa,-28.4524927777244,31.2632810634531,Tropidophora ligata,Fowler et al. (2020),0.7255,0.0013,Estimated using Coarse Map and Google Earth,wang,FALSE,NA,NA,NA,NA,NA,NA,NA,NA,NA,NA,NA,NA,NA,NA,NA,NA,NA,NA,NA,NA,NA,NA,NA,NA,NA,NA,NA,NA,NA,NA,NA,NA,NA,NA,NA,NA,NA,NA,NA,NA
EMK L16-126B,bulk tissue,Shell,field,South Africa,-28.4524927777244,31.2632810634531,Tropidophora ligata,Fowler et al. (2020),0.7284,0.0014,Estimated using Coarse Map and Google Earth,wang,FALSE,NA,NA,NA,NA,NA,NA,NA,NA,NA,NA,NA,NA,NA,NA,NA,NA,NA,NA,NA,NA,NA,NA,NA,NA,NA,NA,NA,NA,NA,NA,NA,NA,NA,NA,NA,NA,NA,NA,NA,NA
EMK L16-126C,bulk tissue,Shell,field,South Africa,-28.4524927777244,31.2632810634531,Tropidophora ligata,Fowler et al. (2020),0.7279,0.0014,Estimated using Coarse Map and Google Earth,wang,FALSE,NA,NA,NA,NA,NA,NA,NA,NA,NA,NA,NA,NA,NA,NA,NA,NA,NA,NA,NA,NA,NA,NA,NA,NA,NA,NA,NA,NA,NA,NA,NA,NA,NA,NA,NA,NA,NA,NA,NA,NA
EMK L16-126D,bulk tissue,Shell,field,South Africa,-28.4524927777244,31.2632810634531,Tropidophora ligata,Fowler et al. (2020),0.7274,0.0015,Estimated using Coarse Map and Google Earth,wang,FALSE,NA,NA,NA,NA,NA,NA,NA,NA,NA,NA,NA,NA,NA,NA,NA,NA,NA,NA,NA,NA,NA,NA,NA,NA,NA,NA,NA,NA,NA,NA,NA,NA,NA,NA,NA,NA,NA,NA,NA,NA
EMK L16-126E,bulk tissue,Snail shell,field,South Africa,-28.4524927777244,31.2632810634531,Conical bark snail,Fowler et al. (2020),0.7256,0.0015,Estimated using Coarse Map and Google Earth,wang,FALSE,NA,NA,NA,NA,NA,NA,NA,NA,NA,NA,NA,NA,NA,NA,NA,NA,NA,NA,NA,NA,NA,NA,NA,NA,NA,NA,NA,NA,NA,NA,NA,NA,NA,NA,NA,NA,NA,NA,NA,NA
EMK L16-126F,bulk tissue,Shell,field,South Africa,-28.4524927777244,31.2632810634531,Tropidophora ligata,Fowler et al. (2020),0.7259,0.0013,Estimated using Coarse Map and Google Earth,wang,FALSE,NA,NA,NA,NA,NA,NA,NA,NA,NA,NA,NA,NA,NA,NA,NA,NA,NA,NA,NA,NA,NA,NA,NA,NA,NA,NA,NA,NA,NA,NA,NA,NA,NA,NA,NA,NA,NA,NA,NA,NA
EMK L16-126G,bulk tissue,Shell,field,South Africa,-28.4524927777244,31.2632810634531,Tropidophora ligata,Fowler et al. (2020),0.7297,0.0013,Estimated using Coarse Map and Google Earth,wang,FALSE,NA,NA,NA,NA,NA,NA,NA,NA,NA,NA,NA,NA,NA,NA,NA,NA,NA,NA,NA,NA,NA,NA,NA,NA,NA,NA,NA,NA,NA,NA,NA,NA,NA,NA,NA,NA,NA,NA,NA,NA
EMK L16-127B,bulk tissue,Shell,field,South Africa,-28.4470002075797,31.2611570884032,Tropidophora ligata,Fowler et al. (2020),0.7269,0.0014,Estimated using Coarse Map and Google Earth,wang,FALSE,NA,NA,NA,NA,NA,NA,NA,NA,NA,NA,NA,NA,NA,NA,NA,NA,NA,NA,NA,NA,NA,NA,NA,NA,NA,NA,NA,NA,NA,NA,NA,NA,NA,NA,NA,NA,NA,NA,NA,NA
EMK L16-127C,bulk tissue,Snail shell,field,South Africa,-28.4470002075797,31.2611570884032,Metachatina kraussi,Fowler et al. (2020),0.7247,0.0013,Estimated using Coarse Map and Google Earth,wang,FALSE,NA,NA,NA,NA,NA,NA,NA,NA,NA,NA,NA,NA,NA,NA,NA,NA,NA,NA,NA,NA,NA,NA,NA,NA,NA,NA,NA,NA,NA,NA,NA,NA,NA,NA,NA,NA,NA,NA,NA,NA
EMK L16-127D,bulk tissue,Snail shell,field,South Africa,-28.4470002075797,31.2611570884032,Genus Nata,Fowler et al. (2020),0.7253,0.0014,Estimated using Coarse Map and Google Earth,wang,FALSE,NA,NA,NA,NA,NA,NA,NA,NA,NA,NA,NA,NA,NA,NA,NA,NA,NA,NA,NA,NA,NA,NA,NA,NA,NA,NA,NA,NA,NA,NA,NA,NA,NA,NA,NA,NA,NA,NA,NA,NA
EMK L16-128A,bulk tissue,Snail shell,field,South Africa,-28.4264554669461,31.2650302193765,Metachatina kraussi,Fowler et al. (2020),0.7279,0.0014,Estimated using Coarse Map and Google Earth,wang,FALSE,NA,NA,NA,NA,NA,NA,NA,NA,NA,NA,NA,NA,NA,NA,NA,NA,NA,NA,NA,NA,NA,NA,NA,NA,NA,NA,NA,NA,NA,NA,NA,NA,NA,NA,NA,NA,NA,NA,NA,NA
EMK L16-128B,bulk tissue,Snail shell,field,South Africa,-28.4264554669461,31.2650302193765,Metachatina kraussi,Fowler et al. (2020),0.7308,0.0014,Estimated using Coarse Map and Google Earth,wang,FALSE,NA,NA,NA,NA,NA,NA,NA,NA,NA,NA,NA,NA,NA,NA,NA,NA,NA,NA,NA,NA,NA,NA,NA,NA,NA,NA,NA,NA,NA,NA,NA,NA,NA,NA,NA,NA,NA,NA,NA,NA
EMK L16-128C,bulk tissue,Snail shell,field,South Africa,-28.4264554669461,31.2650302193765,Metachatina kraussi,Fowler et al. (2020),0.7308,0.0013,Estimated using Coarse Map and Google Earth,wang,FALSE,NA,NA,NA,NA,NA,NA,NA,NA,NA,NA,NA,NA,NA,NA,NA,NA,NA,NA,NA,NA,NA,NA,NA,NA,NA,NA,NA,NA,NA,NA,NA,NA,NA,NA,NA,NA,NA,NA,NA,NA
EMK L16-129A,bulk tissue,Shell,field,South Africa,-28.4264554669461,31.2650302193765,Achatina immaculata,Fowler et al. (2020),0.7263,0.0014,Estimated using Coarse Map and Google Earth,wang,FALSE,NA,NA,NA,NA,NA,NA,NA,NA,NA,NA,NA,NA,NA,NA,NA,NA,NA,NA,NA,NA,NA,NA,NA,NA,NA,NA,NA,NA,NA,NA,NA,NA,NA,NA,NA,NA,NA,NA,NA,NA
EMK L16-130B,bulk tissue,Snail shell,field,South Africa,-28.4152721582832,31.2350972053033,Genus Nata,Fowler et al. (2020),0.7214,0.0015,Estimated using Coarse Map and Google Earth,wang,FALSE,NA,NA,NA,NA,NA,NA,NA,NA,NA,NA,NA,NA,NA,NA,NA,NA,NA,NA,NA,NA,NA,NA,NA,NA,NA,NA,NA,NA,NA,NA,NA,NA,NA,NA,NA,NA,NA,NA,NA,NA
EMK L16-132A,bulk tissue,Shell,field,South Africa,-28.4291575099144,31.2020064004449,Tropidophora ligata,Fowler et al. (2020),0.726,0.0014,Estimated using Coarse Map and Google Earth,wang,FALSE,NA,NA,NA,NA,NA,NA,NA,NA,NA,NA,NA,NA,NA,NA,NA,NA,NA,NA,NA,NA,NA,NA,NA,NA,NA,NA,NA,NA,NA,NA,NA,NA,NA,NA,NA,NA,NA,NA,NA,NA
EMK L16-132C,bulk tissue,Tortoise,field,South Africa,-28.4291575099144,31.2020064004449,Stigmochelys pardalis,Fowler et al. (2020),0.729308,0.0013,Estimated using Coarse Map and Google Earth,wang,FALSE,NA,NA,NA,NA,NA,NA,NA,NA,NA,NA,NA,NA,NA,NA,NA,NA,NA,NA,NA,NA,NA,NA,NA,NA,NA,NA,NA,NA,NA,NA,NA,NA,NA,NA,NA,NA,NA,NA,NA,NA
EMK L16-133B,bulk tissue,Shell,field,South Africa,-28.4270653131943,31.2009250015933,Achatina immaculata,Fowler et al. (2020),0.73,0.0015,Estimated using Coarse Map and Google Earth,wang,FALSE,NA,NA,NA,NA,NA,NA,NA,NA,NA,NA,NA,NA,NA,NA,NA,NA,NA,NA,NA,NA,NA,NA,NA,NA,NA,NA,NA,NA,NA,NA,NA,NA,NA,NA,NA,NA,NA,NA,NA,NA
EMK L16-134A,bulk tissue,Snail shell,field,South Africa,-28.4696618900583,31.1875156558337,Thukela agate snail,Fowler et al. (2020),0.7214,0.0015,Estimated using Coarse Map and Google Earth,wang,FALSE,NA,NA,NA,NA,NA,NA,NA,NA,NA,NA,NA,NA,NA,NA,NA,NA,NA,NA,NA,NA,NA,NA,NA,NA,NA,NA,NA,NA,NA,NA,NA,NA,NA,NA,NA,NA,NA,NA,NA,NA
EMK L16-134D,bulk tissue,Snail shell,field,South Africa,-28.4696618900583,31.1875156558337,Thukela agate snail,Fowler et al. (2020),0.729,0.0014,Estimated using Coarse Map and Google Earth,wang,FALSE,NA,NA,NA,NA,NA,NA,NA,NA,NA,NA,NA,NA,NA,NA,NA,NA,NA,NA,NA,NA,NA,NA,NA,NA,NA,NA,NA,NA,NA,NA,NA,NA,NA,NA,NA,NA,NA,NA,NA,NA
EMK L16-134E,bulk tissue,Snail shell,field,South Africa,-28.4696618900583,31.1875156558337,Thukela agate snail,Fowler et al. (2020),0.7283,0.0014,Estimated using Coarse Map and Google Earth,wang,FALSE,NA,NA,NA,NA,NA,NA,NA,NA,NA,NA,NA,NA,NA,NA,NA,NA,NA,NA,NA,NA,NA,NA,NA,NA,NA,NA,NA,NA,NA,NA,NA,NA,NA,NA,NA,NA,NA,NA,NA,NA
EMK L16-134F,bulk tissue,Snail shell,field,South Africa,-28.4696618900583,31.1875156558337,Thukela agate snail,Fowler et al. (2020),0.725,0.0014,Estimated using Coarse Map and Google Earth,wang,FALSE,NA,NA,NA,NA,NA,NA,NA,NA,NA,NA,NA,NA,NA,NA,NA,NA,NA,NA,NA,NA,NA,NA,NA,NA,NA,NA,NA,NA,NA,NA,NA,NA,NA,NA,NA,NA,NA,NA,NA,NA
Tuli Block,bulk tissue,Bone/Ivory,field,Botswana,-22.232523,28.948908,Loxodonta africana,Van der Merwe et al. (1990),0.70649,NA,Estimated using Coarse Map and Google Earth,wang,FALSE,NA,NA,NA,NA,NA,NA,NA,NA,NA,NA,NA,NA,NA,NA,NA,NA,NA,NA,NA,NA,NA,NA,NA,NA,NA,NA,NA,NA,NA,NA,NA,NA,NA,NA,NA,NA,NA,NA,NA,NA
Timbavati,bulk tissue,Bone/Ivory,field,South Africa,-24.40625,31.31435,Loxodonta africana,Van der Merwe et al. (1990),0.71526,NA,Estimated using Coarse Map and Google Earth,wang,FALSE,NA,NA,NA,NA,NA,NA,NA,NA,NA,NA,NA,NA,NA,NA,NA,NA,NA,NA,NA,NA,NA,NA,NA,NA,NA,NA,NA,NA,NA,NA,NA,NA,NA,NA,NA,NA,NA,NA,NA,NA
Skukuza,bulk tissue,Bone/Ivory,field,South Africa,-24.99465,31.59634,Loxodonta africana,Van der Merwe et al. (1990),0.72406,NA,Estimated using Coarse Map and Google Earth,wang,FALSE,NA,NA,NA,NA,NA,NA,NA,NA,NA,NA,NA,NA,NA,NA,NA,NA,NA,NA,NA,NA,NA,NA,NA,NA,NA,NA,NA,NA,NA,NA,NA,NA,NA,NA,NA,NA,NA,NA,NA,NA
Tembe (Kwazulu),bulk tissue,Bone/Ivory,field,South Africa,-27.05027,32.42219,Loxodonta africana,Van der Merwe et al. (1990),0.71426,NA,Estimated using Coarse Map and Google Earth,wang,FALSE,NA,NA,NA,NA,NA,NA,NA,NA,NA,NA,NA,NA,NA,NA,NA,NA,NA,NA,NA,NA,NA,NA,NA,NA,NA,NA,NA,NA,NA,NA,NA,NA,NA,NA,NA,NA,NA,NA,NA,NA
Addo,bulk tissue,Bone/Ivory,field,South Africa,-33.3974098224156,25.7379955412699,Loxodonta africana,Van der Merwe et al. (1990),0.71154,NA,Estimated using Coarse Map and Google Earth,wang,FALSE,NA,NA,NA,NA,NA,NA,NA,NA,NA,NA,NA,NA,NA,NA,NA,NA,NA,NA,NA,NA,NA,NA,NA,NA,NA,NA,NA,NA,NA,NA,NA,NA,NA,NA,NA,NA,NA,NA,NA,NA
A-1,bulk tissue,Plant,field,South Africa,-31.753614,18.621548,unspecified,this study,0.7127381763,1.2227551242e-5,Reported by Author,wang,FALSE,NA,NA,NA,NA,NA,NA,NA,NA,NA,NA,NA,NA,NA,NA,NA,NA,NA,NA,NA,NA,NA,NA,NA,NA,NA,NA,NA,NA,NA,NA,NA,NA,NA,NA,NA,NA,NA,NA,NA,NA
A-1.B,bulk tissue,bone,field,South Africa,-31.753614,18.621548,Leporidae,this study,0.7116372927,1.2172633868e-5,Reported by Author,wang,FALSE,NA,NA,NA,NA,NA,NA,NA,NA,NA,NA,NA,NA,NA,NA,NA,NA,NA,NA,NA,NA,NA,NA,NA,NA,NA,NA,NA,NA,NA,NA,NA,NA,NA,NA,NA,NA,NA,NA,NA,NA
A-2,bulk tissue,Plant,field,South Africa,-31.703031,18.557356,unspecified,this study,0.7115802155,1.2541177212e-5,Reported by Author,wang,FALSE,NA,NA,NA,NA,NA,NA,NA,NA,NA,NA,NA,NA,NA,NA,NA,NA,NA,NA,NA,NA,NA,NA,NA,NA,NA,NA,NA,NA,NA,NA,NA,NA,NA,NA,NA,NA,NA,NA,NA,NA
A-3.B,bulk tissue,bone,field,South Africa,-31.576803,18.524998,Testudines,this study,0.7118646189,1.3005862718e-5,Reported by Author,wang,FALSE,NA,NA,NA,NA,NA,NA,NA,NA,NA,NA,NA,NA,NA,NA,NA,NA,NA,NA,NA,NA,NA,NA,NA,NA,NA,NA,NA,NA,NA,NA,NA,NA,NA,NA,NA,NA,NA,NA,NA,NA
A-4,bulk tissue,Plant,field,South Africa,-31.592108,18.436245,unspecified,this study,0.7118119038,1.3033817878e-5,Reported by Author,wang,FALSE,NA,NA,NA,NA,NA,NA,NA,NA,NA,NA,NA,NA,NA,NA,NA,NA,NA,NA,NA,NA,NA,NA,NA,NA,NA,NA,NA,NA,NA,NA,NA,NA,NA,NA,NA,NA,NA,NA,NA,NA
A-5,bulk tissue,Plant,field,South Africa,-31.56536,18.327667,unspecified,this study,0.7169489792,1.2157614808e-5,Reported by Author,wang,FALSE,NA,NA,NA,NA,NA,NA,NA,NA,NA,NA,NA,NA,NA,NA,NA,NA,NA,NA,NA,NA,NA,NA,NA,NA,NA,NA,NA,NA,NA,NA,NA,NA,NA,NA,NA,NA,NA,NA,NA,NA
A-6,bulk tissue,Plant,field,South Africa,-31.753635,18.232548,unspecified,this study,0.7100479633,1.6487273044e-5,Reported by Author,wang,FALSE,NA,NA,NA,NA,NA,NA,NA,NA,NA,NA,NA,NA,NA,NA,NA,NA,NA,NA,NA,NA,NA,NA,NA,NA,NA,NA,NA,NA,NA,NA,NA,NA,NA,NA,NA,NA,NA,NA,NA,NA
A-7,bulk tissue,Plant,field,South Africa,-31.810988,18.235943,unspecified,this study,0.7105693147,1.2858004086e-5,Reported by Author,wang,FALSE,NA,NA,NA,NA,NA,NA,NA,NA,NA,NA,NA,NA,NA,NA,NA,NA,NA,NA,NA,NA,NA,NA,NA,NA,NA,NA,NA,NA,NA,NA,NA,NA,NA,NA,NA,NA,NA,NA,NA,NA
A-8,bulk tissue,Plant,field,South Africa,-32.013556,18.336885,unspecified,this study,0.7106235428,1.2538552504e-5,Reported by Author,wang,FALSE,NA,NA,NA,NA,NA,NA,NA,NA,NA,NA,NA,NA,NA,NA,NA,NA,NA,NA,NA,NA,NA,NA,NA,NA,NA,NA,NA,NA,NA,NA,NA,NA,NA,NA,NA,NA,NA,NA,NA,NA
B-1,bulk tissue,Plant,field,South Africa,-31.524432,18.604,unspecified,this study,0.7093256256,1.4189536882e-5,Reported by Author,wang,FALSE,NA,NA,NA,NA,NA,NA,NA,NA,NA,NA,NA,NA,NA,NA,NA,NA,NA,NA,NA,NA,NA,NA,NA,NA,NA,NA,NA,NA,NA,NA,NA,NA,NA,NA,NA,NA,NA,NA,NA,NA
B-2,bulk tissue,Plant,field,South Africa,-31.524728,18.606575,unspecified,this study,0.7119845067,1.519061475e-5,Reported by Author,wang,FALSE,NA,NA,NA,NA,NA,NA,NA,NA,NA,NA,NA,NA,NA,NA,NA,NA,NA,NA,NA,NA,NA,NA,NA,NA,NA,NA,NA,NA,NA,NA,NA,NA,NA,NA,NA,NA,NA,NA,NA,NA
B-3,bulk tissue,Plant,field,South Africa,-31.527012,18.604365,unspecified,this study,0.7088890129,1.3024347302e-5,Reported by Author,wang,FALSE,NA,NA,NA,NA,NA,NA,NA,NA,NA,NA,NA,NA,NA,NA,NA,NA,NA,NA,NA,NA,NA,NA,NA,NA,NA,NA,NA,NA,NA,NA,NA,NA,NA,NA,NA,NA,NA,NA,NA,NA
B-3-2.B,bulk tissue,bone,field,South Africa,-31.527012,18.604365,unspecified,this study,0.7099138205,1.25335778e-5,Reported by Author,wang,FALSE,NA,NA,NA,NA,NA,NA,NA,NA,NA,NA,NA,NA,NA,NA,NA,NA,NA,NA,NA,NA,NA,NA,NA,NA,NA,NA,NA,NA,NA,NA,NA,NA,NA,NA,NA,NA,NA,NA,NA,NA
B-4,bulk tissue,Plant,field,South Africa,-31.525975,18.601384,unspecified,this study,0.7106255255,1.4098779786e-5,Reported by Author,wang,FALSE,NA,NA,NA,NA,NA,NA,NA,NA,NA,NA,NA,NA,NA,NA,NA,NA,NA,NA,NA,NA,NA,NA,NA,NA,NA,NA,NA,NA,NA,NA,NA,NA,NA,NA,NA,NA,NA,NA,NA,NA
B-4-1.B,bulk tissue,bone,field,South Africa,-31.525975,18.601384,unspecified,this study,0.710722608,1.550694558e-5,Reported by Author,wang,FALSE,NA,NA,NA,NA,NA,NA,NA,NA,NA,NA,NA,NA,NA,NA,NA,NA,NA,NA,NA,NA,NA,NA,NA,NA,NA,NA,NA,NA,NA,NA,NA,NA,NA,NA,NA,NA,NA,NA,NA,NA
B-4-2.B,bulk tissue,bone,field,South Africa,-31.525975,18.601384,unspecified,this study,0.7111266953,1.4369322358e-5,Reported by Author,wang,FALSE,NA,NA,NA,NA,NA,NA,NA,NA,NA,NA,NA,NA,NA,NA,NA,NA,NA,NA,NA,NA,NA,NA,NA,NA,NA,NA,NA,NA,NA,NA,NA,NA,NA,NA,NA,NA,NA,NA,NA,NA
C-1.B,bulk tissue,bone,field,South Africa,-31.524111,18.603744,unspecified,this study,0.7120683379,1.179512895e-5,Reported by Author,wang,FALSE,NA,NA,NA,NA,NA,NA,NA,NA,NA,NA,NA,NA,NA,NA,NA,NA,NA,NA,NA,NA,NA,NA,NA,NA,NA,NA,NA,NA,NA,NA,NA,NA,NA,NA,NA,NA,NA,NA,NA,NA
C-2,bulk tissue,Plant,field,South Africa,-31.523215,18.602936,unspecified,this study,0.7169687061,1.3594491696e-5,Reported by Author,wang,FALSE,NA,NA,NA,NA,NA,NA,NA,NA,NA,NA,NA,NA,NA,NA,NA,NA,NA,NA,NA,NA,NA,NA,NA,NA,NA,NA,NA,NA,NA,NA,NA,NA,NA,NA,NA,NA,NA,NA,NA,NA
C-2.B,bulk tissue,bone,field,South Africa,-31.523215,18.602936,unspecified,this study,0.7120522414,1.294817645e-5,Reported by Author,wang,FALSE,NA,NA,NA,NA,NA,NA,NA,NA,NA,NA,NA,NA,NA,NA,NA,NA,NA,NA,NA,NA,NA,NA,NA,NA,NA,NA,NA,NA,NA,NA,NA,NA,NA,NA,NA,NA,NA,NA,NA,NA
C-3,bulk tissue,Plant,field,South Africa,-31.522949,18.602587,unspecified,this study,0.7096002396,1.349668237e-5,Reported by Author,wang,FALSE,NA,NA,NA,NA,NA,NA,NA,NA,NA,NA,NA,NA,NA,NA,NA,NA,NA,NA,NA,NA,NA,NA,NA,NA,NA,NA,NA,NA,NA,NA,NA,NA,NA,NA,NA,NA,NA,NA,NA,NA
C-4,bulk tissue,Plant,field,South Africa,-31.520726,18.600412,unspecified,this study,0.7111317521,1.3593845082e-5,Reported by Author,wang,FALSE,NA,NA,NA,NA,NA,NA,NA,NA,NA,NA,NA,NA,NA,NA,NA,NA,NA,NA,NA,NA,NA,NA,NA,NA,NA,NA,NA,NA,NA,NA,NA,NA,NA,NA,NA,NA,NA,NA,NA,NA
C-5,bulk tissue,Plant,field,South Africa,-31.523126,18.602618,unspecified,this study,0.7120756582,1.4552872734e-5,Reported by Author,wang,FALSE,NA,NA,NA,NA,NA,NA,NA,NA,NA,NA,NA,NA,NA,NA,NA,NA,NA,NA,NA,NA,NA,NA,NA,NA,NA,NA,NA,NA,NA,NA,NA,NA,NA,NA,NA,NA,NA,NA,NA,NA
C-5-2.B,bulk tissue,bone,field,South Africa,-31.523126,18.602618,unspecified,this study,0.7120966497,1.545597962e-5,Reported by Author,wang,FALSE,NA,NA,NA,NA,NA,NA,NA,NA,NA,NA,NA,NA,NA,NA,NA,NA,NA,NA,NA,NA,NA,NA,NA,NA,NA,NA,NA,NA,NA,NA,NA,NA,NA,NA,NA,NA,NA,NA,NA,NA
C-5-3.B,bulk tissue,bone,field,South Africa,-31.523126,18.602618,unspecified,this study,0.7123018371,1.340934664e-5,Reported by Author,wang,FALSE,NA,NA,NA,NA,NA,NA,NA,NA,NA,NA,NA,NA,NA,NA,NA,NA,NA,NA,NA,NA,NA,NA,NA,NA,NA,NA,NA,NA,NA,NA,NA,NA,NA,NA,NA,NA,NA,NA,NA,NA
S-1,bulk tissue,Plant,field,South Africa,-31.77314,18.60785,unspecified,this study,0.711640819,1.4676534982e-5,Reported by Author,wang,FALSE,NA,NA,NA,NA,NA,NA,NA,NA,NA,NA,NA,NA,NA,NA,NA,NA,NA,NA,NA,NA,NA,NA,NA,NA,NA,NA,NA,NA,NA,NA,NA,NA,NA,NA,NA,NA,NA,NA,NA,NA
S-2,bulk tissue,Plant,field,South Africa,-31.73003,18.50666,unspecified,this study,0.7117985217,1.382460965e-5,Reported by Author,wang,FALSE,NA,NA,NA,NA,NA,NA,NA,NA,NA,NA,NA,NA,NA,NA,NA,NA,NA,NA,NA,NA,NA,NA,NA,NA,NA,NA,NA,NA,NA,NA,NA,NA,NA,NA,NA,NA,NA,NA,NA,NA
S-3,bulk tissue,Plant,field,South Africa,-31.76967,18.46365,unspecified,this study,0.7115252773,1.3739670838e-5,Reported by Author,wang,FALSE,NA,NA,NA,NA,NA,NA,NA,NA,NA,NA,NA,NA,NA,NA,NA,NA,NA,NA,NA,NA,NA,NA,NA,NA,NA,NA,NA,NA,NA,NA,NA,NA,NA,NA,NA,NA,NA,NA,NA,NA
S-4,bulk tissue,Plant,field,South Africa,-31.87217,18.45648,unspecified,this study,0.7116159809,1.1996417466e-5,Reported by Author,wang,FALSE,NA,NA,NA,NA,NA,NA,NA,NA,NA,NA,NA,NA,NA,NA,NA,NA,NA,NA,NA,NA,NA,NA,NA,NA,NA,NA,NA,NA,NA,NA,NA,NA,NA,NA,NA,NA,NA,NA,NA,NA
S-5,bulk tissue,Plant,field,South Africa,-31.95685,18.53935,unspecified,this study,0.7123267165,1.4155809822e-5,Reported by Author,wang,FALSE,NA,NA,NA,NA,NA,NA,NA,NA,NA,NA,NA,NA,NA,NA,NA,NA,NA,NA,NA,NA,NA,NA,NA,NA,NA,NA,NA,NA,NA,NA,NA,NA,NA,NA,NA,NA,NA,NA,NA,NA
S-5.B,bulk tissue,bone,field,South Africa,-31.95685,18.53935,Suricata,this study,0.7117712404,1.2473460486e-5,Reported by Author,wang,FALSE,NA,NA,NA,NA,NA,NA,NA,NA,NA,NA,NA,NA,NA,NA,NA,NA,NA,NA,NA,NA,NA,NA,NA,NA,NA,NA,NA,NA,NA,NA,NA,NA,NA,NA,NA,NA,NA,NA,NA,NA
S-6,bulk tissue,Plant,field,South Africa,-31.99604,18.56119,unspecified,this study,0.7133859002,1.3961624848e-5,Reported by Author,wang,FALSE,NA,NA,NA,NA,NA,NA,NA,NA,NA,NA,NA,NA,NA,NA,NA,NA,NA,NA,NA,NA,NA,NA,NA,NA,NA,NA,NA,NA,NA,NA,NA,NA,NA,NA,NA,NA,NA,NA,NA,NA
S-7,bulk tissue,Plant,field,South Africa,-31.84232,18.43161,unspecified,this study,0.7122459323,1.3040232062e-5,Reported by Author,wang,FALSE,NA,NA,NA,NA,NA,NA,NA,NA,NA,NA,NA,NA,NA,NA,NA,NA,NA,NA,NA,NA,NA,NA,NA,NA,NA,NA,NA,NA,NA,NA,NA,NA,NA,NA,NA,NA,NA,NA,NA,NA
S-8,bulk tissue,Plant,field,South Africa,-31.85093,18.40125,unspecified,this study,0.7115455465,1.38582541e-5,Reported by Author,wang,FALSE,NA,NA,NA,NA,NA,NA,NA,NA,NA,NA,NA,NA,NA,NA,NA,NA,NA,NA,NA,NA,NA,NA,NA,NA,NA,NA,NA,NA,NA,NA,NA,NA,NA,NA,NA,NA,NA,NA,NA,NA
S-9,bulk tissue,Plant,field,South Africa,-31.83879,18.33845,unspecified,this study,0.7115820738,1.2767645978e-5,Reported by Author,wang,FALSE,NA,NA,NA,NA,NA,NA,NA,NA,NA,NA,NA,NA,NA,NA,NA,NA,NA,NA,NA,NA,NA,NA,NA,NA,NA,NA,NA,NA,NA,NA,NA,NA,NA,NA,NA,NA,NA,NA,NA,NA
S-10,bulk tissue,Plant,field,South Africa,-31.83146,18.26805,unspecified,this study,0.7105376822,1.2384564254e-5,Reported by Author,wang,FALSE,NA,NA,NA,NA,NA,NA,NA,NA,NA,NA,NA,NA,NA,NA,NA,NA,NA,NA,NA,NA,NA,NA,NA,NA,NA,NA,NA,NA,NA,NA,NA,NA,NA,NA,NA,NA,NA,NA,NA,NA
S-11,bulk tissue,Plant,field,South Africa,-31.677735,18.22867,unspecified,this study,0.7102298392,1.3978702072e-5,Reported by Author,wang,FALSE,NA,NA,NA,NA,NA,NA,NA,NA,NA,NA,NA,NA,NA,NA,NA,NA,NA,NA,NA,NA,NA,NA,NA,NA,NA,NA,NA,NA,NA,NA,NA,NA,NA,NA,NA,NA,NA,NA,NA,NA
S-11.B,bulk tissue,bone,field,South Africa,-31.677735,18.22867,unspecified,this study,0.7100961668,1.2233365332e-5,Reported by Author,wang,FALSE,NA,NA,NA,NA,NA,NA,NA,NA,NA,NA,NA,NA,NA,NA,NA,NA,NA,NA,NA,NA,NA,NA,NA,NA,NA,NA,NA,NA,NA,NA,NA,NA,NA,NA,NA,NA,NA,NA,NA,NA
S-12,bulk tissue,Plant,field,South Africa,-31.76308,18.64519,unspecified,this study,0.7125328207,1.2566954574e-5,Reported by Author,wang,FALSE,NA,NA,NA,NA,NA,NA,NA,NA,NA,NA,NA,NA,NA,NA,NA,NA,NA,NA,NA,NA,NA,NA,NA,NA,NA,NA,NA,NA,NA,NA,NA,NA,NA,NA,NA,NA,NA,NA,NA,NA
S-13,bulk tissue,Plant,field,South Africa,-31.66973,18.70464,unspecified,this study,0.7128903108,1.180862226e-5,Reported by Author,wang,FALSE,NA,NA,NA,NA,NA,NA,NA,NA,NA,NA,NA,NA,NA,NA,NA,NA,NA,NA,NA,NA,NA,NA,NA,NA,NA,NA,NA,NA,NA,NA,NA,NA,NA,NA,NA,NA,NA,NA,NA,NA
S-14,bulk tissue,Plant,field,South Africa,-31.64407,18.73434,unspecified,this study,0.7127495949,1.2466767958e-5,Reported by Author,wang,FALSE,NA,NA,NA,NA,NA,NA,NA,NA,NA,NA,NA,NA,NA,NA,NA,NA,NA,NA,NA,NA,NA,NA,NA,NA,NA,NA,NA,NA,NA,NA,NA,NA,NA,NA,NA,NA,NA,NA,NA,NA
S-15,bulk tissue,Plant,field,South Africa,-31.80827,18.78967,unspecified,this study,0.7130079822,1.35817044e-5,Reported by Author,wang,FALSE,NA,NA,NA,NA,NA,NA,NA,NA,NA,NA,NA,NA,NA,NA,NA,NA,NA,NA,NA,NA,NA,NA,NA,NA,NA,NA,NA,NA,NA,NA,NA,NA,NA,NA,NA,NA,NA,NA,NA,NA
S-16,bulk tissue,Plant,field,South Africa,-31.73571,18.77568,unspecified,this study,0.7142290413,1.155239872e-5,Reported by Author,wang,FALSE,NA,NA,NA,NA,NA,NA,NA,NA,NA,NA,NA,NA,NA,NA,NA,NA,NA,NA,NA,NA,NA,NA,NA,NA,NA,NA,NA,NA,NA,NA,NA,NA,NA,NA,NA,NA,NA,NA,NA,NA
S-17,bulk tissue,Plant,field,South Africa,-31.69869,18.76082,unspecified,this study,0.7119637419,1.2006445848e-5,Reported by Author,wang,FALSE,NA,NA,NA,NA,NA,NA,NA,NA,NA,NA,NA,NA,NA,NA,NA,NA,NA,NA,NA,NA,NA,NA,NA,NA,NA,NA,NA,NA,NA,NA,NA,NA,NA,NA,NA,NA,NA,NA,NA,NA
S-18,bulk tissue,Plant,field,South Africa,-31.66491,18.74092,unspecified,this study,0.712197384,1.217293298e-5,Reported by Author,wang,FALSE,NA,NA,NA,NA,NA,NA,NA,NA,NA,NA,NA,NA,NA,NA,NA,NA,NA,NA,NA,NA,NA,NA,NA,NA,NA,NA,NA,NA,NA,NA,NA,NA,NA,NA,NA,NA,NA,NA,NA,NA
S-18.B,bulk tissue,bone,field,South Africa,-31.66491,18.74092,Testudines,this study,0.712252253,1.2900661482e-5,Reported by Author,wang,FALSE,NA,NA,NA,NA,NA,NA,NA,NA,NA,NA,NA,NA,NA,NA,NA,NA,NA,NA,NA,NA,NA,NA,NA,NA,NA,NA,NA,NA,NA,NA,NA,NA,NA,NA,NA,NA,NA,NA,NA,NA
S-19,bulk tissue,Plant,field,South Africa,-31.74622,18.78547,unspecified,this study,0.7128497455,1.2378644892e-5,Reported by Author,wang,FALSE,NA,NA,NA,NA,NA,NA,NA,NA,NA,NA,NA,NA,NA,NA,NA,NA,NA,NA,NA,NA,NA,NA,NA,NA,NA,NA,NA,NA,NA,NA,NA,NA,NA,NA,NA,NA,NA,NA,NA,NA
S-20,bulk tissue,Plant,field,South Africa,-31.81088,18.86629,unspecified,this study,0.7133420284,1.2865955124e-5,Reported by Author,wang,FALSE,NA,NA,NA,NA,NA,NA,NA,NA,NA,NA,NA,NA,NA,NA,NA,NA,NA,NA,NA,NA,NA,NA,NA,NA,NA,NA,NA,NA,NA,NA,NA,NA,NA,NA,NA,NA,NA,NA,NA,NA
S-21,bulk tissue,Plant,field,South Africa,-31.80283,18.91009,unspecified,this study,0.7131147255,1.326428878e-5,Reported by Author,wang,FALSE,NA,NA,NA,NA,NA,NA,NA,NA,NA,NA,NA,NA,NA,NA,NA,NA,NA,NA,NA,NA,NA,NA,NA,NA,NA,NA,NA,NA,NA,NA,NA,NA,NA,NA,NA,NA,NA,NA,NA,NA
S-22,bulk tissue,Plant,field,South Africa,-31.7856,18.91672,unspecified,this study,0.7129895745,1.2207327464e-5,Reported by Author,wang,FALSE,NA,NA,NA,NA,NA,NA,NA,NA,NA,NA,NA,NA,NA,NA,NA,NA,NA,NA,NA,NA,NA,NA,NA,NA,NA,NA,NA,NA,NA,NA,NA,NA,NA,NA,NA,NA,NA,NA,NA,NA
S-23,bulk tissue,Plant,field,South Africa,-31.61092,18.76522,unspecified,this study,0.7119581071,1.3326146514e-5,Reported by Author,wang,FALSE,NA,NA,NA,NA,NA,NA,NA,NA,NA,NA,NA,NA,NA,NA,NA,NA,NA,NA,NA,NA,NA,NA,NA,NA,NA,NA,NA,NA,NA,NA,NA,NA,NA,NA,NA,NA,NA,NA,NA,NA
S-24,bulk tissue,Plant,field,South Africa,-31.62776,18.51122,unspecified,this study,0.7115510076,1.256273286e-5,Reported by Author,wang,FALSE,NA,NA,NA,NA,NA,NA,NA,NA,NA,NA,NA,NA,NA,NA,NA,NA,NA,NA,NA,NA,NA,NA,NA,NA,NA,NA,NA,NA,NA,NA,NA,NA,NA,NA,NA,NA,NA,NA,NA,NA
S-25,bulk tissue,Plant,field,South Africa,-31.52372,18.56548,unspecified,this study,0.7146642262,1.196346558e-5,Reported by Author,wang,FALSE,NA,NA,NA,NA,NA,NA,NA,NA,NA,NA,NA,NA,NA,NA,NA,NA,NA,NA,NA,NA,NA,NA,NA,NA,NA,NA,NA,NA,NA,NA,NA,NA,NA,NA,NA,NA,NA,NA,NA,NA
S-26,bulk tissue,Plant,field,South Africa,-31.57619,18.53274,unspecified,this study,0.7118140449,1.8018552136e-5,Reported by Author,wang,FALSE,NA,NA,NA,NA,NA,NA,NA,NA,NA,NA,NA,NA,NA,NA,NA,NA,NA,NA,NA,NA,NA,NA,NA,NA,NA,NA,NA,NA,NA,NA,NA,NA,NA,NA,NA,NA,NA,NA,NA,NA
S-27,bulk tissue,Plant,field,South Africa,-31.65917,18.55239,unspecified,this study,0.7117379647,1.2658662936e-5,Reported by Author,wang,FALSE,NA,NA,NA,NA,NA,NA,NA,NA,NA,NA,NA,NA,NA,NA,NA,NA,NA,NA,NA,NA,NA,NA,NA,NA,NA,NA,NA,NA,NA,NA,NA,NA,NA,NA,NA,NA,NA,NA,NA,NA
S-28,bulk tissue,Plant,field,South Africa,-31.62816,18.64131,unspecified,this study,0.7120517893,1.229229563e-5,Reported by Author,wang,FALSE,NA,NA,NA,NA,NA,NA,NA,NA,NA,NA,NA,NA,NA,NA,NA,NA,NA,NA,NA,NA,NA,NA,NA,NA,NA,NA,NA,NA,NA,NA,NA,NA,NA,NA,NA,NA,NA,NA,NA,NA
S-29,bulk tissue,Plant,field,South Africa,-31.58785,18.72869,unspecified,this study,0.711921292,1.2846775726e-5,Reported by Author,wang,FALSE,NA,NA,NA,NA,NA,NA,NA,NA,NA,NA,NA,NA,NA,NA,NA,NA,NA,NA,NA,NA,NA,NA,NA,NA,NA,NA,NA,NA,NA,NA,NA,NA,NA,NA,NA,NA,NA,NA,NA,NA
S-30,bulk tissue,Plant,field,South Africa,-31.52061,18.71953,unspecified,this study,0.7123784893,1.4203531626e-5,Reported by Author,wang,FALSE,NA,NA,NA,NA,NA,NA,NA,NA,NA,NA,NA,NA,NA,NA,NA,NA,NA,NA,NA,NA,NA,NA,NA,NA,NA,NA,NA,NA,NA,NA,NA,NA,NA,NA,NA,NA,NA,NA,NA,NA
S-31,bulk tissue,Plant,field,South Africa,-31.48725,18.71495,unspecified,this study,0.7174063845,1.7148412714e-5,Reported by Author,wang,FALSE,NA,NA,NA,NA,NA,NA,NA,NA,NA,NA,NA,NA,NA,NA,NA,NA,NA,NA,NA,NA,NA,NA,NA,NA,NA,NA,NA,NA,NA,NA,NA,NA,NA,NA,NA,NA,NA,NA,NA,NA
S-31.B,bulk tissue,bone,field,South Africa,-31.48725,18.71495,unspecified,this study,0.7186499579,1.3785031234e-5,Reported by Author,wang,FALSE,NA,NA,NA,NA,NA,NA,NA,NA,NA,NA,NA,NA,NA,NA,NA,NA,NA,NA,NA,NA,NA,NA,NA,NA,NA,NA,NA,NA,NA,NA,NA,NA,NA,NA,NA,NA,NA,NA,NA,NA
S-32,bulk tissue,Plant,field,South Africa,-31.47957,18.70982,unspecified,this study,0.7153633389,1.343851078e-5,Reported by Author,wang,FALSE,NA,NA,NA,NA,NA,NA,NA,NA,NA,NA,NA,NA,NA,NA,NA,NA,NA,NA,NA,NA,NA,NA,NA,NA,NA,NA,NA,NA,NA,NA,NA,NA,NA,NA,NA,NA,NA,NA,NA,NA
S-33,bulk tissue,Plant,field,South Africa,-31.3944,18.66073,unspecified,this study,0.7165834107,1.3458901054e-5,Reported by Author,wang,FALSE,NA,NA,NA,NA,NA,NA,NA,NA,NA,NA,NA,NA,NA,NA,NA,NA,NA,NA,NA,NA,NA,NA,NA,NA,NA,NA,NA,NA,NA,NA,NA,NA,NA,NA,NA,NA,NA,NA,NA,NA
S-34,bulk tissue,Plant,field,South Africa,-31.32652,18.5918,unspecified,this study,0.7136142716,1.3562574966e-5,Reported by Author,wang,FALSE,NA,NA,NA,NA,NA,NA,NA,NA,NA,NA,NA,NA,NA,NA,NA,NA,NA,NA,NA,NA,NA,NA,NA,NA,NA,NA,NA,NA,NA,NA,NA,NA,NA,NA,NA,NA,NA,NA,NA,NA
S-35,bulk tissue,Plant,field,South Africa,-31.24428,18.53826,unspecified,this study,0.7134591446,1.3648436314e-5,Reported by Author,wang,FALSE,NA,NA,NA,NA,NA,NA,NA,NA,NA,NA,NA,NA,NA,NA,NA,NA,NA,NA,NA,NA,NA,NA,NA,NA,NA,NA,NA,NA,NA,NA,NA,NA,NA,NA,NA,NA,NA,NA,NA,NA
S-36,bulk tissue,Plant,field,South Africa,-31.22239,18.52085,unspecified,this study,0.7193533741,1.143033658e-5,Reported by Author,wang,FALSE,NA,NA,NA,NA,NA,NA,NA,NA,NA,NA,NA,NA,NA,NA,NA,NA,NA,NA,NA,NA,NA,NA,NA,NA,NA,NA,NA,NA,NA,NA,NA,NA,NA,NA,NA,NA,NA,NA,NA,NA
S-37,bulk tissue,Plant,field,South Africa,-31.19236,18.44331,unspecified,this study,0.7151286536,1.1669815054e-5,Reported by Author,wang,FALSE,NA,NA,NA,NA,NA,NA,NA,NA,NA,NA,NA,NA,NA,NA,NA,NA,NA,NA,NA,NA,NA,NA,NA,NA,NA,NA,NA,NA,NA,NA,NA,NA,NA,NA,NA,NA,NA,NA,NA,NA
S-38,bulk tissue,Plant,field,South Africa,-31.16039,18.38423,unspecified,this study,0.7153595616,1.8525695078e-5,Reported by Author,wang,FALSE,NA,NA,NA,NA,NA,NA,NA,NA,NA,NA,NA,NA,NA,NA,NA,NA,NA,NA,NA,NA,NA,NA,NA,NA,NA,NA,NA,NA,NA,NA,NA,NA,NA,NA,NA,NA,NA,NA,NA,NA
S-39,bulk tissue,Plant,field,South Africa,-31.17264,18.34903,unspecified,this study,0.727602525,1.4033177402e-5,Reported by Author,wang,FALSE,NA,NA,NA,NA,NA,NA,NA,NA,NA,NA,NA,NA,NA,NA,NA,NA,NA,NA,NA,NA,NA,NA,NA,NA,NA,NA,NA,NA,NA,NA,NA,NA,NA,NA,NA,NA,NA,NA,NA,NA
S-40,bulk tissue,Plant,field,South Africa,-31.20876,18.31728,unspecified,this study,0.7180655396,1.2605851774e-5,Reported by Author,wang,FALSE,NA,NA,NA,NA,NA,NA,NA,NA,NA,NA,NA,NA,NA,NA,NA,NA,NA,NA,NA,NA,NA,NA,NA,NA,NA,NA,NA,NA,NA,NA,NA,NA,NA,NA,NA,NA,NA,NA,NA,NA
S-41,bulk tissue,Plant,field,South Africa,-31.31249,18.27375,unspecified,this study,0.7154083536,1.252901732e-5,Reported by Author,wang,FALSE,NA,NA,NA,NA,NA,NA,NA,NA,NA,NA,NA,NA,NA,NA,NA,NA,NA,NA,NA,NA,NA,NA,NA,NA,NA,NA,NA,NA,NA,NA,NA,NA,NA,NA,NA,NA,NA,NA,NA,NA
S-42,bulk tissue,Plant,field,South Africa,-31.42939,18.27202,unspecified,this study,0.7159161185,1.301978579e-5,Reported by Author,wang,FALSE,NA,NA,NA,NA,NA,NA,NA,NA,NA,NA,NA,NA,NA,NA,NA,NA,NA,NA,NA,NA,NA,NA,NA,NA,NA,NA,NA,NA,NA,NA,NA,NA,NA,NA,NA,NA,NA,NA,NA,NA
S-42.B,bulk tissue,bone,field,South Africa,-31.42939,18.27202,unspecified,this study,0.7120139284,1.3120735652e-5,Reported by Author,wang,FALSE,NA,NA,NA,NA,NA,NA,NA,NA,NA,NA,NA,NA,NA,NA,NA,NA,NA,NA,NA,NA,NA,NA,NA,NA,NA,NA,NA,NA,NA,NA,NA,NA,NA,NA,NA,NA,NA,NA,NA,NA
S-43,bulk tissue,Plant,field,South Africa,-31.6059,18.24384,unspecified,this study,0.7112860782,1.3494527154e-5,Reported by Author,wang,FALSE,NA,NA,NA,NA,NA,NA,NA,NA,NA,NA,NA,NA,NA,NA,NA,NA,NA,NA,NA,NA,NA,NA,NA,NA,NA,NA,NA,NA,NA,NA,NA,NA,NA,NA,NA,NA,NA,NA,NA,NA
S-44,bulk tissue,Plant,field,South Africa,-31.68421,18.87672,unspecified,this study,0.7135148138,1.2276265092e-5,Reported by Author,wang,FALSE,NA,NA,NA,NA,NA,NA,NA,NA,NA,NA,NA,NA,NA,NA,NA,NA,NA,NA,NA,NA,NA,NA,NA,NA,NA,NA,NA,NA,NA,NA,NA,NA,NA,NA,NA,NA,NA,NA,NA,NA
S-45,bulk tissue,Plant,field,South Africa,-31.54911,18.83035,unspecified,this study,0.7136716539,1.4543325794e-5,Reported by Author,wang,FALSE,NA,NA,NA,NA,NA,NA,NA,NA,NA,NA,NA,NA,NA,NA,NA,NA,NA,NA,NA,NA,NA,NA,NA,NA,NA,NA,NA,NA,NA,NA,NA,NA,NA,NA,NA,NA,NA,NA,NA,NA
S-46,bulk tissue,Plant,field,South Africa,-31.46916,18.94667,unspecified,this study,0.7175207186,1.2869996646e-5,Reported by Author,wang,FALSE,NA,NA,NA,NA,NA,NA,NA,NA,NA,NA,NA,NA,NA,NA,NA,NA,NA,NA,NA,NA,NA,NA,NA,NA,NA,NA,NA,NA,NA,NA,NA,NA,NA,NA,NA,NA,NA,NA,NA,NA
S-47,bulk tissue,Plant,field,South Africa,-31.49738,18.68391,unspecified,this study,0.7129698666,1.1276795428e-5,Reported by Author,wang,FALSE,NA,NA,NA,NA,NA,NA,NA,NA,NA,NA,NA,NA,NA,NA,NA,NA,NA,NA,NA,NA,NA,NA,NA,NA,NA,NA,NA,NA,NA,NA,NA,NA,NA,NA,NA,NA,NA,NA,NA,NA
S-47.B,bulk tissue,bone,field,South Africa,-31.49738,18.68391,Testudines,this study,0.7127511007,1.2968704678e-5,Reported by Author,wang,FALSE,NA,NA,NA,NA,NA,NA,NA,NA,NA,NA,NA,NA,NA,NA,NA,NA,NA,NA,NA,NA,NA,NA,NA,NA,NA,NA,NA,NA,NA,NA,NA,NA,NA,NA,NA,NA,NA,NA,NA,NA
S-48,bulk tissue,Plant,field,South Africa,-31.5005,18.64833,unspecified,this study,0.7122904091,1.248976226e-5,Reported by Author,wang,FALSE,NA,NA,NA,NA,NA,NA,NA,NA,NA,NA,NA,NA,NA,NA,NA,NA,NA,NA,NA,NA,NA,NA,NA,NA,NA,NA,NA,NA,NA,NA,NA,NA,NA,NA,NA,NA,NA,NA,NA,NA
S-48.B,bulk tissue,bone,field,South Africa,-31.5005,18.64833,Leporidae,this study,0.7122062052,1.4020147948e-5,Reported by Author,wang,FALSE,NA,NA,NA,NA,NA,NA,NA,NA,NA,NA,NA,NA,NA,NA,NA,NA,NA,NA,NA,NA,NA,NA,NA,NA,NA,NA,NA,NA,NA,NA,NA,NA,NA,NA,NA,NA,NA,NA,NA,NA
1_8z,bulk tissue,Plant,field,South Africa,-25.9794,27.806,Acacia mearnsii,this study,0.74232,2e-5,Reported by Author,wang,FALSE,NA,NA,NA,NA,NA,NA,NA,NA,NA,NA,NA,NA,NA,NA,NA,NA,NA,NA,NA,NA,NA,NA,NA,NA,NA,NA,NA,NA,NA,NA,NA,NA,NA,NA,NA,NA,NA,NA,NA,NA
2_8,bulk tissue,Plant,field,South Africa,-26.0167,27.7968,Eucalyptus globulus,this study,0.72347,2e-5,Reported by Author,wang,FALSE,NA,NA,NA,NA,NA,NA,NA,NA,NA,NA,NA,NA,NA,NA,NA,NA,NA,NA,NA,NA,NA,NA,NA,NA,NA,NA,NA,NA,NA,NA,NA,NA,NA,NA,NA,NA,NA,NA,NA,NA
4_8z,bulk tissue,Plant,field,South Africa,-26.0443,27.8284,Acacia sp.,this study,0.72176,2e-5,Reported by Author,wang,FALSE,NA,NA,NA,NA,NA,NA,NA,NA,NA,NA,NA,NA,NA,NA,NA,NA,NA,NA,NA,NA,NA,NA,NA,NA,NA,NA,NA,NA,NA,NA,NA,NA,NA,NA,NA,NA,NA,NA,NA,NA
5_9z,bulk tissue,Plant,field,South Africa,-26.0288,27.7615,Combretum apiculatum,this study,0.73139,2e-5,Reported by Author,wang,FALSE,NA,NA,NA,NA,NA,NA,NA,NA,NA,NA,NA,NA,NA,NA,NA,NA,NA,NA,NA,NA,NA,NA,NA,NA,NA,NA,NA,NA,NA,NA,NA,NA,NA,NA,NA,NA,NA,NA,NA,NA
8_7x,bulk tissue,Plant,field,South Africa,-25.9814,27.9243,Rhus lancea,this study,0.72451,2e-5,Reported by Author,wang,FALSE,NA,NA,NA,NA,NA,NA,NA,NA,NA,NA,NA,NA,NA,NA,NA,NA,NA,NA,NA,NA,NA,NA,NA,NA,NA,NA,NA,NA,NA,NA,NA,NA,NA,NA,NA,NA,NA,NA,NA,NA
13_8z,bulk tissue,Plant,field,South Africa,-25.8533,27.6786,Ziziphus mucronata,this study,0.73274,2e-5,Reported by Author,wang,FALSE,NA,NA,NA,NA,NA,NA,NA,NA,NA,NA,NA,NA,NA,NA,NA,NA,NA,NA,NA,NA,NA,NA,NA,NA,NA,NA,NA,NA,NA,NA,NA,NA,NA,NA,NA,NA,NA,NA,NA,NA
16_6a,bulk tissue,Plant,field,South Africa,-25.5407,27.7418,Acacia tortilis,this study,0.74885,2e-5,Reported by Author,wang,FALSE,NA,NA,NA,NA,NA,NA,NA,NA,NA,NA,NA,NA,NA,NA,NA,NA,NA,NA,NA,NA,NA,NA,NA,NA,NA,NA,NA,NA,NA,NA,NA,NA,NA,NA,NA,NA,NA,NA,NA,NA
16_9,bulk tissue,Plant,field,South Africa,-25.5407,27.7418,Brachylaera sp.,this study,0.74932,2e-5,Reported by Author,wang,FALSE,NA,NA,NA,NA,NA,NA,NA,NA,NA,NA,NA,NA,NA,NA,NA,NA,NA,NA,NA,NA,NA,NA,NA,NA,NA,NA,NA,NA,NA,NA,NA,NA,NA,NA,NA,NA,NA,NA,NA,NA
16_1,bulk tissue,Plant,field,South Africa,-25.5407,27.7418,Dactyloctenium aegyptium,this study,0.74829,2e-5,Reported by Author,wang,FALSE,NA,NA,NA,NA,NA,NA,NA,NA,NA,NA,NA,NA,NA,NA,NA,NA,NA,NA,NA,NA,NA,NA,NA,NA,NA,NA,NA,NA,NA,NA,NA,NA,NA,NA,NA,NA,NA,NA,NA,NA
20_6z,bulk tissue,Plant,field,South Africa,-26.1683,28.1087,Buddleja auriculata,this study,0.72407,2e-5,Reported by Author,wang,FALSE,NA,NA,NA,NA,NA,NA,NA,NA,NA,NA,NA,NA,NA,NA,NA,NA,NA,NA,NA,NA,NA,NA,NA,NA,NA,NA,NA,NA,NA,NA,NA,NA,NA,NA,NA,NA,NA,NA,NA,NA
22_11z,bulk tissue,Plant,field,South Africa,-25.9182,27.8191,Protea caffra,this study,0.72607,2e-5,Reported by Author,wang,FALSE,NA,NA,NA,NA,NA,NA,NA,NA,NA,NA,NA,NA,NA,NA,NA,NA,NA,NA,NA,NA,NA,NA,NA,NA,NA,NA,NA,NA,NA,NA,NA,NA,NA,NA,NA,NA,NA,NA,NA,NA
24_3z,bulk tissue,Plant,field,South Africa,-25.9122,27.7783,Ximenia americana,this study,0.72497,2e-5,Reported by Author,wang,FALSE,NA,NA,NA,NA,NA,NA,NA,NA,NA,NA,NA,NA,NA,NA,NA,NA,NA,NA,NA,NA,NA,NA,NA,NA,NA,NA,NA,NA,NA,NA,NA,NA,NA,NA,NA,NA,NA,NA,NA,NA
25_7z,bulk tissue,Plant,field,South Africa,-25.8992,27.7715,Euclea undulata,this study,0.72825,2e-5,Reported by Author,wang,FALSE,NA,NA,NA,NA,NA,NA,NA,NA,NA,NA,NA,NA,NA,NA,NA,NA,NA,NA,NA,NA,NA,NA,NA,NA,NA,NA,NA,NA,NA,NA,NA,NA,NA,NA,NA,NA,NA,NA,NA,NA
28_9,bulk tissue,Plant,field,South Africa,-25.8918,27.7657,Ziziphus rivularis,this study,0.73397,1e-5,Reported by Author,wang,FALSE,NA,NA,NA,NA,NA,NA,NA,NA,NA,NA,NA,NA,NA,NA,NA,NA,NA,NA,NA,NA,NA,NA,NA,NA,NA,NA,NA,NA,NA,NA,NA,NA,NA,NA,NA,NA,NA,NA,NA,NA
30_9z,bulk tissue,Plant,field,South Africa,-25.8869,27.7691,Dombeya rotundifolia,this study,0.73541,1e-5,Reported by Author,wang,FALSE,NA,NA,NA,NA,NA,NA,NA,NA,NA,NA,NA,NA,NA,NA,NA,NA,NA,NA,NA,NA,NA,NA,NA,NA,NA,NA,NA,NA,NA,NA,NA,NA,NA,NA,NA,NA,NA,NA,NA,NA
SAISO001,bulk tissue,Plant,field,South Africa,-33.90711,23.152394,"unspecified (Shrub, leaves and stems)",this study,0.71159,5e-6,Reported by Author,wang,FALSE,NA,NA,NA,NA,NA,NA,NA,NA,NA,NA,NA,NA,NA,NA,NA,NA,NA,NA,NA,NA,NA,NA,NA,NA,NA,NA,NA,NA,NA,NA,NA,NA,NA,NA,NA,NA,NA,NA,NA,NA
SAISO002,bulk tissue,Plant,field,South Africa,-33.76186,23.140656,"unspecified (Tree, leaves only)",this study,0.716765,8e-6,Reported by Author,wang,FALSE,NA,NA,NA,NA,NA,NA,NA,NA,NA,NA,NA,NA,NA,NA,NA,NA,NA,NA,NA,NA,NA,NA,NA,NA,NA,NA,NA,NA,NA,NA,NA,NA,NA,NA,NA,NA,NA,NA,NA,NA
SAISO003,bulk tissue,Plant,field,South Africa,-33.50276,23.240095,"unspecified (Shrub, leaves and stems)",this study,0.716923,9e-6,Reported by Author,wang,FALSE,NA,NA,NA,NA,NA,NA,NA,NA,NA,NA,NA,NA,NA,NA,NA,NA,NA,NA,NA,NA,NA,NA,NA,NA,NA,NA,NA,NA,NA,NA,NA,NA,NA,NA,NA,NA,NA,NA,NA,NA
SAISO004,bulk tissue,Plant,field,South Africa,-33.2759,23.407928,Poaceae,this study,0.721542,6e-6,Reported by Author,wang,FALSE,NA,NA,NA,NA,NA,NA,NA,NA,NA,NA,NA,NA,NA,NA,NA,NA,NA,NA,NA,NA,NA,NA,NA,NA,NA,NA,NA,NA,NA,NA,NA,NA,NA,NA,NA,NA,NA,NA,NA,NA
SAISO005,bulk tissue,Plant,field,South Africa,-33.33284,22.983422,"unspecified (Shrub, leaves and stems)",this study,0.724875,9e-6,Reported by Author,wang,FALSE,NA,NA,NA,NA,NA,NA,NA,NA,NA,NA,NA,NA,NA,NA,NA,NA,NA,NA,NA,NA,NA,NA,NA,NA,NA,NA,NA,NA,NA,NA,NA,NA,NA,NA,NA,NA,NA,NA,NA,NA
SAISO006,bulk tissue,Plant,field,South Africa,-33.35342,22.657372,"unspecified (Shrub, leaves and stems)",this study,0.718996,8e-6,Reported by Author,wang,FALSE,NA,NA,NA,NA,NA,NA,NA,NA,NA,NA,NA,NA,NA,NA,NA,NA,NA,NA,NA,NA,NA,NA,NA,NA,NA,NA,NA,NA,NA,NA,NA,NA,NA,NA,NA,NA,NA,NA,NA,NA
SAISO007,bulk tissue,Plant,field,South Africa,-33.28026,22.407379,"unspecified (Shrub, leaves and stems)",this study,0.721524,8e-6,Reported by Author,wang,FALSE,NA,NA,NA,NA,NA,NA,NA,NA,NA,NA,NA,NA,NA,NA,NA,NA,NA,NA,NA,NA,NA,NA,NA,NA,NA,NA,NA,NA,NA,NA,NA,NA,NA,NA,NA,NA,NA,NA,NA,NA
SAISO008,bulk tissue,Plant,field,South Africa,-33.20425,22.067153,"unspecified (Shrub, leaves and stems)",this study,0.719712,9e-6,Reported by Author,wang,FALSE,NA,NA,NA,NA,NA,NA,NA,NA,NA,NA,NA,NA,NA,NA,NA,NA,NA,NA,NA,NA,NA,NA,NA,NA,NA,NA,NA,NA,NA,NA,NA,NA,NA,NA,NA,NA,NA,NA,NA,NA
SAISO009,bulk tissue,Plant,field,South Africa,-33.13298,22.263908,"unspecified (Shrub, leaves and stems)",this study,0.712568,9e-6,Reported by Author,wang,FALSE,NA,NA,NA,NA,NA,NA,NA,NA,NA,NA,NA,NA,NA,NA,NA,NA,NA,NA,NA,NA,NA,NA,NA,NA,NA,NA,NA,NA,NA,NA,NA,NA,NA,NA,NA,NA,NA,NA,NA,NA
SAISO010,bulk tissue,Plant,field,South Africa,-33.11656,22.563412,Poaceae,this study,0.714311,7e-6,Reported by Author,wang,FALSE,NA,NA,NA,NA,NA,NA,NA,NA,NA,NA,NA,NA,NA,NA,NA,NA,NA,NA,NA,NA,NA,NA,NA,NA,NA,NA,NA,NA,NA,NA,NA,NA,NA,NA,NA,NA,NA,NA,NA,NA
SAISO011,bulk tissue,Plant,field,South Africa,-33.10469,22.841781,Poaceae,this study,0.715193,5e-6,Reported by Author,wang,FALSE,NA,NA,NA,NA,NA,NA,NA,NA,NA,NA,NA,NA,NA,NA,NA,NA,NA,NA,NA,NA,NA,NA,NA,NA,NA,NA,NA,NA,NA,NA,NA,NA,NA,NA,NA,NA,NA,NA,NA,NA
SAISO012,bulk tissue,Plant,field,South Africa,-33.08265,23.473905,"unspecified (Shrub, leaves and stems)",this study,0.716117,6e-6,Reported by Author,wang,FALSE,NA,NA,NA,NA,NA,NA,NA,NA,NA,NA,NA,NA,NA,NA,NA,NA,NA,NA,NA,NA,NA,NA,NA,NA,NA,NA,NA,NA,NA,NA,NA,NA,NA,NA,NA,NA,NA,NA,NA,NA
SAISO013,bulk tissue,Plant,field,South Africa,-32.81897,23.692939,Poaceae,this study,0.715607,6e-6,Reported by Author,wang,FALSE,NA,NA,NA,NA,NA,NA,NA,NA,NA,NA,NA,NA,NA,NA,NA,NA,NA,NA,NA,NA,NA,NA,NA,NA,NA,NA,NA,NA,NA,NA,NA,NA,NA,NA,NA,NA,NA,NA,NA,NA
SAISO014,bulk tissue,Plant,field,South Africa,-32.68803,23.525106,Poaceae,this study,0.71475,6e-6,Reported by Author,wang,FALSE,NA,NA,NA,NA,NA,NA,NA,NA,NA,NA,NA,NA,NA,NA,NA,NA,NA,NA,NA,NA,NA,NA,NA,NA,NA,NA,NA,NA,NA,NA,NA,NA,NA,NA,NA,NA,NA,NA,NA,NA
SAISO015,bulk tissue,Plant,field,South Africa,-32.61928,23.211848,"unspecified (Shrub, leaves and stems)",this study,0.716506,5e-6,Reported by Author,wang,FALSE,NA,NA,NA,NA,NA,NA,NA,NA,NA,NA,NA,NA,NA,NA,NA,NA,NA,NA,NA,NA,NA,NA,NA,NA,NA,NA,NA,NA,NA,NA,NA,NA,NA,NA,NA,NA,NA,NA,NA,NA
SAISO016,bulk tissue,Plant,field,South Africa,-32.86998,23.165879,"unspecified (Shrub, leaves and stems)",this study,0.712836,7e-6,Reported by Author,wang,FALSE,NA,NA,NA,NA,NA,NA,NA,NA,NA,NA,NA,NA,NA,NA,NA,NA,NA,NA,NA,NA,NA,NA,NA,NA,NA,NA,NA,NA,NA,NA,NA,NA,NA,NA,NA,NA,NA,NA,NA,NA
SAISO017,bulk tissue,Plant,field,South Africa,-33.08877,23.130372,Poaceae,this study,0.718377,7e-6,Reported by Author,wang,FALSE,NA,NA,NA,NA,NA,NA,NA,NA,NA,NA,NA,NA,NA,NA,NA,NA,NA,NA,NA,NA,NA,NA,NA,NA,NA,NA,NA,NA,NA,NA,NA,NA,NA,NA,NA,NA,NA,NA,NA,NA
SAISO018,bulk tissue,Plant,field,South Africa,-33.24887,23.601361,Poaceae,this study,0.717226,6e-6,Reported by Author,wang,FALSE,NA,NA,NA,NA,NA,NA,NA,NA,NA,NA,NA,NA,NA,NA,NA,NA,NA,NA,NA,NA,NA,NA,NA,NA,NA,NA,NA,NA,NA,NA,NA,NA,NA,NA,NA,NA,NA,NA,NA,NA
SAISO019,bulk tissue,Plant,field,South Africa,-33.1972,23.427888,"unspecified (Shrub, leaves and stems)",this study,0.718642,7e-6,Reported by Author,wang,FALSE,NA,NA,NA,NA,NA,NA,NA,NA,NA,NA,NA,NA,NA,NA,NA,NA,NA,NA,NA,NA,NA,NA,NA,NA,NA,NA,NA,NA,NA,NA,NA,NA,NA,NA,NA,NA,NA,NA,NA,NA
SAISO020,bulk tissue,Plant,field,South Africa,-33.06746,23.452735,Poaceae,this study,0.71696,5e-6,Reported by Author,wang,FALSE,NA,NA,NA,NA,NA,NA,NA,NA,NA,NA,NA,NA,NA,NA,NA,NA,NA,NA,NA,NA,NA,NA,NA,NA,NA,NA,NA,NA,NA,NA,NA,NA,NA,NA,NA,NA,NA,NA,NA,NA
SAISO021,bulk tissue,Plant,field,South Africa,-33.0019,23.416978,Poaceae,this study,0.713449,7e-6,Reported by Author,wang,FALSE,NA,NA,NA,NA,NA,NA,NA,NA,NA,NA,NA,NA,NA,NA,NA,NA,NA,NA,NA,NA,NA,NA,NA,NA,NA,NA,NA,NA,NA,NA,NA,NA,NA,NA,NA,NA,NA,NA,NA,NA
SAISO022,bulk tissue,Plant,field,South Africa,-32.94348,23.357159,"unspecified (Shrub, leaves and stems)",this study,0.712728,8e-6,Reported by Author,wang,FALSE,NA,NA,NA,NA,NA,NA,NA,NA,NA,NA,NA,NA,NA,NA,NA,NA,NA,NA,NA,NA,NA,NA,NA,NA,NA,NA,NA,NA,NA,NA,NA,NA,NA,NA,NA,NA,NA,NA,NA,NA
SAISO023,bulk tissue,Plant,field,South Africa,-32.78424,23.351981,Poaceae,this study,0.716051,1.6e-5,Reported by Author,wang,FALSE,NA,NA,NA,NA,NA,NA,NA,NA,NA,NA,NA,NA,NA,NA,NA,NA,NA,NA,NA,NA,NA,NA,NA,NA,NA,NA,NA,NA,NA,NA,NA,NA,NA,NA,NA,NA,NA,NA,NA,NA
SAISO024,bulk tissue,Plant,field,South Africa,-32.49218,23.727245,Poaceae,this study,0.713269,6e-6,Reported by Author,wang,FALSE,NA,NA,NA,NA,NA,NA,NA,NA,NA,NA,NA,NA,NA,NA,NA,NA,NA,NA,NA,NA,NA,NA,NA,NA,NA,NA,NA,NA,NA,NA,NA,NA,NA,NA,NA,NA,NA,NA,NA,NA
SAISO025,bulk tissue,Plant,field,South Africa,-32.57738,23.179273,Poaceae,this study,0.713384,6e-6,Reported by Author,wang,FALSE,NA,NA,NA,NA,NA,NA,NA,NA,NA,NA,NA,NA,NA,NA,NA,NA,NA,NA,NA,NA,NA,NA,NA,NA,NA,NA,NA,NA,NA,NA,NA,NA,NA,NA,NA,NA,NA,NA,NA,NA
SAISO026,bulk tissue,Plant,field,South Africa,-32.58345,23.054304,Poaceae,this study,0.715569,7e-6,Reported by Author,wang,FALSE,NA,NA,NA,NA,NA,NA,NA,NA,NA,NA,NA,NA,NA,NA,NA,NA,NA,NA,NA,NA,NA,NA,NA,NA,NA,NA,NA,NA,NA,NA,NA,NA,NA,NA,NA,NA,NA,NA,NA,NA
SAISO027,bulk tissue,Plant,field,South Africa,-32.39556,22.581905,Poaceae,this study,0.71392,5e-6,Reported by Author,wang,FALSE,NA,NA,NA,NA,NA,NA,NA,NA,NA,NA,NA,NA,NA,NA,NA,NA,NA,NA,NA,NA,NA,NA,NA,NA,NA,NA,NA,NA,NA,NA,NA,NA,NA,NA,NA,NA,NA,NA,NA,NA
SAISO028,bulk tissue,Plant,field,South Africa,-32.45171,22.557294,Poaceae,this study,0.715297,1.8e-5,Reported by Author,wang,FALSE,NA,NA,NA,NA,NA,NA,NA,NA,NA,NA,NA,NA,NA,NA,NA,NA,NA,NA,NA,NA,NA,NA,NA,NA,NA,NA,NA,NA,NA,NA,NA,NA,NA,NA,NA,NA,NA,NA,NA,NA
SAISO029 correct,bulk tissue,Plant,field,South Africa,-32.681,22.558698,Poaceae,this study,0.712778,6e-6,Reported by Author,wang,FALSE,NA,NA,NA,NA,NA,NA,NA,NA,NA,NA,NA,NA,NA,NA,NA,NA,NA,NA,NA,NA,NA,NA,NA,NA,NA,NA,NA,NA,NA,NA,NA,NA,NA,NA,NA,NA,NA,NA,NA,NA
SAISO030,bulk tissue,Plant,field,South Africa,-32.85008,22.567884,Poaceae,this study,0.716012,9e-6,Reported by Author,wang,FALSE,NA,NA,NA,NA,NA,NA,NA,NA,NA,NA,NA,NA,NA,NA,NA,NA,NA,NA,NA,NA,NA,NA,NA,NA,NA,NA,NA,NA,NA,NA,NA,NA,NA,NA,NA,NA,NA,NA,NA,NA
SAISO031,bulk tissue,Plant,field,South Africa,-33.0496,22.53544,Poaceae,this study,0.715734,9e-6,Reported by Author,wang,FALSE,NA,NA,NA,NA,NA,NA,NA,NA,NA,NA,NA,NA,NA,NA,NA,NA,NA,NA,NA,NA,NA,NA,NA,NA,NA,NA,NA,NA,NA,NA,NA,NA,NA,NA,NA,NA,NA,NA,NA,NA
SAISO032,bulk tissue,Plant,field,South Africa,-33.08129,22.532804,"unspecified (Shrub, leaves and stems)",this study,0.717361,7e-6,Reported by Author,wang,FALSE,NA,NA,NA,NA,NA,NA,NA,NA,NA,NA,NA,NA,NA,NA,NA,NA,NA,NA,NA,NA,NA,NA,NA,NA,NA,NA,NA,NA,NA,NA,NA,NA,NA,NA,NA,NA,NA,NA,NA,NA
SAISO033,bulk tissue,Plant,field,South Africa,-33.21696,22.543289,Poaceae,this study,0.714732,6e-6,Reported by Author,wang,FALSE,NA,NA,NA,NA,NA,NA,NA,NA,NA,NA,NA,NA,NA,NA,NA,NA,NA,NA,NA,NA,NA,NA,NA,NA,NA,NA,NA,NA,NA,NA,NA,NA,NA,NA,NA,NA,NA,NA,NA,NA
SAISO034,bulk tissue,Plant,field,South Africa,-33.2656,22.529735,"unspecified (Shrub, leaves and stems)",this study,0.718692,7e-6,Reported by Author,wang,FALSE,NA,NA,NA,NA,NA,NA,NA,NA,NA,NA,NA,NA,NA,NA,NA,NA,NA,NA,NA,NA,NA,NA,NA,NA,NA,NA,NA,NA,NA,NA,NA,NA,NA,NA,NA,NA,NA,NA,NA,NA
SAISO035,bulk tissue,Plant,field,South Africa,-33.12117,22.712441,Poaceae,this study,0.715474,8e-6,Reported by Author,wang,FALSE,NA,NA,NA,NA,NA,NA,NA,NA,NA,NA,NA,NA,NA,NA,NA,NA,NA,NA,NA,NA,NA,NA,NA,NA,NA,NA,NA,NA,NA,NA,NA,NA,NA,NA,NA,NA,NA,NA,NA,NA
SAISO036,bulk tissue,Plant,field,South Africa,-32.95293,22.967718,"unspecified (Shrub, leaves and stems)",this study,0.713016,1.3e-5,Reported by Author,wang,FALSE,NA,NA,NA,NA,NA,NA,NA,NA,NA,NA,NA,NA,NA,NA,NA,NA,NA,NA,NA,NA,NA,NA,NA,NA,NA,NA,NA,NA,NA,NA,NA,NA,NA,NA,NA,NA,NA,NA,NA,NA
SAISO037,bulk tissue,Plant,field,South Africa,-32.85602,22.840161,Poaceae,this study,0.712336,6e-6,Reported by Author,wang,FALSE,NA,NA,NA,NA,NA,NA,NA,NA,NA,NA,NA,NA,NA,NA,NA,NA,NA,NA,NA,NA,NA,NA,NA,NA,NA,NA,NA,NA,NA,NA,NA,NA,NA,NA,NA,NA,NA,NA,NA,NA
SAISO038,bulk tissue,Plant,field,South Africa,-32.73105,22.732149,"unspecified (Shrub, leaves and stems)",this study,0.716319,1.3e-5,Reported by Author,wang,FALSE,NA,NA,NA,NA,NA,NA,NA,NA,NA,NA,NA,NA,NA,NA,NA,NA,NA,NA,NA,NA,NA,NA,NA,NA,NA,NA,NA,NA,NA,NA,NA,NA,NA,NA,NA,NA,NA,NA,NA,NA
SAISO039,bulk tissue,Plant,field,South Africa,-32.53835,22.798448,Poaceae,this study,0.719381,7e-6,Reported by Author,wang,FALSE,NA,NA,NA,NA,NA,NA,NA,NA,NA,NA,NA,NA,NA,NA,NA,NA,NA,NA,NA,NA,NA,NA,NA,NA,NA,NA,NA,NA,NA,NA,NA,NA,NA,NA,NA,NA,NA,NA,NA,NA
SAISO040,bulk tissue,Plant,field,South Africa,-32.72259,22.990482,Poaceae,this study,0.714814,7e-6,Reported by Author,wang,FALSE,NA,NA,NA,NA,NA,NA,NA,NA,NA,NA,NA,NA,NA,NA,NA,NA,NA,NA,NA,NA,NA,NA,NA,NA,NA,NA,NA,NA,NA,NA,NA,NA,NA,NA,NA,NA,NA,NA,NA,NA
SAISO041,bulk tissue,Plant,field,South Africa,-32.7073,23.191962,Poaceae,this study,0.716405,7e-6,Reported by Author,wang,FALSE,NA,NA,NA,NA,NA,NA,NA,NA,NA,NA,NA,NA,NA,NA,NA,NA,NA,NA,NA,NA,NA,NA,NA,NA,NA,NA,NA,NA,NA,NA,NA,NA,NA,NA,NA,NA,NA,NA,NA,NA
SAISO042,bulk tissue,Plant,field,South Africa,-32.40842,23.255724,Poaceae,this study,0.71768,8e-6,Reported by Author,wang,FALSE,NA,NA,NA,NA,NA,NA,NA,NA,NA,NA,NA,NA,NA,NA,NA,NA,NA,NA,NA,NA,NA,NA,NA,NA,NA,NA,NA,NA,NA,NA,NA,NA,NA,NA,NA,NA,NA,NA,NA,NA
SAISO043,bulk tissue,Plant,field,South Africa,-32.35773,23.007243,"unspecified (Shrub, leaves and stems)",this study,0.716689,8e-6,Reported by Author,wang,FALSE,NA,NA,NA,NA,NA,NA,NA,NA,NA,NA,NA,NA,NA,NA,NA,NA,NA,NA,NA,NA,NA,NA,NA,NA,NA,NA,NA,NA,NA,NA,NA,NA,NA,NA,NA,NA,NA,NA,NA,NA
SAISO044,bulk tissue,Plant,field,South Africa,-32.32648,22.821968,Poaceae,this study,0.716652,5e-6,Reported by Author,wang,FALSE,NA,NA,NA,NA,NA,NA,NA,NA,NA,NA,NA,NA,NA,NA,NA,NA,NA,NA,NA,NA,NA,NA,NA,NA,NA,NA,NA,NA,NA,NA,NA,NA,NA,NA,NA,NA,NA,NA,NA,NA
SAISO045,bulk tissue,Plant,field,South Africa,-32.36236,22.36311,Poaceae,this study,0.717906,7e-6,Reported by Author,wang,FALSE,NA,NA,NA,NA,NA,NA,NA,NA,NA,NA,NA,NA,NA,NA,NA,NA,NA,NA,NA,NA,NA,NA,NA,NA,NA,NA,NA,NA,NA,NA,NA,NA,NA,NA,NA,NA,NA,NA,NA,NA
SAISO046,bulk tissue,Plant,field,South Africa,-32.41782,22.12521,Poaceae,this study,0.715639,8e-6,Reported by Author,wang,FALSE,NA,NA,NA,NA,NA,NA,NA,NA,NA,NA,NA,NA,NA,NA,NA,NA,NA,NA,NA,NA,NA,NA,NA,NA,NA,NA,NA,NA,NA,NA,NA,NA,NA,NA,NA,NA,NA,NA,NA,NA
SAISO047,bulk tissue,Plant,field,South Africa,-32.40651,21.889105,"unspecified (Shrub, leaves and stems)",this study,0.71518,7e-6,Reported by Author,wang,FALSE,NA,NA,NA,NA,NA,NA,NA,NA,NA,NA,NA,NA,NA,NA,NA,NA,NA,NA,NA,NA,NA,NA,NA,NA,NA,NA,NA,NA,NA,NA,NA,NA,NA,NA,NA,NA,NA,NA,NA,NA
SAISO048,bulk tissue,Plant,field,South Africa,-32.35172,21.886247,Poaceae,this study,0.712741,8e-6,Reported by Author,wang,FALSE,NA,NA,NA,NA,NA,NA,NA,NA,NA,NA,NA,NA,NA,NA,NA,NA,NA,NA,NA,NA,NA,NA,NA,NA,NA,NA,NA,NA,NA,NA,NA,NA,NA,NA,NA,NA,NA,NA,NA,NA
SAISO049,bulk tissue,Plant,field,South Africa,-32.4409,21.736251,Poaceae,this study,0.715714,9e-6,Reported by Author,wang,FALSE,NA,NA,NA,NA,NA,NA,NA,NA,NA,NA,NA,NA,NA,NA,NA,NA,NA,NA,NA,NA,NA,NA,NA,NA,NA,NA,NA,NA,NA,NA,NA,NA,NA,NA,NA,NA,NA,NA,NA,NA
SAISO050,bulk tissue,Plant,field,South Africa,-32.60214,21.857559,Poaceae,this study,0.714751,9e-6,Reported by Author,wang,FALSE,NA,NA,NA,NA,NA,NA,NA,NA,NA,NA,NA,NA,NA,NA,NA,NA,NA,NA,NA,NA,NA,NA,NA,NA,NA,NA,NA,NA,NA,NA,NA,NA,NA,NA,NA,NA,NA,NA,NA,NA
SAISO051,bulk tissue,Plant,field,South Africa,-32.62085,22.151866,Poaceae,this study,0.715762,9e-6,Reported by Author,wang,FALSE,NA,NA,NA,NA,NA,NA,NA,NA,NA,NA,NA,NA,NA,NA,NA,NA,NA,NA,NA,NA,NA,NA,NA,NA,NA,NA,NA,NA,NA,NA,NA,NA,NA,NA,NA,NA,NA,NA,NA,NA
SAISO052,bulk tissue,Plant,field,South Africa,-32.63012,22.358561,Poaceae,this study,0.716163,8e-6,Reported by Author,wang,FALSE,NA,NA,NA,NA,NA,NA,NA,NA,NA,NA,NA,NA,NA,NA,NA,NA,NA,NA,NA,NA,NA,NA,NA,NA,NA,NA,NA,NA,NA,NA,NA,NA,NA,NA,NA,NA,NA,NA,NA,NA
SAISO053,bulk tissue,Plant,field,South Africa,-32.61113,21.514214,"unspecified (Shrub, leaves and stems)",this study,0.711486,9e-6,Reported by Author,wang,FALSE,NA,NA,NA,NA,NA,NA,NA,NA,NA,NA,NA,NA,NA,NA,NA,NA,NA,NA,NA,NA,NA,NA,NA,NA,NA,NA,NA,NA,NA,NA,NA,NA,NA,NA,NA,NA,NA,NA,NA,NA
SAISO054,bulk tissue,Plant,field,South Africa,-32.68976,21.656711,"unspecified (Shrub, leaves and stems)",this study,0.713307,9e-6,Reported by Author,wang,FALSE,NA,NA,NA,NA,NA,NA,NA,NA,NA,NA,NA,NA,NA,NA,NA,NA,NA,NA,NA,NA,NA,NA,NA,NA,NA,NA,NA,NA,NA,NA,NA,NA,NA,NA,NA,NA,NA,NA,NA,NA
SAISO055,bulk tissue,Plant,field,South Africa,-32.87397,21.961325,"unspecified (Shrub, leaves and stems)",this study,0.713472,8e-6,Reported by Author,wang,FALSE,NA,NA,NA,NA,NA,NA,NA,NA,NA,NA,NA,NA,NA,NA,NA,NA,NA,NA,NA,NA,NA,NA,NA,NA,NA,NA,NA,NA,NA,NA,NA,NA,NA,NA,NA,NA,NA,NA,NA,NA
SAISO056,bulk tissue,Plant,field,South Africa,-32.94415,22.161324,Poaceae,this study,0.71349,8e-6,Reported by Author,wang,FALSE,NA,NA,NA,NA,NA,NA,NA,NA,NA,NA,NA,NA,NA,NA,NA,NA,NA,NA,NA,NA,NA,NA,NA,NA,NA,NA,NA,NA,NA,NA,NA,NA,NA,NA,NA,NA,NA,NA,NA,NA
SAISO057,bulk tissue,Plant,field,South Africa,-32.98727,22.362083,Poaceae,this study,0.715534,8e-6,Reported by Author,wang,FALSE,NA,NA,NA,NA,NA,NA,NA,NA,NA,NA,NA,NA,NA,NA,NA,NA,NA,NA,NA,NA,NA,NA,NA,NA,NA,NA,NA,NA,NA,NA,NA,NA,NA,NA,NA,NA,NA,NA,NA,NA
SAISO058,bulk tissue,Plant,field,South Africa,-32.79628,22.399536,"unspecified (Shrub, leaves and stems)",this study,0.714366,7e-6,Reported by Author,wang,FALSE,NA,NA,NA,NA,NA,NA,NA,NA,NA,NA,NA,NA,NA,NA,NA,NA,NA,NA,NA,NA,NA,NA,NA,NA,NA,NA,NA,NA,NA,NA,NA,NA,NA,NA,NA,NA,NA,NA,NA,NA
SAISO059,bulk tissue,Plant,field,South Africa,-33.26436,22.048857,Poaceae,this study,0.720953,8e-6,Reported by Author,wang,FALSE,NA,NA,NA,NA,NA,NA,NA,NA,NA,NA,NA,NA,NA,NA,NA,NA,NA,NA,NA,NA,NA,NA,NA,NA,NA,NA,NA,NA,NA,NA,NA,NA,NA,NA,NA,NA,NA,NA,NA,NA
SAISO060,bulk tissue,Plant,field,South Africa,-33.25334,21.971767,"unspecified (Shrub, leaves and stems)",this study,0.722283,1e-5,Reported by Author,wang,FALSE,NA,NA,NA,NA,NA,NA,NA,NA,NA,NA,NA,NA,NA,NA,NA,NA,NA,NA,NA,NA,NA,NA,NA,NA,NA,NA,NA,NA,NA,NA,NA,NA,NA,NA,NA,NA,NA,NA,NA,NA
SAISO061,bulk tissue,Plant,field,South Africa,-33.27608,21.807164,"unspecified (Shrub, leaves and stems)",this study,0.720284,1e-5,Reported by Author,wang,FALSE,NA,NA,NA,NA,NA,NA,NA,NA,NA,NA,NA,NA,NA,NA,NA,NA,NA,NA,NA,NA,NA,NA,NA,NA,NA,NA,NA,NA,NA,NA,NA,NA,NA,NA,NA,NA,NA,NA,NA,NA
SAISO062,bulk tissue,Plant,field,South Africa,-33.24535,22.034881,Poaceae,this study,0.72034,8e-6,Reported by Author,wang,FALSE,NA,NA,NA,NA,NA,NA,NA,NA,NA,NA,NA,NA,NA,NA,NA,NA,NA,NA,NA,NA,NA,NA,NA,NA,NA,NA,NA,NA,NA,NA,NA,NA,NA,NA,NA,NA,NA,NA,NA,NA
SAISO063,bulk tissue,Plant,field,South Africa,-33.28883,22.052549,Poaceae,this study,0.719692,8e-6,Reported by Author,wang,FALSE,NA,NA,NA,NA,NA,NA,NA,NA,NA,NA,NA,NA,NA,NA,NA,NA,NA,NA,NA,NA,NA,NA,NA,NA,NA,NA,NA,NA,NA,NA,NA,NA,NA,NA,NA,NA,NA,NA,NA,NA
SAISO064,bulk tissue,Plant,field,South Africa,-33.12487,22.042091,"unspecified (Shrub, leaves and stems)",this study,0.714546,6e-6,Reported by Author,wang,FALSE,NA,NA,NA,NA,NA,NA,NA,NA,NA,NA,NA,NA,NA,NA,NA,NA,NA,NA,NA,NA,NA,NA,NA,NA,NA,NA,NA,NA,NA,NA,NA,NA,NA,NA,NA,NA,NA,NA,NA,NA
SAISO065,bulk tissue,Plant,field,South Africa,-33.04471,22.012386,Poaceae,this study,0.716234,9e-6,Reported by Author,wang,FALSE,NA,NA,NA,NA,NA,NA,NA,NA,NA,NA,NA,NA,NA,NA,NA,NA,NA,NA,NA,NA,NA,NA,NA,NA,NA,NA,NA,NA,NA,NA,NA,NA,NA,NA,NA,NA,NA,NA,NA,NA
SAISO066,bulk tissue,Plant,field,South Africa,-33.00419,21.695092,Poaceae,this study,0.714891,1e-5,Reported by Author,wang,FALSE,NA,NA,NA,NA,NA,NA,NA,NA,NA,NA,NA,NA,NA,NA,NA,NA,NA,NA,NA,NA,NA,NA,NA,NA,NA,NA,NA,NA,NA,NA,NA,NA,NA,NA,NA,NA,NA,NA,NA,NA
SAISO067,bulk tissue,Plant,field,South Africa,-33.11476,21.923947,Poaceae,this study,0.71442,8e-6,Reported by Author,wang,FALSE,NA,NA,NA,NA,NA,NA,NA,NA,NA,NA,NA,NA,NA,NA,NA,NA,NA,NA,NA,NA,NA,NA,NA,NA,NA,NA,NA,NA,NA,NA,NA,NA,NA,NA,NA,NA,NA,NA,NA,NA
SAISO068,bulk tissue,Plant,field,South Africa,-33.15152,21.969021,"unspecified (Shrub, leaves and stems)",this study,0.716665,7e-6,Reported by Author,wang,FALSE,NA,NA,NA,NA,NA,NA,NA,NA,NA,NA,NA,NA,NA,NA,NA,NA,NA,NA,NA,NA,NA,NA,NA,NA,NA,NA,NA,NA,NA,NA,NA,NA,NA,NA,NA,NA,NA,NA,NA,NA
SAISO069,bulk tissue,Plant,field,South Africa,-33.14923,21.769805,Poaceae,this study,0.715606,6e-6,Reported by Author,wang,FALSE,NA,NA,NA,NA,NA,NA,NA,NA,NA,NA,NA,NA,NA,NA,NA,NA,NA,NA,NA,NA,NA,NA,NA,NA,NA,NA,NA,NA,NA,NA,NA,NA,NA,NA,NA,NA,NA,NA,NA,NA
SAISO070,bulk tissue,Plant,field,South Africa,-33.18095,21.555962,"unspecified (Thorn bush, stems/twigs)",this study,0.713679,7e-6,Reported by Author,wang,FALSE,NA,NA,NA,NA,NA,NA,NA,NA,NA,NA,NA,NA,NA,NA,NA,NA,NA,NA,NA,NA,NA,NA,NA,NA,NA,NA,NA,NA,NA,NA,NA,NA,NA,NA,NA,NA,NA,NA,NA,NA
SAISO071,bulk tissue,Plant,field,South Africa,-33.21934,21.346614,"unspecified (Shrub, leaves and stems)",this study,0.715237,7e-6,Reported by Author,wang,FALSE,NA,NA,NA,NA,NA,NA,NA,NA,NA,NA,NA,NA,NA,NA,NA,NA,NA,NA,NA,NA,NA,NA,NA,NA,NA,NA,NA,NA,NA,NA,NA,NA,NA,NA,NA,NA,NA,NA,NA,NA
SAISO072,bulk tissue,Plant,field,South Africa,-33.27236,21.138774,"unspecified (Shrub, leaves and stems)",this study,0.714932,7e-6,Reported by Author,wang,FALSE,NA,NA,NA,NA,NA,NA,NA,NA,NA,NA,NA,NA,NA,NA,NA,NA,NA,NA,NA,NA,NA,NA,NA,NA,NA,NA,NA,NA,NA,NA,NA,NA,NA,NA,NA,NA,NA,NA,NA,NA
SAISO073,bulk tissue,Plant,field,South Africa,-33.27607,20.931839,"unspecified (Shrub, leaves and stems)",this study,0.717867,1.8e-5,Reported by Author,wang,FALSE,NA,NA,NA,NA,NA,NA,NA,NA,NA,NA,NA,NA,NA,NA,NA,NA,NA,NA,NA,NA,NA,NA,NA,NA,NA,NA,NA,NA,NA,NA,NA,NA,NA,NA,NA,NA,NA,NA,NA,NA
SAISO074,bulk tissue,Plant,field,South Africa,-33.16537,21.023247,"unspecified (Shrub, leaves and stems)",this study,0.713942,7e-6,Reported by Author,wang,FALSE,NA,NA,NA,NA,NA,NA,NA,NA,NA,NA,NA,NA,NA,NA,NA,NA,NA,NA,NA,NA,NA,NA,NA,NA,NA,NA,NA,NA,NA,NA,NA,NA,NA,NA,NA,NA,NA,NA,NA,NA
SAISO075,bulk tissue,Plant,field,South Africa,-33.12202,21.270857,"unspecified (Shrub, leaves and stems)",this study,0.715253,9e-6,Reported by Author,wang,FALSE,NA,NA,NA,NA,NA,NA,NA,NA,NA,NA,NA,NA,NA,NA,NA,NA,NA,NA,NA,NA,NA,NA,NA,NA,NA,NA,NA,NA,NA,NA,NA,NA,NA,NA,NA,NA,NA,NA,NA,NA
SAISO076,bulk tissue,Plant,field,South Africa,-33.10081,21.464899,Poaceae,this study,0.715653,9e-6,Reported by Author,wang,FALSE,NA,NA,NA,NA,NA,NA,NA,NA,NA,NA,NA,NA,NA,NA,NA,NA,NA,NA,NA,NA,NA,NA,NA,NA,NA,NA,NA,NA,NA,NA,NA,NA,NA,NA,NA,NA,NA,NA,NA,NA
SAISO077,bulk tissue,Plant,field,South Africa,-32.83841,21.628661,Poaceae,this study,0.713065,8e-6,Reported by Author,wang,FALSE,NA,NA,NA,NA,NA,NA,NA,NA,NA,NA,NA,NA,NA,NA,NA,NA,NA,NA,NA,NA,NA,NA,NA,NA,NA,NA,NA,NA,NA,NA,NA,NA,NA,NA,NA,NA,NA,NA,NA,NA
SAISO078,bulk tissue,Plant,field,South Africa,-32.65975,21.412742,Poaceae,this study,0.714187,7e-6,Reported by Author,wang,FALSE,NA,NA,NA,NA,NA,NA,NA,NA,NA,NA,NA,NA,NA,NA,NA,NA,NA,NA,NA,NA,NA,NA,NA,NA,NA,NA,NA,NA,NA,NA,NA,NA,NA,NA,NA,NA,NA,NA,NA,NA
SAISO079,bulk tissue,Plant,field,South Africa,-32.54637,21.247497,Poaceae,this study,0.711828,7e-6,Reported by Author,wang,FALSE,NA,NA,NA,NA,NA,NA,NA,NA,NA,NA,NA,NA,NA,NA,NA,NA,NA,NA,NA,NA,NA,NA,NA,NA,NA,NA,NA,NA,NA,NA,NA,NA,NA,NA,NA,NA,NA,NA,NA,NA
SAISO080,bulk tissue,Plant,field,South Africa,-32.66232,21.281537,Poaceae,this study,0.71414,8e-6,Reported by Author,wang,FALSE,NA,NA,NA,NA,NA,NA,NA,NA,NA,NA,NA,NA,NA,NA,NA,NA,NA,NA,NA,NA,NA,NA,NA,NA,NA,NA,NA,NA,NA,NA,NA,NA,NA,NA,NA,NA,NA,NA,NA,NA
SAISO081,bulk tissue,Plant,field,South Africa,-32.77963,21.297453,Poaceae,this study,0.712252,8e-6,Reported by Author,wang,FALSE,NA,NA,NA,NA,NA,NA,NA,NA,NA,NA,NA,NA,NA,NA,NA,NA,NA,NA,NA,NA,NA,NA,NA,NA,NA,NA,NA,NA,NA,NA,NA,NA,NA,NA,NA,NA,NA,NA,NA,NA
SAISO082,bulk tissue,Plant,field,South Africa,-32.7517,21.45403,Poaceae,this study,0.713103,7e-6,Reported by Author,wang,FALSE,NA,NA,NA,NA,NA,NA,NA,NA,NA,NA,NA,NA,NA,NA,NA,NA,NA,NA,NA,NA,NA,NA,NA,NA,NA,NA,NA,NA,NA,NA,NA,NA,NA,NA,NA,NA,NA,NA,NA,NA
SAISO083,bulk tissue,Plant,field,South Africa,-32.94679,21.336151,Poaceae,this study,0.714476,6e-6,Reported by Author,wang,FALSE,NA,NA,NA,NA,NA,NA,NA,NA,NA,NA,NA,NA,NA,NA,NA,NA,NA,NA,NA,NA,NA,NA,NA,NA,NA,NA,NA,NA,NA,NA,NA,NA,NA,NA,NA,NA,NA,NA,NA,NA
SAISO084,bulk tissue,Plant,field,South Africa,-32.50882,21.591107,Poaceae,this study,0.715107,9e-6,Reported by Author,wang,FALSE,NA,NA,NA,NA,NA,NA,NA,NA,NA,NA,NA,NA,NA,NA,NA,NA,NA,NA,NA,NA,NA,NA,NA,NA,NA,NA,NA,NA,NA,NA,NA,NA,NA,NA,NA,NA,NA,NA,NA,NA
SAISO085,bulk tissue,Plant,field,South Africa,-32.44835,21.59792,Poaceae,this study,0.71157,1e-5,Reported by Author,wang,FALSE,NA,NA,NA,NA,NA,NA,NA,NA,NA,NA,NA,NA,NA,NA,NA,NA,NA,NA,NA,NA,NA,NA,NA,NA,NA,NA,NA,NA,NA,NA,NA,NA,NA,NA,NA,NA,NA,NA,NA,NA
SAISO086,bulk tissue,Plant,field,South Africa,-32.52951,21.193306,"unspecified (Shrub, leaves and stems)",this study,0.714706,7e-6,Reported by Author,wang,FALSE,NA,NA,NA,NA,NA,NA,NA,NA,NA,NA,NA,NA,NA,NA,NA,NA,NA,NA,NA,NA,NA,NA,NA,NA,NA,NA,NA,NA,NA,NA,NA,NA,NA,NA,NA,NA,NA,NA,NA,NA
SAISO087,bulk tissue,Plant,field,South Africa,-32.50865,21.030793,"unspecified (Shrub, leaves and stems)",this study,0.713059,6e-6,Reported by Author,wang,FALSE,NA,NA,NA,NA,NA,NA,NA,NA,NA,NA,NA,NA,NA,NA,NA,NA,NA,NA,NA,NA,NA,NA,NA,NA,NA,NA,NA,NA,NA,NA,NA,NA,NA,NA,NA,NA,NA,NA,NA,NA
SAISO088,bulk tissue,Plant,field,South Africa,-32.51031,20.867141,"unspecified (Shrub, leaves and stems)",this study,0.714653,7e-6,Reported by Author,wang,FALSE,NA,NA,NA,NA,NA,NA,NA,NA,NA,NA,NA,NA,NA,NA,NA,NA,NA,NA,NA,NA,NA,NA,NA,NA,NA,NA,NA,NA,NA,NA,NA,NA,NA,NA,NA,NA,NA,NA,NA,NA
SAISO089,bulk tissue,Plant,field,South Africa,-32.4864,20.707736,"unspecified (Shrub, leaves and stems)",this study,0.713497,7e-6,Reported by Author,wang,FALSE,NA,NA,NA,NA,NA,NA,NA,NA,NA,NA,NA,NA,NA,NA,NA,NA,NA,NA,NA,NA,NA,NA,NA,NA,NA,NA,NA,NA,NA,NA,NA,NA,NA,NA,NA,NA,NA,NA,NA,NA
SAISO090,bulk tissue,Plant,field,South Africa,-32.59636,20.477203,"unspecified (Shrub, leaves and stems)",this study,0.712663,7e-6,Reported by Author,wang,FALSE,NA,NA,NA,NA,NA,NA,NA,NA,NA,NA,NA,NA,NA,NA,NA,NA,NA,NA,NA,NA,NA,NA,NA,NA,NA,NA,NA,NA,NA,NA,NA,NA,NA,NA,NA,NA,NA,NA,NA,NA
SAISO091,bulk tissue,Plant,field,South Africa,-33.17561,20.728242,Poaceae,this study,0.717134,8e-6,Reported by Author,wang,FALSE,NA,NA,NA,NA,NA,NA,NA,NA,NA,NA,NA,NA,NA,NA,NA,NA,NA,NA,NA,NA,NA,NA,NA,NA,NA,NA,NA,NA,NA,NA,NA,NA,NA,NA,NA,NA,NA,NA,NA,NA
SAISO092,bulk tissue,Plant,field,South Africa,-33.13207,20.716875,"unspecified (Shrub, leaves and stems)",this study,0.715873,7e-6,Reported by Author,wang,FALSE,NA,NA,NA,NA,NA,NA,NA,NA,NA,NA,NA,NA,NA,NA,NA,NA,NA,NA,NA,NA,NA,NA,NA,NA,NA,NA,NA,NA,NA,NA,NA,NA,NA,NA,NA,NA,NA,NA,NA,NA
SAISO093,bulk tissue,Plant,field,South Africa,-33.09762,20.676823,"unspecified (Shrub, leaves and stems)",this study,0.718851,6e-6,Reported by Author,wang,FALSE,NA,NA,NA,NA,NA,NA,NA,NA,NA,NA,NA,NA,NA,NA,NA,NA,NA,NA,NA,NA,NA,NA,NA,NA,NA,NA,NA,NA,NA,NA,NA,NA,NA,NA,NA,NA,NA,NA,NA,NA
SAISO094,bulk tissue,Plant,field,South Africa,-33.07961,20.599965,"unspecified (Shrub, leaves and stems)",this study,0.714727,1e-5,Reported by Author,wang,FALSE,NA,NA,NA,NA,NA,NA,NA,NA,NA,NA,NA,NA,NA,NA,NA,NA,NA,NA,NA,NA,NA,NA,NA,NA,NA,NA,NA,NA,NA,NA,NA,NA,NA,NA,NA,NA,NA,NA,NA,NA
SAISO095,bulk tissue,Plant,field,South Africa,-32.94882,20.551288,"unspecified (Shrub, leaves and stems)",this study,0.714807,8e-6,Reported by Author,wang,FALSE,NA,NA,NA,NA,NA,NA,NA,NA,NA,NA,NA,NA,NA,NA,NA,NA,NA,NA,NA,NA,NA,NA,NA,NA,NA,NA,NA,NA,NA,NA,NA,NA,NA,NA,NA,NA,NA,NA,NA,NA
SAISO096,bulk tissue,Plant,field,South Africa,-32.85671,20.69426,"unspecified (Shrub, leaves and stems)",this study,0.713228,7e-6,Reported by Author,wang,FALSE,NA,NA,NA,NA,NA,NA,NA,NA,NA,NA,NA,NA,NA,NA,NA,NA,NA,NA,NA,NA,NA,NA,NA,NA,NA,NA,NA,NA,NA,NA,NA,NA,NA,NA,NA,NA,NA,NA,NA,NA
SAISO097,bulk tissue,Plant,field,South Africa,-32.729,20.736912,"unspecified (Shrub, leaves and stems)",this study,0.712852,8e-6,Reported by Author,wang,FALSE,NA,NA,NA,NA,NA,NA,NA,NA,NA,NA,NA,NA,NA,NA,NA,NA,NA,NA,NA,NA,NA,NA,NA,NA,NA,NA,NA,NA,NA,NA,NA,NA,NA,NA,NA,NA,NA,NA,NA,NA
SAISO098,bulk tissue,Plant,field,South Africa,-32.61274,20.75128,"unspecified (Shrub, leaves and stems)",this study,0.712588,7e-6,Reported by Author,wang,FALSE,NA,NA,NA,NA,NA,NA,NA,NA,NA,NA,NA,NA,NA,NA,NA,NA,NA,NA,NA,NA,NA,NA,NA,NA,NA,NA,NA,NA,NA,NA,NA,NA,NA,NA,NA,NA,NA,NA,NA,NA
SAISO099,bulk tissue,Plant,field,South Africa,-32.44834,20.592787,"unspecified (Shrub, leaves and stems)",this study,0.714704,7e-6,Reported by Author,wang,FALSE,NA,NA,NA,NA,NA,NA,NA,NA,NA,NA,NA,NA,NA,NA,NA,NA,NA,NA,NA,NA,NA,NA,NA,NA,NA,NA,NA,NA,NA,NA,NA,NA,NA,NA,NA,NA,NA,NA,NA,NA
SAISO100,bulk tissue,Plant,field,South Africa,-32.44894,20.485269,Poaceae,this study,0.717306,7e-6,Reported by Author,wang,FALSE,NA,NA,NA,NA,NA,NA,NA,NA,NA,NA,NA,NA,NA,NA,NA,NA,NA,NA,NA,NA,NA,NA,NA,NA,NA,NA,NA,NA,NA,NA,NA,NA,NA,NA,NA,NA,NA,NA,NA,NA
SAISO101,bulk tissue,Plant,field,South Africa,-32.39645,20.68823,"unspecified (Shrub, leaves and stems)",this study,0.715744,6e-6,Reported by Author,wang,FALSE,NA,NA,NA,NA,NA,NA,NA,NA,NA,NA,NA,NA,NA,NA,NA,NA,NA,NA,NA,NA,NA,NA,NA,NA,NA,NA,NA,NA,NA,NA,NA,NA,NA,NA,NA,NA,NA,NA,NA,NA
SAISO102,bulk tissue,Plant,field,South Africa,-32.39963,20.761269,"unspecified (Shrub, leaves and stems)",this study,0.712158,8e-6,Reported by Author,wang,FALSE,NA,NA,NA,NA,NA,NA,NA,NA,NA,NA,NA,NA,NA,NA,NA,NA,NA,NA,NA,NA,NA,NA,NA,NA,NA,NA,NA,NA,NA,NA,NA,NA,NA,NA,NA,NA,NA,NA,NA,NA
SAISO103,bulk tissue,Plant,field,South Africa,-32.40533,20.836971,"unspecified (Shrub, leaves and stems)",this study,0.712076,7e-6,Reported by Author,wang,FALSE,NA,NA,NA,NA,NA,NA,NA,NA,NA,NA,NA,NA,NA,NA,NA,NA,NA,NA,NA,NA,NA,NA,NA,NA,NA,NA,NA,NA,NA,NA,NA,NA,NA,NA,NA,NA,NA,NA,NA,NA
SAISO104,bulk tissue,Plant,field,South Africa,-32.40659,20.95347,"unspecified (Shrub, leaves and stems)",this study,0.713987,6e-6,Reported by Author,wang,FALSE,NA,NA,NA,NA,NA,NA,NA,NA,NA,NA,NA,NA,NA,NA,NA,NA,NA,NA,NA,NA,NA,NA,NA,NA,NA,NA,NA,NA,NA,NA,NA,NA,NA,NA,NA,NA,NA,NA,NA,NA
SAISO105,bulk tissue,Plant,field,South Africa,-32.38786,21.102913,"unspecified (Shrub, leaves and stems)",this study,0.71565,9e-6,Reported by Author,wang,FALSE,NA,NA,NA,NA,NA,NA,NA,NA,NA,NA,NA,NA,NA,NA,NA,NA,NA,NA,NA,NA,NA,NA,NA,NA,NA,NA,NA,NA,NA,NA,NA,NA,NA,NA,NA,NA,NA,NA,NA,NA
SAISO106,bulk tissue,Plant,field,South Africa,-32.45456,21.201701,"unspecified (Shrub, leaves and stems)",this study,0.71069,7e-6,Reported by Author,wang,FALSE,NA,NA,NA,NA,NA,NA,NA,NA,NA,NA,NA,NA,NA,NA,NA,NA,NA,NA,NA,NA,NA,NA,NA,NA,NA,NA,NA,NA,NA,NA,NA,NA,NA,NA,NA,NA,NA,NA,NA,NA
SAISO107,bulk tissue,Plant,field,South Africa,-32.40995,21.214298,"unspecified (Shrub, leaves and stems)",this study,0.711688,6e-6,Reported by Author,wang,FALSE,NA,NA,NA,NA,NA,NA,NA,NA,NA,NA,NA,NA,NA,NA,NA,NA,NA,NA,NA,NA,NA,NA,NA,NA,NA,NA,NA,NA,NA,NA,NA,NA,NA,NA,NA,NA,NA,NA,NA,NA
SAISO108,bulk tissue,Plant,field,South Africa,-32.46804,21.168136,Poaceae,this study,0.715312,7e-6,Reported by Author,wang,FALSE,NA,NA,NA,NA,NA,NA,NA,NA,NA,NA,NA,NA,NA,NA,NA,NA,NA,NA,NA,NA,NA,NA,NA,NA,NA,NA,NA,NA,NA,NA,NA,NA,NA,NA,NA,NA,NA,NA,NA,NA
SAISO109,bulk tissue,Plant,field,South Africa,-32.71062,20.876675,"unspecified (Shrub, leaves and stems)",this study,0.711662,7e-6,Reported by Author,wang,FALSE,NA,NA,NA,NA,NA,NA,NA,NA,NA,NA,NA,NA,NA,NA,NA,NA,NA,NA,NA,NA,NA,NA,NA,NA,NA,NA,NA,NA,NA,NA,NA,NA,NA,NA,NA,NA,NA,NA,NA,NA
SAISO110,bulk tissue,Plant,field,South Africa,-32.82101,20.952468,"unspecified (Shrub, leaves and stems)",this study,0.713912,5e-6,Reported by Author,wang,FALSE,NA,NA,NA,NA,NA,NA,NA,NA,NA,NA,NA,NA,NA,NA,NA,NA,NA,NA,NA,NA,NA,NA,NA,NA,NA,NA,NA,NA,NA,NA,NA,NA,NA,NA,NA,NA,NA,NA,NA,NA
SAISO111,bulk tissue,Plant,field,South Africa,-32.84146,20.83545,"unspecified (Shrub, leaves and stems)",this study,0.712536,9e-6,Reported by Author,wang,FALSE,NA,NA,NA,NA,NA,NA,NA,NA,NA,NA,NA,NA,NA,NA,NA,NA,NA,NA,NA,NA,NA,NA,NA,NA,NA,NA,NA,NA,NA,NA,NA,NA,NA,NA,NA,NA,NA,NA,NA,NA
SAISO112,bulk tissue,Plant,field,South Africa,-32.82853,21.076727,"unspecified (Shrub, leaves and stems)",this study,0.714543,7e-6,Reported by Author,wang,FALSE,NA,NA,NA,NA,NA,NA,NA,NA,NA,NA,NA,NA,NA,NA,NA,NA,NA,NA,NA,NA,NA,NA,NA,NA,NA,NA,NA,NA,NA,NA,NA,NA,NA,NA,NA,NA,NA,NA,NA,NA
SAISO113,bulk tissue,Plant,field,South Africa,-32.91851,20.957253,"unspecified (Shrub, leaves and stems)",this study,0.713647,5e-6,Reported by Author,wang,FALSE,NA,NA,NA,NA,NA,NA,NA,NA,NA,NA,NA,NA,NA,NA,NA,NA,NA,NA,NA,NA,NA,NA,NA,NA,NA,NA,NA,NA,NA,NA,NA,NA,NA,NA,NA,NA,NA,NA,NA,NA
SAISO114,bulk tissue,Plant,field,South Africa,-33.01681,21.001038,"unspecified (Shrub, leaves and stems)",this study,0.714804,8e-6,Reported by Author,wang,FALSE,NA,NA,NA,NA,NA,NA,NA,NA,NA,NA,NA,NA,NA,NA,NA,NA,NA,NA,NA,NA,NA,NA,NA,NA,NA,NA,NA,NA,NA,NA,NA,NA,NA,NA,NA,NA,NA,NA,NA,NA
SAISO115,bulk tissue,Plant,field,South Africa,-33.14279,20.905255,"unspecified (Shrub, leaves and stems)",this study,0.715835,6e-6,Reported by Author,wang,FALSE,NA,NA,NA,NA,NA,NA,NA,NA,NA,NA,NA,NA,NA,NA,NA,NA,NA,NA,NA,NA,NA,NA,NA,NA,NA,NA,NA,NA,NA,NA,NA,NA,NA,NA,NA,NA,NA,NA,NA,NA
SAISO116,bulk tissue,Plant,field,South Africa,-33.20752,20.622234,"unspecified (Shrub, leaves and stems)",this study,0.71807,8e-6,Reported by Author,wang,FALSE,NA,NA,NA,NA,NA,NA,NA,NA,NA,NA,NA,NA,NA,NA,NA,NA,NA,NA,NA,NA,NA,NA,NA,NA,NA,NA,NA,NA,NA,NA,NA,NA,NA,NA,NA,NA,NA,NA,NA,NA
SAISO117,bulk tissue,Plant,field,South Africa,-33.18837,20.583618,unspecified (Flowers with stems),this study,0.721322,9e-6,Reported by Author,wang,FALSE,NA,NA,NA,NA,NA,NA,NA,NA,NA,NA,NA,NA,NA,NA,NA,NA,NA,NA,NA,NA,NA,NA,NA,NA,NA,NA,NA,NA,NA,NA,NA,NA,NA,NA,NA,NA,NA,NA,NA,NA
SAISO118,bulk tissue,Plant,field,South Africa,-32.83783,20.55902,Poaceae,this study,0.714537,7e-6,Reported by Author,wang,FALSE,NA,NA,NA,NA,NA,NA,NA,NA,NA,NA,NA,NA,NA,NA,NA,NA,NA,NA,NA,NA,NA,NA,NA,NA,NA,NA,NA,NA,NA,NA,NA,NA,NA,NA,NA,NA,NA,NA,NA,NA
SAISO119,bulk tissue,Plant,field,South Africa,-32.72455,20.487529,"unspecified (Shrub, leaves and stems)",this study,0.715515,7e-6,Reported by Author,wang,FALSE,NA,NA,NA,NA,NA,NA,NA,NA,NA,NA,NA,NA,NA,NA,NA,NA,NA,NA,NA,NA,NA,NA,NA,NA,NA,NA,NA,NA,NA,NA,NA,NA,NA,NA,NA,NA,NA,NA,NA,NA
SAISO120,bulk tissue,Plant,field,South Africa,-32.45195,20.658406,"unspecified (Shrub, leaves and stems)",this study,0.711517,1.8e-5,Reported by Author,wang,FALSE,NA,NA,NA,NA,NA,NA,NA,NA,NA,NA,NA,NA,NA,NA,NA,NA,NA,NA,NA,NA,NA,NA,NA,NA,NA,NA,NA,NA,NA,NA,NA,NA,NA,NA,NA,NA,NA,NA,NA,NA
SAISO121,bulk tissue,Plant,field,South Africa,-32.63819,20.453988,unspecified (Flowers with stems),this study,0.713542,9e-6,Reported by Author,wang,FALSE,NA,NA,NA,NA,NA,NA,NA,NA,NA,NA,NA,NA,NA,NA,NA,NA,NA,NA,NA,NA,NA,NA,NA,NA,NA,NA,NA,NA,NA,NA,NA,NA,NA,NA,NA,NA,NA,NA,NA,NA
SAISO122,bulk tissue,Plant,field,South Africa,-32.75582,20.515644,"unspecified (Shrub, leaves and stems)",this study,0.716136,6e-6,Reported by Author,wang,FALSE,NA,NA,NA,NA,NA,NA,NA,NA,NA,NA,NA,NA,NA,NA,NA,NA,NA,NA,NA,NA,NA,NA,NA,NA,NA,NA,NA,NA,NA,NA,NA,NA,NA,NA,NA,NA,NA,NA,NA,NA
SAISO123,bulk tissue,Plant,field,South Africa,-33.23131,20.560107,"unspecified (Shrub, leaves and stems)",this study,0.72219,8e-6,Reported by Author,wang,FALSE,NA,NA,NA,NA,NA,NA,NA,NA,NA,NA,NA,NA,NA,NA,NA,NA,NA,NA,NA,NA,NA,NA,NA,NA,NA,NA,NA,NA,NA,NA,NA,NA,NA,NA,NA,NA,NA,NA,NA,NA
SAISO124,bulk tissue,Plant,field,South Africa,-33.30432,20.560944,"unspecified (Shrub, leaves and stems)",this study,0.722395,1.3e-5,Reported by Author,wang,FALSE,NA,NA,NA,NA,NA,NA,NA,NA,NA,NA,NA,NA,NA,NA,NA,NA,NA,NA,NA,NA,NA,NA,NA,NA,NA,NA,NA,NA,NA,NA,NA,NA,NA,NA,NA,NA,NA,NA,NA,NA
SAISO125,bulk tissue,Plant,field,South Africa,-33.28907,20.6683,"unspecified (Shrub, leaves and stems)",this study,0.724345,7e-6,Reported by Author,wang,FALSE,NA,NA,NA,NA,NA,NA,NA,NA,NA,NA,NA,NA,NA,NA,NA,NA,NA,NA,NA,NA,NA,NA,NA,NA,NA,NA,NA,NA,NA,NA,NA,NA,NA,NA,NA,NA,NA,NA,NA,NA
SAISO126,bulk tissue,Plant,field,South Africa,-33.26023,20.793965,"unspecified (Shrub, leaves and stems)",this study,0.724322,9e-6,Reported by Author,wang,FALSE,NA,NA,NA,NA,NA,NA,NA,NA,NA,NA,NA,NA,NA,NA,NA,NA,NA,NA,NA,NA,NA,NA,NA,NA,NA,NA,NA,NA,NA,NA,NA,NA,NA,NA,NA,NA,NA,NA,NA,NA
SAISO127,bulk tissue,Plant,field,South Africa,-33.35342,20.953099,"unspecified (Shrub, leaves and stems)",this study,0.718365,8e-6,Reported by Author,wang,FALSE,NA,NA,NA,NA,NA,NA,NA,NA,NA,NA,NA,NA,NA,NA,NA,NA,NA,NA,NA,NA,NA,NA,NA,NA,NA,NA,NA,NA,NA,NA,NA,NA,NA,NA,NA,NA,NA,NA,NA,NA
SAISO128,bulk tissue,Plant,field,South Africa,-33.37702,21.086756,"unspecified (Shrub, leaves and stems)",this study,0.72191,6e-6,Reported by Author,wang,FALSE,NA,NA,NA,NA,NA,NA,NA,NA,NA,NA,NA,NA,NA,NA,NA,NA,NA,NA,NA,NA,NA,NA,NA,NA,NA,NA,NA,NA,NA,NA,NA,NA,NA,NA,NA,NA,NA,NA,NA,NA
SAISO129,bulk tissue,Plant,field,South Africa,-33.37118,21.240141,"unspecified (Shrub, leaves and stems)",this study,0.721283,6e-6,Reported by Author,wang,FALSE,NA,NA,NA,NA,NA,NA,NA,NA,NA,NA,NA,NA,NA,NA,NA,NA,NA,NA,NA,NA,NA,NA,NA,NA,NA,NA,NA,NA,NA,NA,NA,NA,NA,NA,NA,NA,NA,NA,NA,NA
SAISO130,bulk tissue,Plant,field,South Africa,-33.36053,21.398395,"unspecified (Shrub, leaves and stems)",this study,0.722702,1.2e-5,Reported by Author,wang,FALSE,NA,NA,NA,NA,NA,NA,NA,NA,NA,NA,NA,NA,NA,NA,NA,NA,NA,NA,NA,NA,NA,NA,NA,NA,NA,NA,NA,NA,NA,NA,NA,NA,NA,NA,NA,NA,NA,NA,NA,NA
SAISO131,bulk tissue,Plant,field,South Africa,-33.35648,20.80892,"unspecified (Shrub, leaves and stems)",this study,0.720261,1.3e-5,Reported by Author,wang,FALSE,NA,NA,NA,NA,NA,NA,NA,NA,NA,NA,NA,NA,NA,NA,NA,NA,NA,NA,NA,NA,NA,NA,NA,NA,NA,NA,NA,NA,NA,NA,NA,NA,NA,NA,NA,NA,NA,NA,NA,NA
SAISO132,bulk tissue,Plant,field,South Africa,-33.43969,20.801929,"unspecified (Shrub, leaves and stems)",this study,0.717959,5e-6,Reported by Author,wang,FALSE,NA,NA,NA,NA,NA,NA,NA,NA,NA,NA,NA,NA,NA,NA,NA,NA,NA,NA,NA,NA,NA,NA,NA,NA,NA,NA,NA,NA,NA,NA,NA,NA,NA,NA,NA,NA,NA,NA,NA,NA
SAISO133,bulk tissue,Plant,field,South Africa,-33.45604,20.865662,"unspecified (Shrub, leaves and stems)",this study,0.717586,6e-6,Reported by Author,wang,FALSE,NA,NA,NA,NA,NA,NA,NA,NA,NA,NA,NA,NA,NA,NA,NA,NA,NA,NA,NA,NA,NA,NA,NA,NA,NA,NA,NA,NA,NA,NA,NA,NA,NA,NA,NA,NA,NA,NA,NA,NA
SAISO134,bulk tissue,Plant,field,South Africa,-33.58196,20.803195,"unspecified (Shrub, leaves and stems)",this study,0.718722,5e-6,Reported by Author,wang,FALSE,NA,NA,NA,NA,NA,NA,NA,NA,NA,NA,NA,NA,NA,NA,NA,NA,NA,NA,NA,NA,NA,NA,NA,NA,NA,NA,NA,NA,NA,NA,NA,NA,NA,NA,NA,NA,NA,NA,NA,NA
SAISO135,bulk tissue,Plant,field,South Africa,-33.66343,20.741129,"unspecified (Shrub, leaves and stems)",this study,0.717935,8e-6,Reported by Author,wang,FALSE,NA,NA,NA,NA,NA,NA,NA,NA,NA,NA,NA,NA,NA,NA,NA,NA,NA,NA,NA,NA,NA,NA,NA,NA,NA,NA,NA,NA,NA,NA,NA,NA,NA,NA,NA,NA,NA,NA,NA,NA
SAISO136,bulk tissue,Plant,field,South Africa,-33.57123,20.648457,"unspecified (Shrub, leaves and stems)",this study,0.718193,7e-6,Reported by Author,wang,FALSE,NA,NA,NA,NA,NA,NA,NA,NA,NA,NA,NA,NA,NA,NA,NA,NA,NA,NA,NA,NA,NA,NA,NA,NA,NA,NA,NA,NA,NA,NA,NA,NA,NA,NA,NA,NA,NA,NA,NA,NA
SAISO137,bulk tissue,Plant,field,South Africa,-33.4846,20.971261,"unspecified (Shrub, leaves and stems)",this study,0.720718,1.6e-5,Reported by Author,wang,FALSE,NA,NA,NA,NA,NA,NA,NA,NA,NA,NA,NA,NA,NA,NA,NA,NA,NA,NA,NA,NA,NA,NA,NA,NA,NA,NA,NA,NA,NA,NA,NA,NA,NA,NA,NA,NA,NA,NA,NA,NA
SAISO138,bulk tissue,Plant,field,South Africa,-33.46594,21.100187,Poaceae,this study,0.722874,9e-6,Reported by Author,wang,FALSE,NA,NA,NA,NA,NA,NA,NA,NA,NA,NA,NA,NA,NA,NA,NA,NA,NA,NA,NA,NA,NA,NA,NA,NA,NA,NA,NA,NA,NA,NA,NA,NA,NA,NA,NA,NA,NA,NA,NA,NA
SAISO139,bulk tissue,Plant,field,South Africa,-33.63482,21.696701,"unspecified (Shrub, leaves and stems)",this study,0.716345,8e-6,Reported by Author,wang,FALSE,NA,NA,NA,NA,NA,NA,NA,NA,NA,NA,NA,NA,NA,NA,NA,NA,NA,NA,NA,NA,NA,NA,NA,NA,NA,NA,NA,NA,NA,NA,NA,NA,NA,NA,NA,NA,NA,NA,NA,NA
SAISO140,bulk tissue,Plant,field,South Africa,-33.68118,21.647559,"unspecified (Shrub, leaves and stems)",this study,0.713159,7e-6,Reported by Author,wang,FALSE,NA,NA,NA,NA,NA,NA,NA,NA,NA,NA,NA,NA,NA,NA,NA,NA,NA,NA,NA,NA,NA,NA,NA,NA,NA,NA,NA,NA,NA,NA,NA,NA,NA,NA,NA,NA,NA,NA,NA,NA
SAISO141,bulk tissue,Plant,field,South Africa,-33.73972,21.572243,"unspecified (Shrub, leaves and stems)",this study,0.716033,5e-6,Reported by Author,wang,FALSE,NA,NA,NA,NA,NA,NA,NA,NA,NA,NA,NA,NA,NA,NA,NA,NA,NA,NA,NA,NA,NA,NA,NA,NA,NA,NA,NA,NA,NA,NA,NA,NA,NA,NA,NA,NA,NA,NA,NA,NA
SAISO142,bulk tissue,Plant,field,South Africa,-33.45898,21.757868,"unspecified (Shrub, leaves and stems)",this study,0.720556,8e-6,Reported by Author,wang,FALSE,NA,NA,NA,NA,NA,NA,NA,NA,NA,NA,NA,NA,NA,NA,NA,NA,NA,NA,NA,NA,NA,NA,NA,NA,NA,NA,NA,NA,NA,NA,NA,NA,NA,NA,NA,NA,NA,NA,NA,NA
SAISO143,bulk tissue,Plant,field,South Africa,-33.43947,21.886058,"unspecified (Shrub, leaves and stems)",this study,0.72622,9e-6,Reported by Author,wang,FALSE,NA,NA,NA,NA,NA,NA,NA,NA,NA,NA,NA,NA,NA,NA,NA,NA,NA,NA,NA,NA,NA,NA,NA,NA,NA,NA,NA,NA,NA,NA,NA,NA,NA,NA,NA,NA,NA,NA,NA,NA
SAISO144,bulk tissue,Plant,field,South Africa,-33.5008,22.002749,Poaceae,this study,0.716132,1.1e-5,Reported by Author,wang,FALSE,NA,NA,NA,NA,NA,NA,NA,NA,NA,NA,NA,NA,NA,NA,NA,NA,NA,NA,NA,NA,NA,NA,NA,NA,NA,NA,NA,NA,NA,NA,NA,NA,NA,NA,NA,NA,NA,NA,NA,NA
SAISO145,bulk tissue,Plant,field,South Africa,-33.65364,21.895879,"unspecified (Shrub, leaves and stems)",this study,0.714958,6e-6,Reported by Author,wang,FALSE,NA,NA,NA,NA,NA,NA,NA,NA,NA,NA,NA,NA,NA,NA,NA,NA,NA,NA,NA,NA,NA,NA,NA,NA,NA,NA,NA,NA,NA,NA,NA,NA,NA,NA,NA,NA,NA,NA,NA,NA
SAISO146,bulk tissue,Plant,field,South Africa,-33.46731,21.157191,"unspecified (Shrub, leaves and stems)",this study,0.715377,9e-6,Reported by Author,wang,FALSE,NA,NA,NA,NA,NA,NA,NA,NA,NA,NA,NA,NA,NA,NA,NA,NA,NA,NA,NA,NA,NA,NA,NA,NA,NA,NA,NA,NA,NA,NA,NA,NA,NA,NA,NA,NA,NA,NA,NA,NA
SAISO147,bulk tissue,Plant,field,South Africa,-33.73693,22.014266,"unspecified (Shrub, leaves and stems)",this study,0.713947,8e-6,Reported by Author,wang,FALSE,NA,NA,NA,NA,NA,NA,NA,NA,NA,NA,NA,NA,NA,NA,NA,NA,NA,NA,NA,NA,NA,NA,NA,NA,NA,NA,NA,NA,NA,NA,NA,NA,NA,NA,NA,NA,NA,NA,NA,NA
SAISO148,bulk tissue,Plant,field,South Africa,-33.79466,21.862372,"unspecified (Shrub, leaves and stems)",this study,0.716398,7e-6,Reported by Author,wang,FALSE,NA,NA,NA,NA,NA,NA,NA,NA,NA,NA,NA,NA,NA,NA,NA,NA,NA,NA,NA,NA,NA,NA,NA,NA,NA,NA,NA,NA,NA,NA,NA,NA,NA,NA,NA,NA,NA,NA,NA,NA
SAISO149,bulk tissue,Plant,field,South Africa,-33.78089,21.729602,"unspecified (Shrub, leaves and stems)",this study,0.713685,6e-6,Reported by Author,wang,FALSE,NA,NA,NA,NA,NA,NA,NA,NA,NA,NA,NA,NA,NA,NA,NA,NA,NA,NA,NA,NA,NA,NA,NA,NA,NA,NA,NA,NA,NA,NA,NA,NA,NA,NA,NA,NA,NA,NA,NA,NA
EAA2ND01,bulk solid,organism : animal : animal tissue : tooth : enamel,field,hree EIA sites in the lower Thukela River Valley,-28.92,31.04,,"Arnold ER., et al. Domestic Cattle Mobility in Early Farming Villages in Southern Africa..."". Arch&AnthSci, 5:2, 2013, 129-44",0.71321,NA,NA,isobank,FALSE,,SRM 987,0.710242,MC-ICP-MS,bulk solid,4.1e-5,,,,,other,,,Elizabeth R. Arnold,arnoleli@gvsu.edu,,,,,NA,NA,1.5e-5,unknown,unknown,https://doi.org/10.1007/s12520-013-0121-z.,DOI,LIT,EAA2ND01,ARDUOUS-00673,EAA2ND01,NA,NA,NA,NA,NA,NA,NA,NA,NA,NA
EEA2ND02,bulk solid,organism : animal : animal tissue : tooth : enamel,field,hree EIA sites in the lower Thukela River Valley,-28.92,31.04,,"Arnold ER., et al. Domestic Cattle Mobility in Early Farming Villages in Southern Africa..."". Arch&AnthSci, 5:2, 2013, 129-44",0.713197,NA,NA,isobank,FALSE,,SRM 987,0.710242,MC-ICP-MS,bulk solid,4.1e-5,,,,,other,,,Elizabeth R. Arnold,arnoleli@gvsu.edu,,,,,NA,NA,1.5e-5,unknown,unknown,https://doi.org/10.1007/s12520-013-0121-z.,DOI,LIT,EEA2ND02,ARDUOUS-00674,EEA2ND02,NA,NA,NA,NA,NA,NA,NA,NA,NA,NA
EAA2ND03,bulk solid,organism : animal : animal tissue : tooth : enamel,field,hree EIA sites in the lower Thukela River Valley,-28.92,31.04,,"Arnold ER., et al. Domestic Cattle Mobility in Early Farming Villages in Southern Africa..."". Arch&AnthSci, 5:2, 2013, 129-44",0.71325,NA,NA,isobank,FALSE,,SRM 987,0.710242,MC-ICP-MS,bulk solid,4.1e-5,,,,,other,,,Elizabeth R. Arnold,arnoleli@gvsu.edu,,,,,NA,NA,1.5e-5,unknown,unknown,https://doi.org/10.1007/s12520-013-0121-z.,DOI,LIT,EAA2ND03,ARDUOUS-00675,EAA2ND03,NA,NA,NA,NA,NA,NA,NA,NA,NA,NA
EEA2ND04,bulk solid,organism : animal : animal tissue : tooth : enamel,field,hree EIA sites in the lower Thukela River Valley,-28.92,31.04,,"Arnold ER., et al. Domestic Cattle Mobility in Early Farming Villages in Southern Africa..."". Arch&AnthSci, 5:2, 2013, 129-44",0.713155,NA,NA,isobank,FALSE,,SRM 987,0.710242,MC-ICP-MS,bulk solid,4.1e-5,,,,,other,,,Elizabeth R. Arnold,arnoleli@gvsu.edu,,,,,NA,NA,1.5e-5,unknown,unknown,https://doi.org/10.1007/s12520-013-0121-z.,DOI,LIT,EEA2ND04,ARDUOUS-00676,EEA2ND04,NA,NA,NA,NA,NA,NA,NA,NA,NA,NA
EAA2ND05,bulk solid,organism : animal : animal tissue : tooth : enamel,field,hree EIA sites in the lower Thukela River Valley,-28.92,31.04,,"Arnold ER., et al. Domestic Cattle Mobility in Early Farming Villages in Southern Africa..."". Arch&AnthSci, 5:2, 2013, 129-44",0.713126,NA,NA,isobank,FALSE,,SRM 987,0.710242,MC-ICP-MS,bulk solid,4.1e-5,,,,,other,,,Elizabeth R. Arnold,arnoleli@gvsu.edu,,,,,NA,NA,1.5e-5,unknown,unknown,https://doi.org/10.1007/s12520-013-0121-z.,DOI,LIT,EAA2ND05,ARDUOUS-00677,EAA2ND05,NA,NA,NA,NA,NA,NA,NA,NA,NA,NA
EEA5ND01,bulk solid,organism : animal : animal tissue : tooth : enamel,field,hree EIA sites in the lower Thukela River Valley,-28.92,31.04,,"Arnold ER., et al. Domestic Cattle Mobility in Early Farming Villages in Southern Africa..."". Arch&AnthSci, 5:2, 2013, 129-44",0.711956,NA,NA,isobank,FALSE,,SRM 987,0.710242,MC-ICP-MS,bulk solid,4.1e-5,,,,,other,,,Elizabeth R. Arnold,arnoleli@gvsu.edu,,,,,NA,NA,1.5e-5,unknown,unknown,https://doi.org/10.1007/s12520-013-0121-z.,DOI,LIT,EEA5ND01,ARDUOUS-00678,EEA5ND01,NA,NA,NA,NA,NA,NA,NA,NA,NA,NA
EEA5ND02,bulk solid,organism : animal : animal tissue : tooth : enamel,field,hree EIA sites in the lower Thukela River Valley,-28.92,31.04,,"Arnold ER., et al. Domestic Cattle Mobility in Early Farming Villages in Southern Africa..."". Arch&AnthSci, 5:2, 2013, 129-44",0.71201,NA,NA,isobank,FALSE,,SRM 987,0.710242,MC-ICP-MS,bulk solid,4.1e-5,,,,,other,,,Elizabeth R. Arnold,arnoleli@gvsu.edu,,,,,NA,NA,1.5e-5,unknown,unknown,https://doi.org/10.1007/s12520-013-0121-z.,DOI,LIT,EEA5ND02,ARDUOUS-00679,EEA5ND02,NA,NA,NA,NA,NA,NA,NA,NA,NA,NA
EEA5ND03,bulk solid,organism : animal : animal tissue : tooth : enamel,field,hree EIA sites in the lower Thukela River Valley,-28.92,31.04,,"Arnold ER., et al. Domestic Cattle Mobility in Early Farming Villages in Southern Africa..."". Arch&AnthSci, 5:2, 2013, 129-44",0.712264,NA,NA,isobank,FALSE,,SRM 987,0.710242,MC-ICP-MS,bulk solid,4.1e-5,,,,,other,,,Elizabeth R. Arnold,arnoleli@gvsu.edu,,,,,NA,NA,1.5e-5,unknown,unknown,https://doi.org/10.1007/s12520-013-0121-z.,DOI,LIT,EEA5ND03,ARDUOUS-00680,EEA5ND03,NA,NA,NA,NA,NA,NA,NA,NA,NA,NA
EEA5ND04,bulk solid,organism : animal : animal tissue : tooth : enamel,field,hree EIA sites in the lower Thukela River Valley,-28.92,31.04,,"Arnold ER., et al. Domestic Cattle Mobility in Early Farming Villages in Southern Africa..."". Arch&AnthSci, 5:2, 2013, 129-44",0.712444,NA,NA,isobank,FALSE,,SRM 987,0.710242,MC-ICP-MS,bulk solid,4.1e-5,,,,,other,,,Elizabeth R. Arnold,arnoleli@gvsu.edu,,,,,NA,NA,1.5e-5,unknown,unknown,https://doi.org/10.1007/s12520-013-0121-z.,DOI,LIT,EEA5ND04,ARDUOUS-00681,EEA5ND04,NA,NA,NA,NA,NA,NA,NA,NA,NA,NA
EEA5ND05,bulk solid,organism : animal : animal tissue : tooth : enamel,field,hree EIA sites in the lower Thukela River Valley,-28.92,31.04,,"Arnold ER., et al. Domestic Cattle Mobility in Early Farming Villages in Southern Africa..."". Arch&AnthSci, 5:2, 2013, 129-44",0.712432,NA,NA,isobank,FALSE,,SRM 987,0.710242,MC-ICP-MS,bulk solid,4.1e-5,,,,,other,,,Elizabeth R. Arnold,arnoleli@gvsu.edu,,,,,NA,NA,1.5e-5,unknown,unknown,https://doi.org/10.1007/s12520-013-0121-z.,DOI,LIT,EEA5ND05,ARDUOUS-00682,EEA5ND05,NA,NA,NA,NA,NA,NA,NA,NA,NA,NA
EEA5ND06,bulk solid,organism : animal : animal tissue : tooth : enamel,field,hree EIA sites in the lower Thukela River Valley,-28.92,31.04,,"Arnold ER., et al. Domestic Cattle Mobility in Early Farming Villages in Southern Africa..."". Arch&AnthSci, 5:2, 2013, 129-44",0.712292,NA,NA,isobank,FALSE,,SRM 987,0.710242,MC-ICP-MS,bulk solid,4.1e-5,,,,,other,,,Elizabeth R. Arnold,arnoleli@gvsu.edu,,,,,NA,NA,1.5e-5,unknown,unknown,https://doi.org/10.1007/s12520-013-0121-z.,DOI,LIT,EEA5ND06,ARDUOUS-00683,EEA5ND06,NA,NA,NA,NA,NA,NA,NA,NA,NA,NA
EEA5ND07,bulk solid,organism : animal : animal tissue : tooth : enamel,field,hree EIA sites in the lower Thukela River Valley,-28.92,31.04,,"Arnold ER., et al. Domestic Cattle Mobility in Early Farming Villages in Southern Africa..."". Arch&AnthSci, 5:2, 2013, 129-44",0.712224,NA,NA,isobank,FALSE,,SRM 987,0.710242,MC-ICP-MS,bulk solid,4.1e-5,,,,,other,,,Elizabeth R. Arnold,arnoleli@gvsu.edu,,,,,NA,NA,1.5e-5,unknown,unknown,https://doi.org/10.1007/s12520-013-0121-z.,DOI,LIT,EEA5ND07,ARDUOUS-00684,EEA5ND07,NA,NA,NA,NA,NA,NA,NA,NA,NA,NA
EEA5ND08,bulk solid,organism : animal : animal tissue : tooth : enamel,field,hree EIA sites in the lower Thukela River Valley,-28.92,31.04,,"Arnold ER., et al. Domestic Cattle Mobility in Early Farming Villages in Southern Africa..."". Arch&AnthSci, 5:2, 2013, 129-44",0.71224,NA,NA,isobank,FALSE,,SRM 987,0.710242,MC-ICP-MS,bulk solid,4.1e-5,,,,,other,,,Elizabeth R. Arnold,arnoleli@gvsu.edu,,,,,NA,NA,1.5e-5,unknown,unknown,https://doi.org/10.1007/s12520-013-0121-z.,DOI,LIT,EEA5ND08,ARDUOUS-00685,EEA5ND08,NA,NA,NA,NA,NA,NA,NA,NA,NA,NA
EAA2MAM1,bulk solid,organism : animal : animal tissue : tooth : enamel,field,hree EIA sites in the lower Thukela River Valley,-28.96,31.08,,"Arnold ER., et al. Domestic Cattle Mobility in Early Farming Villages in Southern Africa..."". Arch&AnthSci, 5:2, 2013, 129-44",0.711614,NA,NA,isobank,FALSE,,SRM 987,0.710242,MC-ICP-MS,bulk solid,4.1e-5,,,,,other,,,Elizabeth R. Arnold,arnoleli@gvsu.edu,,,,,NA,NA,1.5e-5,unknown,unknown,https://doi.org/10.1007/s12520-013-0121-z.,DOI,LIT,EAA2MAM1,ARDUOUS-00686,EAA2MAM1,NA,NA,NA,NA,NA,NA,NA,NA,NA,NA
EAA2MAM2,bulk solid,organism : animal : animal tissue : tooth : enamel,field,hree EIA sites in the lower Thukela River Valley,-28.96,31.08,,"Arnold ER., et al. Domestic Cattle Mobility in Early Farming Villages in Southern Africa..."". Arch&AnthSci, 5:2, 2013, 129-44",0.712837,NA,NA,isobank,FALSE,,SRM 987,0.710242,MC-ICP-MS,bulk solid,4.1e-5,,,,,other,,,Elizabeth R. Arnold,arnoleli@gvsu.edu,,,,,NA,NA,1.5e-5,unknown,unknown,https://doi.org/10.1007/s12520-013-0121-z.,DOI,LIT,EAA2MAM2,ARDUOUS-00687,EAA2MAM2,NA,NA,NA,NA,NA,NA,NA,NA,NA,NA
EAA2MAM3,bulk solid,organism : animal : animal tissue : tooth : enamel,field,hree EIA sites in the lower Thukela River Valley,-28.96,31.08,,"Arnold ER., et al. Domestic Cattle Mobility in Early Farming Villages in Southern Africa..."". Arch&AnthSci, 5:2, 2013, 129-44",0.713133,NA,NA,isobank,FALSE,,SRM 987,0.710242,MC-ICP-MS,bulk solid,4.1e-5,,,,,other,,,Elizabeth R. Arnold,arnoleli@gvsu.edu,,,,,NA,NA,1.5e-5,unknown,unknown,https://doi.org/10.1007/s12520-013-0121-z.,DOI,LIT,EAA2MAM3,ARDUOUS-00688,EAA2MAM3,NA,NA,NA,NA,NA,NA,NA,NA,NA,NA
EAA2MAM4,bulk solid,organism : animal : animal tissue : tooth : enamel,field,hree EIA sites in the lower Thukela River Valley,-28.96,31.08,,"Arnold ER., et al. Domestic Cattle Mobility in Early Farming Villages in Southern Africa..."". Arch&AnthSci, 5:2, 2013, 129-44",0.712383,NA,NA,isobank,FALSE,,SRM 987,0.710242,MC-ICP-MS,bulk solid,4.1e-5,,,,,other,,,Elizabeth R. Arnold,arnoleli@gvsu.edu,,,,,NA,NA,1.5e-5,unknown,unknown,https://doi.org/10.1007/s12520-013-0121-z.,DOI,LIT,EAA2MAM4,ARDUOUS-00689,EAA2MAM4,NA,NA,NA,NA,NA,NA,NA,NA,NA,NA
EAA2MAM5,bulk solid,organism : animal : animal tissue : tooth : enamel,field,hree EIA sites in the lower Thukela River Valley,-28.96,31.08,,"Arnold ER., et al. Domestic Cattle Mobility in Early Farming Villages in Southern Africa..."". Arch&AnthSci, 5:2, 2013, 129-44",0.713602,NA,NA,isobank,FALSE,,SRM 987,0.710242,MC-ICP-MS,bulk solid,4.1e-5,,,,,other,,,Elizabeth R. Arnold,arnoleli@gvsu.edu,,,,,NA,NA,1.5e-5,unknown,unknown,https://doi.org/10.1007/s12520-013-0121-z.,DOI,LIT,EAA2MAM5,ARDUOUS-00690,EAA2MAM5,NA,NA,NA,NA,NA,NA,NA,NA,NA,NA
EAA2MAM6,bulk solid,organism : animal : animal tissue : tooth : enamel,field,hree EIA sites in the lower Thukela River Valley,-28.96,31.08,,"Arnold ER., et al. Domestic Cattle Mobility in Early Farming Villages in Southern Africa..."". Arch&AnthSci, 5:2, 2013, 129-44",0.713544,NA,NA,isobank,FALSE,,SRM 987,0.710242,MC-ICP-MS,bulk solid,4.1e-5,,,,,other,,,Elizabeth R. Arnold,arnoleli@gvsu.edu,,,,,NA,NA,1.5e-5,unknown,unknown,https://doi.org/10.1007/s12520-013-0121-z.,DOI,LIT,EAA2MAM6,ARDUOUS-00691,EAA2MAM6,NA,NA,NA,NA,NA,NA,NA,NA,NA,NA
EAA2MAM7,bulk solid,organism : animal : animal tissue : tooth : enamel,field,hree EIA sites in the lower Thukela River Valley,-28.96,31.08,,"Arnold ER., et al. Domestic Cattle Mobility in Early Farming Villages in Southern Africa..."". Arch&AnthSci, 5:2, 2013, 129-44",0.711466,NA,NA,isobank,FALSE,,SRM 987,0.710242,MC-ICP-MS,bulk solid,4.1e-5,,,,,other,,,Elizabeth R. Arnold,arnoleli@gvsu.edu,,,,,NA,NA,1.5e-5,unknown,unknown,https://doi.org/10.1007/s12520-013-0121-z.,DOI,LIT,EAA2MAM7,ARDUOUS-00692,EAA2MAM7,NA,NA,NA,NA,NA,NA,NA,NA,NA,NA
EAA2MAM8,bulk solid,organism : animal : animal tissue : tooth : enamel,field,hree EIA sites in the lower Thukela River Valley,-28.96,31.08,,"Arnold ER., et al. Domestic Cattle Mobility in Early Farming Villages in Southern Africa..."". Arch&AnthSci, 5:2, 2013, 129-44",0.711923,NA,NA,isobank,FALSE,,SRM 987,0.710242,MC-ICP-MS,bulk solid,4.1e-5,,,,,other,,,Elizabeth R. Arnold,arnoleli@gvsu.edu,,,,,NA,NA,1.5e-5,unknown,unknown,https://doi.org/10.1007/s12520-013-0121-z.,DOI,LIT,EAA2MAM8,ARDUOUS-00693,EAA2MAM8,NA,NA,NA,NA,NA,NA,NA,NA,NA,NA
EAA2MAM9,bulk solid,organism : animal : animal tissue : tooth : enamel,field,hree EIA sites in the lower Thukela River Valley,-28.96,31.08,,"Arnold ER., et al. Domestic Cattle Mobility in Early Farming Villages in Southern Africa..."". Arch&AnthSci, 5:2, 2013, 129-44",0.713196,NA,NA,isobank,FALSE,,SRM 987,0.710242,MC-ICP-MS,bulk solid,4.1e-5,,,,,other,,,Elizabeth R. Arnold,arnoleli@gvsu.edu,,,,,NA,NA,1.5e-5,unknown,unknown,https://doi.org/10.1007/s12520-013-0121-z.,DOI,LIT,EAA2MAM9,ARDUOUS-00694,EAA2MAM9,NA,NA,NA,NA,NA,NA,NA,NA,NA,NA
EAA2MAM10,bulk solid,organism : animal : animal tissue : tooth : enamel,field,hree EIA sites in the lower Thukela River Valley,-28.96,31.08,,"Arnold ER., et al. Domestic Cattle Mobility in Early Farming Villages in Southern Africa..."". Arch&AnthSci, 5:2, 2013, 129-44",0.713401,NA,NA,isobank,FALSE,,SRM 987,0.710242,MC-ICP-MS,bulk solid,4.1e-5,,,,,other,,,Elizabeth R. Arnold,arnoleli@gvsu.edu,,,,,NA,NA,1.5e-5,unknown,unknown,https://doi.org/10.1007/s12520-013-0121-z.,DOI,LIT,EAA2MAM10,ARDUOUS-00695,EAA2MAM10,NA,NA,NA,NA,NA,NA,NA,NA,NA,NA
EAA6MAM1,bulk solid,organism : animal : animal tissue : tooth : enamel,field,hree EIA sites in the lower Thukela River Valley,-28.96,31.08,,"Arnold ER., et al. Domestic Cattle Mobility in Early Farming Villages in Southern Africa..."". Arch&AnthSci, 5:2, 2013, 129-44",0.709973,NA,NA,isobank,FALSE,,SRM 987,0.710242,MC-ICP-MS,bulk solid,4.1e-5,,,,,other,,,Elizabeth R. Arnold,arnoleli@gvsu.edu,,,,,NA,NA,1.5e-5,unknown,unknown,https://doi.org/10.1007/s12520-013-0121-z.,DOI,LIT,EAA6MAM1,ARDUOUS-00696,EAA6MAM1,NA,NA,NA,NA,NA,NA,NA,NA,NA,NA
EAA6MAM2,bulk solid,organism : animal : animal tissue : tooth : enamel,field,hree EIA sites in the lower Thukela River Valley,-28.96,31.08,,"Arnold ER., et al. Domestic Cattle Mobility in Early Farming Villages in Southern Africa..."". Arch&AnthSci, 5:2, 2013, 129-44",0.70986,NA,NA,isobank,FALSE,,SRM 987,0.710242,MC-ICP-MS,bulk solid,4.1e-5,,,,,other,,,Elizabeth R. Arnold,arnoleli@gvsu.edu,,,,,NA,NA,1.5e-5,unknown,unknown,https://doi.org/10.1007/s12520-013-0121-z.,DOI,LIT,EAA6MAM2,ARDUOUS-00697,EAA6MAM2,NA,NA,NA,NA,NA,NA,NA,NA,NA,NA
EAA6MAM3,bulk solid,organism : animal : animal tissue : tooth : enamel,field,hree EIA sites in the lower Thukela River Valley,-28.96,31.08,,"Arnold ER., et al. Domestic Cattle Mobility in Early Farming Villages in Southern Africa..."". Arch&AnthSci, 5:2, 2013, 129-44",0.7098,NA,NA,isobank,FALSE,,SRM 987,0.710242,MC-ICP-MS,bulk solid,4.1e-5,,,,,other,,,Elizabeth R. Arnold,arnoleli@gvsu.edu,,,,,NA,NA,1.5e-5,unknown,unknown,https://doi.org/10.1007/s12520-013-0121-z.,DOI,LIT,EAA6MAM3,ARDUOUS-00698,EAA6MAM3,NA,NA,NA,NA,NA,NA,NA,NA,NA,NA
EAA6MAM4,bulk solid,organism : animal : animal tissue : tooth : enamel,field,hree EIA sites in the lower Thukela River Valley,-28.96,31.08,,"Arnold ER., et al. Domestic Cattle Mobility in Early Farming Villages in Southern Africa..."". Arch&AnthSci, 5:2, 2013, 129-44",0.709871,NA,NA,isobank,FALSE,,SRM 987,0.710242,MC-ICP-MS,bulk solid,4.1e-5,,,,,other,,,Elizabeth R. Arnold,arnoleli@gvsu.edu,,,,,NA,NA,1.5e-5,unknown,unknown,https://doi.org/10.1007/s12520-013-0121-z.,DOI,LIT,EAA6MAM4,ARDUOUS-00699,EAA6MAM4,NA,NA,NA,NA,NA,NA,NA,NA,NA,NA
EAA6MAM5,bulk solid,organism : animal : animal tissue : tooth : enamel,field,hree EIA sites in the lower Thukela River Valley,-28.96,31.08,,"Arnold ER., et al. Domestic Cattle Mobility in Early Farming Villages in Southern Africa..."". Arch&AnthSci, 5:2, 2013, 129-44",0.709869,NA,NA,isobank,FALSE,,SRM 987,0.710242,MC-ICP-MS,bulk solid,4.1e-5,,,,,other,,,Elizabeth R. Arnold,arnoleli@gvsu.edu,,,,,NA,NA,1.5e-5,unknown,unknown,https://doi.org/10.1007/s12520-013-0121-z.,DOI,LIT,EAA6MAM5,ARDUOUS-00700,EAA6MAM5,NA,NA,NA,NA,NA,NA,NA,NA,NA,NA
EAA6MAM6,bulk solid,organism : animal : animal tissue : tooth : enamel,field,hree EIA sites in the lower Thukela River Valley,-28.96,31.08,,"Arnold ER., et al. Domestic Cattle Mobility in Early Farming Villages in Southern Africa..."". Arch&AnthSci, 5:2, 2013, 129-44",0.709454,NA,NA,isobank,FALSE,,SRM 987,0.710242,MC-ICP-MS,bulk solid,4.1e-5,,,,,other,,,Elizabeth R. Arnold,arnoleli@gvsu.edu,,,,,NA,NA,1.5e-5,unknown,unknown,https://doi.org/10.1007/s12520-013-0121-z.,DOI,LIT,EAA6MAM6,ARDUOUS-00701,EAA6MAM6,NA,NA,NA,NA,NA,NA,NA,NA,NA,NA
EEA1W0S1,bulk solid,organism : animal : animal tissue : tooth : enamel,field,hree EIA sites in the lower Thukela River Valley,-28.94,31.03,,"Arnold ER., et al. Domestic Cattle Mobility in Early Farming Villages in Southern Africa..."". Arch&AnthSci, 5:2, 2013, 129-44",0.71294,NA,NA,isobank,FALSE,,SRM 987,0.710242,MC-ICP-MS,bulk solid,4.1e-5,,,,,other,,,Elizabeth R. Arnold,arnoleli@gvsu.edu,,,,,NA,NA,1.5e-5,unknown,unknown,https://doi.org/10.1007/s12520-013-0121-z.,DOI,LIT,EEA1W0S1,ARDUOUS-00702,EEA1W0S1,NA,NA,NA,NA,NA,NA,NA,NA,NA,NA
EEA1W0S2,bulk solid,organism : animal : animal tissue : tooth : enamel,field,hree EIA sites in the lower Thukela River Valley,-28.94,31.03,,"Arnold ER., et al. Domestic Cattle Mobility in Early Farming Villages in Southern Africa..."". Arch&AnthSci, 5:2, 2013, 129-44",0.713005,NA,NA,isobank,FALSE,,SRM 987,0.710242,MC-ICP-MS,bulk solid,4.1e-5,,,,,other,,,Elizabeth R. Arnold,arnoleli@gvsu.edu,,,,,NA,NA,1.5e-5,unknown,unknown,https://doi.org/10.1007/s12520-013-0121-z.,DOI,LIT,EEA1W0S2,ARDUOUS-00703,EEA1W0S2,NA,NA,NA,NA,NA,NA,NA,NA,NA,NA
EEA1W0S3,bulk solid,organism : animal : animal tissue : tooth : enamel,field,hree EIA sites in the lower Thukela River Valley,-28.94,31.03,,"Arnold ER., et al. Domestic Cattle Mobility in Early Farming Villages in Southern Africa..."". Arch&AnthSci, 5:2, 2013, 129-44",0.713005,NA,NA,isobank,FALSE,,SRM 987,0.710242,MC-ICP-MS,bulk solid,4.1e-5,,,,,other,,,Elizabeth R. Arnold,arnoleli@gvsu.edu,,,,,NA,NA,1.5e-5,unknown,unknown,https://doi.org/10.1007/s12520-013-0121-z.,DOI,LIT,EEA1W0S3,ARDUOUS-00704,EEA1W0S3,NA,NA,NA,NA,NA,NA,NA,NA,NA,NA
EEA1W0S4,bulk solid,organism : animal : animal tissue : tooth : enamel,field,hree EIA sites in the lower Thukela River Valley,-28.94,31.03,,"Arnold ER., et al. Domestic Cattle Mobility in Early Farming Villages in Southern Africa..."". Arch&AnthSci, 5:2, 2013, 129-44",0.712821,NA,NA,isobank,FALSE,,SRM 987,0.710242,MC-ICP-MS,bulk solid,4.1e-5,,,,,other,,,Elizabeth R. Arnold,arnoleli@gvsu.edu,,,,,NA,NA,1.5e-5,unknown,unknown,https://doi.org/10.1007/s12520-013-0121-z.,DOI,LIT,EEA1W0S4,ARDUOUS-00705,EEA1W0S4,NA,NA,NA,NA,NA,NA,NA,NA,NA,NA
EEA2W0S1,bulk solid,organism : animal : animal tissue : tooth : enamel,field,hree EIA sites in the lower Thukela River Valley,-28.94,31.03,,"Arnold ER., et al. Domestic Cattle Mobility in Early Farming Villages in Southern Africa..."". Arch&AnthSci, 5:2, 2013, 129-44",0.71883300000000006,NA,NA,isobank,FALSE,,SRM 987,0.710242,MC-ICP-MS,bulk solid,4.1e-5,,,,,other,,,Elizabeth R. Arnold,arnoleli@gvsu.edu,,,,,NA,NA,1.5e-5,unknown,unknown,https://doi.org/10.1007/s12520-013-0121-z.,DOI,LIT,EEA2W0S1,ARDUOUS-00706,EEA2W0S1,NA,NA,NA,NA,NA,NA,NA,NA,NA,NA
EEA2W0S2,bulk solid,organism : animal : animal tissue : tooth : enamel,field,hree EIA sites in the lower Thukela River Valley,-28.94,31.03,,"Arnold ER., et al. Domestic Cattle Mobility in Early Farming Villages in Southern Africa..."". Arch&AnthSci, 5:2, 2013, 129-44",0.719491,NA,NA,isobank,FALSE,,SRM 987,0.710242,MC-ICP-MS,bulk solid,4.1e-5,,,,,other,,,Elizabeth R. Arnold,arnoleli@gvsu.edu,,,,,NA,NA,1.5e-5,unknown,unknown,https://doi.org/10.1007/s12520-013-0121-z.,DOI,LIT,EEA2W0S2,ARDUOUS-00707,EEA2W0S2,NA,NA,NA,NA,NA,NA,NA,NA,NA,NA
EEA2W0S3,bulk solid,organism : animal : animal tissue : tooth : enamel,field,hree EIA sites in the lower Thukela River Valley,-28.94,31.03,,"Arnold ER., et al. Domestic Cattle Mobility in Early Farming Villages in Southern Africa..."". Arch&AnthSci, 5:2, 2013, 129-44",0.721595,NA,NA,isobank,FALSE,,SRM 987,0.710242,MC-ICP-MS,bulk solid,4.1e-5,,,,,other,,,Elizabeth R. Arnold,arnoleli@gvsu.edu,,,,,NA,NA,1.5e-5,unknown,unknown,https://doi.org/10.1007/s12520-013-0121-z.,DOI,LIT,EEA2W0S3,ARDUOUS-00708,EEA2W0S3,NA,NA,NA,NA,NA,NA,NA,NA,NA,NA
EEA2W0S4,bulk solid,organism : animal : animal tissue : tooth : enamel,field,hree EIA sites in the lower Thukela River Valley,-28.94,31.03,,"Arnold ER., et al. Domestic Cattle Mobility in Early Farming Villages in Southern Africa..."". Arch&AnthSci, 5:2, 2013, 129-44",0.721163,NA,NA,isobank,FALSE,,SRM 987,0.710242,MC-ICP-MS,bulk solid,4.1e-5,,,,,other,,,Elizabeth R. Arnold,arnoleli@gvsu.edu,,,,,NA,NA,1.5e-5,unknown,unknown,https://doi.org/10.1007/s12520-013-0121-z.,DOI,LIT,EEA2W0S4,ARDUOUS-00709,EEA2W0S4,NA,NA,NA,NA,NA,NA,NA,NA,NA,NA
EEA3W0S1,bulk solid,organism : animal : animal tissue : tooth : enamel,field,hree EIA sites in the lower Thukela River Valley,-28.94,31.03,,"Arnold ER., et al. Domestic Cattle Mobility in Early Farming Villages in Southern Africa..."". Arch&AnthSci, 5:2, 2013, 129-44",0.718744,NA,NA,isobank,FALSE,,SRM 987,0.710242,MC-ICP-MS,bulk solid,4.1e-5,,,,,other,,,Elizabeth R. Arnold,arnoleli@gvsu.edu,,,,,NA,NA,1.5e-5,unknown,unknown,https://doi.org/10.1007/s12520-013-0121-z.,DOI,LIT,EEA3W0S1,ARDUOUS-00710,EEA3W0S1,NA,NA,NA,NA,NA,NA,NA,NA,NA,NA
EEA3W0S2,bulk solid,organism : animal : animal tissue : tooth : enamel,field,hree EIA sites in the lower Thukela River Valley,-28.94,31.03,,"Arnold ER., et al. Domestic Cattle Mobility in Early Farming Villages in Southern Africa..."". Arch&AnthSci, 5:2, 2013, 129-44",0.718272,NA,NA,isobank,FALSE,,SRM 987,0.710242,MC-ICP-MS,bulk solid,4.1e-5,,,,,other,,,Elizabeth R. Arnold,arnoleli@gvsu.edu,,,,,NA,NA,1.5e-5,unknown,unknown,https://doi.org/10.1007/s12520-013-0121-z.,DOI,LIT,EEA3W0S2,ARDUOUS-00711,EEA3W0S2,NA,NA,NA,NA,NA,NA,NA,NA,NA,NA
EEA3W0S3,bulk solid,organism : animal : animal tissue : tooth : enamel,field,hree EIA sites in the lower Thukela River Valley,-28.94,31.03,,"Arnold ER., et al. Domestic Cattle Mobility in Early Farming Villages in Southern Africa..."". Arch&AnthSci, 5:2, 2013, 129-44",0.717476,NA,NA,isobank,FALSE,,SRM 987,0.710242,MC-ICP-MS,bulk solid,4.1e-5,,,,,other,,,Elizabeth R. Arnold,arnoleli@gvsu.edu,,,,,NA,NA,1.5e-5,unknown,unknown,https://doi.org/10.1007/s12520-013-0121-z.,DOI,LIT,EEA3W0S3,ARDUOUS-00712,EEA3W0S3,NA,NA,NA,NA,NA,NA,NA,NA,NA,NA
EEA3W0S4,bulk solid,organism : animal : animal tissue : tooth : enamel,field,hree EIA sites in the lower Thukela River Valley,-28.94,31.03,,"Arnold ER., et al. Domestic Cattle Mobility in Early Farming Villages in Southern Africa..."". Arch&AnthSci, 5:2, 2013, 129-44",0.716633,NA,NA,isobank,FALSE,,SRM 987,0.710242,MC-ICP-MS,bulk solid,4.1e-5,,,,,other,,,Elizabeth R. Arnold,arnoleli@gvsu.edu,,,,,NA,NA,1.5e-5,unknown,unknown,https://doi.org/10.1007/s12520-013-0121-z.,DOI,LIT,EEA3W0S4,ARDUOUS-00713,EEA3W0S4,NA,NA,NA,NA,NA,NA,NA,NA,NA,NA
SKX3075,bulk solid,organism : animal : animal tissue : tooth : enamel,existing collection,"Sterkfontein,Swartkrans and Kromdraai B, South Africa",-26.01,27.73,Bovidae,"Balter, V., Braga, J., Telouk, P. and Thackeray, J.F., 2012. Evidence for dietary change but not landscape use in South African early hominins. Nature, 489(7417), pp.558-560.",0.72662,NA,NA,isobank,FALSE,,SRM1400,0.713068,LA-MC-ICP-MS,bulk solid,7.28e-4,,premolar,P1,,other,,,Vincent Balter,Vincent.Balter@ens-lyon.fr,,family,,,NA,NA,9.55e-4,unknown,unknown,https://doi.org/10.1038/nature11349.,DOI,LIT,SKX3075,ARDUOUS-00787,SKX3075,NA,NA,NA,NA,NA,NA,NA,NA,NA,NA
SE1152,bulk solid,organism : animal : animal tissue : tooth : enamel,existing collection,"Sterkfontein,Swartkrans and Kromdraai B, South Africa",-26.02,27.74,Bovidae,"Balter, V., Braga, J., Telouk, P. and Thackeray, J.F., 2012. Evidence for dietary change but not landscape use in South African early hominins. Nature, 489(7417), pp.558-560.",0.73531,NA,NA,isobank,FALSE,,SRM1400,0.713068,LA-MC-ICP-MS,bulk solid,7.28e-4,,premolar,P1,,other,,,Vincent Balter,Vincent.Balter@ens-lyon.fr,,family,,,NA,NA,9.9e-4,unknown,unknown,https://doi.org/10.1038/nature11349.,DOI,LIT,SE1152,ARDUOUS-00789,SE1152,NA,NA,NA,NA,NA,NA,NA,NA,NA,NA
SK1396,bulk solid,organism : animal : animal tissue : tooth : enamel,existing collection,"Sterkfontein,Swartkrans and Kromdraai B, South Africa",-26.01,27.73,Bovidae,"Balter, V., Braga, J., Telouk, P. and Thackeray, J.F., 2012. Evidence for dietary change but not landscape use in South African early hominins. Nature, 489(7417), pp.558-560.",0.72538,NA,NA,isobank,FALSE,,SRM1400,0.713068,LA-MC-ICP-MS,bulk solid,7.28e-4,,premolar,P1,,other,,,Vincent Balter,Vincent.Balter@ens-lyon.fr,,family,,,NA,NA,0.002285,unknown,unknown,https://doi.org/10.1038/nature11349.,DOI,LIT,SK1396,ARDUOUS-00796,SK1396,NA,NA,NA,NA,NA,NA,NA,NA,NA,NA
-,bulk solid,organism : plant : plant tissue : leaf,field,Malmani dolomite,-25.93,27.81,,"Copeland, S. R., Sponheimer, M., Thorp, J. A. L., de Ruiter, D. J., Roux, P. J., Grimes, V., ... & Richards, M. P. (2010). Using strontium isotopes to study site accumulation processes. Journal of taphonomy, 8(2), 115-127.",0.72971,NA,NA,isobank,FALSE,,SRM987,0.71024,MC-ICP-MS,bulk solid,4e-5,,,,,other,,,S. Copeland,sandicopeland@yahoo.com,,,,,NA,NA,0.00165,unknown,unknown,,,LIT,-,ARDUOUS-04163,-,NA,NA,NA,NA,NA,NA,NA,NA,NA,NA
-,bulk solid,organism : plant : plant tissue : leaf,field,Timeball Hill shale,-25.87,27.75,,"Copeland, S. R., Sponheimer, M., Thorp, J. A. L., de Ruiter, D. J., Roux, P. J., Grimes, V., ... & Richards, M. P. (2010). Using strontium isotopes to study site accumulation processes. Journal of taphonomy, 8(2), 115-127.",0.75326,NA,NA,isobank,FALSE,,SRM987,0.71024,MC-ICP-MS,bulk solid,4e-5,,,,,other,,,S. Copeland,sandicopeland@yahoo.com,,,,,NA,NA,0.00165,unknown,unknown,,,LIT,-,ARDUOUS-04164,-,NA,NA,NA,NA,NA,NA,NA,NA,NA,NA
-,bulk solid,organism : plant : plant tissue : leaf,field,Hekpoort andesite/basalt,-25.84,27.72,,"Copeland, S. R., Sponheimer, M., Thorp, J. A. L., de Ruiter, D. J., Roux, P. J., Grimes, V., ... & Richards, M. P. (2010). Using strontium isotopes to study site accumulation processes. Journal of taphonomy, 8(2), 115-127.",0.74548,NA,NA,isobank,FALSE,,SRM987,0.71024,MC-ICP-MS,bulk solid,4e-5,,,,,other,,,S. Copeland,sandicopeland@yahoo.com,,,,,NA,NA,0.00289,unknown,unknown,,,LIT,-,ARDUOUS-04165,-,NA,NA,NA,NA,NA,NA,NA,NA,NA,NA
H10,bulk solid,organism : plant : plant tissue : leaf,field,,-31.59,26.01,Poaceae,"Copeland, SR et al. ""Isotopic Evidence for the Geographic Origin, Movement and Diet of the Hofmeyr Individual."" 2023, pp. 47-68",0.71562,NA,NA,isobank,FALSE,,SRM987,0.71024,MC-ICP-MS,bulk solid,4e-5,,,,,other,,,"Copeland, Sandi R",sandicopeland@gmail.com,,family,,,NA,NA,2.5e-5,unknown,unknown,https://doi.org/10.1007/978-3-031-07426-4_5,DOI,LIT,H10,ARDUOUS-04362,H10,NA,NA,NA,NA,NA,NA,NA,NA,NA,NA
H10,bulk solid,organism : plant : plant tissue : leaf,field,,-31.59,26.01,Angiospermae,"Copeland, SR et al. ""Isotopic Evidence for the Geographic Origin, Movement and Diet of the Hofmeyr Individual."" 2023, pp. 47-68",0.71566,NA,NA,isobank,FALSE,,SRM987,0.71024,MC-ICP-MS,bulk solid,4e-5,,,,,other,,,"Copeland, Sandi R",sandicopeland@gmail.com,,clade,,,NA,NA,2.5e-5,unknown,unknown,https://doi.org/10.1007/978-3-031-07426-4_5,DOI,LIT,H10,ARDUOUS-04363,H10,NA,NA,NA,NA,NA,NA,NA,NA,NA,NA
H10,bulk solid,organism : plant : plant tissue : leaf,field,,-31.59,26.01,Poaceae,"Copeland, SR et al. ""Isotopic Evidence for the Geographic Origin, Movement and Diet of the Hofmeyr Individual."" 2023, pp. 47-68",0.71582,NA,NA,isobank,FALSE,,SRM987,0.71024,MC-ICP-MS,bulk solid,4e-5,,,,,other,,,"Copeland, Sandi R",sandicopeland@gmail.com,,family,,,NA,NA,2.5e-5,unknown,unknown,https://doi.org/10.1007/978-3-031-07426-4_5,DOI,LIT,H10,ARDUOUS-04364,H10,NA,NA,NA,NA,NA,NA,NA,NA,NA,NA
H11,bulk solid,organism : plant : plant tissue : leaf,field,,-31.59,26.04,Angiospermae,"Copeland, SR et al. ""Isotopic Evidence for the Geographic Origin, Movement and Diet of the Hofmeyr Individual."" 2023, pp. 47-68",0.71577,NA,NA,isobank,FALSE,,SRM987,0.71024,MC-ICP-MS,bulk solid,4e-5,,,,,other,,,"Copeland, Sandi R",sandicopeland@gmail.com,,clade,,,NA,NA,2.5e-5,unknown,unknown,https://doi.org/10.1007/978-3-031-07426-4_5,DOI,LIT,H11,ARDUOUS-04365,H11,NA,NA,NA,NA,NA,NA,NA,NA,NA,NA
H11,bulk solid,organism : plant : plant tissue : leaf,field,,-31.59,26.04,Poaceae,"Copeland, SR et al. ""Isotopic Evidence for the Geographic Origin, Movement and Diet of the Hofmeyr Individual."" 2023, pp. 47-68",0.71596,NA,NA,isobank,FALSE,,SRM987,0.71024,MC-ICP-MS,bulk solid,4e-5,,,,,other,,,"Copeland, Sandi R",sandicopeland@gmail.com,,family,,,NA,NA,2.5e-5,unknown,unknown,https://doi.org/10.1007/978-3-031-07426-4_5,DOI,LIT,H11,ARDUOUS-04366,H11,NA,NA,NA,NA,NA,NA,NA,NA,NA,NA
H11,bulk solid,organism : plant : plant tissue : leaf,field,,-31.59,26.04,Poaceae,"Copeland, SR et al. ""Isotopic Evidence for the Geographic Origin, Movement and Diet of the Hofmeyr Individual."" 2023, pp. 47-68",0.71626,NA,NA,isobank,FALSE,,SRM987,0.71024,MC-ICP-MS,bulk solid,4e-5,,,,,other,,,"Copeland, Sandi R",sandicopeland@gmail.com,,family,,,NA,NA,2.5e-5,unknown,unknown,https://doi.org/10.1007/978-3-031-07426-4_5,DOI,LIT,H11,ARDUOUS-04367,H11,NA,NA,NA,NA,NA,NA,NA,NA,NA,NA
H12,bulk solid,organism : plant : plant tissue : leaf,field,,-31.47,26.01,Acacia,"Copeland, SR et al. ""Isotopic Evidence for the Geographic Origin, Movement and Diet of the Hofmeyr Individual."" 2023, pp. 47-68",0.7156,NA,NA,isobank,FALSE,,SRM987,0.71024,MC-ICP-MS,bulk solid,4e-5,,,,,other,,,"Copeland, Sandi R",sandicopeland@gmail.com,,genus,,,NA,NA,2.5e-5,unknown,unknown,https://doi.org/10.1007/978-3-031-07426-4_5,DOI,LIT,H12,ARDUOUS-04368,H12,NA,NA,NA,NA,NA,NA,NA,NA,NA,NA
H12,bulk solid,organism : plant : plant tissue : leaf,field,,-31.47,26.01,Angiospermae,"Copeland, SR et al. ""Isotopic Evidence for the Geographic Origin, Movement and Diet of the Hofmeyr Individual."" 2023, pp. 47-68",0.71613,NA,NA,isobank,FALSE,,SRM987,0.71024,MC-ICP-MS,bulk solid,4e-5,,,,,other,,,"Copeland, Sandi R",sandicopeland@gmail.com,,clade,,,NA,NA,2.5e-5,unknown,unknown,https://doi.org/10.1007/978-3-031-07426-4_5,DOI,LIT,H12,ARDUOUS-04369,H12,NA,NA,NA,NA,NA,NA,NA,NA,NA,NA
H12,bulk solid,organism : plant : plant tissue : leaf,field,,-31.47,26.01,Angiospermae,"Copeland, SR et al. ""Isotopic Evidence for the Geographic Origin, Movement and Diet of the Hofmeyr Individual."" 2023, pp. 47-68",0.71673,NA,NA,isobank,FALSE,,SRM987,0.71024,MC-ICP-MS,bulk solid,4e-5,,,,,other,,,"Copeland, Sandi R",sandicopeland@gmail.com,,clade,,,NA,NA,2.5e-5,unknown,unknown,https://doi.org/10.1007/978-3-031-07426-4_5,DOI,LIT,H12,ARDUOUS-04370,H12,NA,NA,NA,NA,NA,NA,NA,NA,NA,NA
H13,bulk solid,organism : plant : plant tissue : leaf,field,,-31.5,26.17,Poaceae,"Copeland, SR et al. ""Isotopic Evidence for the Geographic Origin, Movement and Diet of the Hofmeyr Individual."" 2023, pp. 47-68",0.71099,NA,NA,isobank,FALSE,,SRM987,0.71024,MC-ICP-MS,bulk solid,4e-5,,,,,other,,,"Copeland, Sandi R",sandicopeland@gmail.com,,family,,,NA,NA,2.5e-5,unknown,unknown,https://doi.org/10.1007/978-3-031-07426-4_5,DOI,LIT,H13,ARDUOUS-04371,H13,NA,NA,NA,NA,NA,NA,NA,NA,NA,NA
H13,bulk solid,organism : plant : plant tissue : leaf,field,,-31.5,26.17,Poaceae,"Copeland, SR et al. ""Isotopic Evidence for the Geographic Origin, Movement and Diet of the Hofmeyr Individual."" 2023, pp. 47-68",0.71135,NA,NA,isobank,FALSE,,SRM987,0.71024,MC-ICP-MS,bulk solid,4e-5,,,,,other,,,"Copeland, Sandi R",sandicopeland@gmail.com,,family,,,NA,NA,2.5e-5,unknown,unknown,https://doi.org/10.1007/978-3-031-07426-4_5,DOI,LIT,H13,ARDUOUS-04372,H13,NA,NA,NA,NA,NA,NA,NA,NA,NA,NA
H13,bulk solid,organism : plant : plant tissue : leaf,field,,-31.5,26.17,Poaceae,"Copeland, SR et al. ""Isotopic Evidence for the Geographic Origin, Movement and Diet of the Hofmeyr Individual."" 2023, pp. 47-68",0.71187,NA,NA,isobank,FALSE,,SRM987,0.71024,MC-ICP-MS,bulk solid,4e-5,,,,,other,,,"Copeland, Sandi R",sandicopeland@gmail.com,,family,,,NA,NA,2.5e-5,unknown,unknown,https://doi.org/10.1007/978-3-031-07426-4_5,DOI,LIT,H13,ARDUOUS-04373,H13,NA,NA,NA,NA,NA,NA,NA,NA,NA,NA
H14,bulk solid,organism : plant : plant tissue : leaf,field,,-31.45,26.1,,"Copeland, SR et al. ""Isotopic Evidence for the Geographic Origin, Movement and Diet of the Hofmeyr Individual."" 2023, pp. 47-68",0.71108,NA,NA,isobank,FALSE,,SRM987,0.71024,MC-ICP-MS,bulk solid,4e-5,,,,,other,,,"Copeland, Sandi R",sandicopeland@gmail.com,,,,,NA,NA,2.5e-5,unknown,unknown,https://doi.org/10.1007/978-3-031-07426-4_5,DOI,LIT,H14,ARDUOUS-04374,H14,NA,NA,NA,NA,NA,NA,NA,NA,NA,NA
H14,bulk solid,organism : plant : plant tissue : leaf,field,,-31.45,26.1,Poaceae,"Copeland, SR et al. ""Isotopic Evidence for the Geographic Origin, Movement and Diet of the Hofmeyr Individual."" 2023, pp. 47-68",0.71147,NA,NA,isobank,FALSE,,SRM987,0.71024,MC-ICP-MS,bulk solid,4e-5,,,,,other,,,"Copeland, Sandi R",sandicopeland@gmail.com,,family,,,NA,NA,2.5e-5,unknown,unknown,https://doi.org/10.1007/978-3-031-07426-4_5,DOI,LIT,H14,ARDUOUS-04375,H14,NA,NA,NA,NA,NA,NA,NA,NA,NA,NA
H14,bulk solid,organism : plant : plant tissue : leaf,field,,-31.45,26.1,,"Copeland, SR et al. ""Isotopic Evidence for the Geographic Origin, Movement and Diet of the Hofmeyr Individual."" 2023, pp. 47-68",0.71157,NA,NA,isobank,FALSE,,SRM987,0.71024,MC-ICP-MS,bulk solid,4e-5,,,,,other,,,"Copeland, Sandi R",sandicopeland@gmail.com,,,,,NA,NA,2.5e-5,unknown,unknown,https://doi.org/10.1007/978-3-031-07426-4_5,DOI,LIT,H14,ARDUOUS-04376,H14,NA,NA,NA,NA,NA,NA,NA,NA,NA,NA
H15,bulk solid,organism : plant : plant tissue : leaf,field,,-31.45,25.96,Poaceae,"Copeland, SR et al. ""Isotopic Evidence for the Geographic Origin, Movement and Diet of the Hofmeyr Individual."" 2023, pp. 47-68",0.71443,NA,NA,isobank,FALSE,,SRM987,0.71024,MC-ICP-MS,bulk solid,4e-5,,,,,other,,,"Copeland, Sandi R",sandicopeland@gmail.com,,family,,,NA,NA,2.5e-5,unknown,unknown,https://doi.org/10.1007/978-3-031-07426-4_5,DOI,LIT,H15,ARDUOUS-04377,H15,NA,NA,NA,NA,NA,NA,NA,NA,NA,NA
H15,bulk solid,organism : plant : plant tissue : leaf,field,,-31.45,25.96,Angiospermae,"Copeland, SR et al. ""Isotopic Evidence for the Geographic Origin, Movement and Diet of the Hofmeyr Individual."" 2023, pp. 47-68",0.71456,NA,NA,isobank,FALSE,,SRM987,0.71024,MC-ICP-MS,bulk solid,4e-5,,,,,other,,,"Copeland, Sandi R",sandicopeland@gmail.com,,clade,,,NA,NA,2.5e-5,unknown,unknown,https://doi.org/10.1007/978-3-031-07426-4_5,DOI,LIT,H15,ARDUOUS-04378,H15,NA,NA,NA,NA,NA,NA,NA,NA,NA,NA
H15,bulk solid,organism : plant : plant tissue : leaf,field,,-31.45,25.96,Poaceae,"Copeland, SR et al. ""Isotopic Evidence for the Geographic Origin, Movement and Diet of the Hofmeyr Individual."" 2023, pp. 47-68",0.71569,NA,NA,isobank,FALSE,,SRM987,0.71024,MC-ICP-MS,bulk solid,4e-5,,,,,other,,,"Copeland, Sandi R",sandicopeland@gmail.com,,family,,,NA,NA,2.5e-5,unknown,unknown,https://doi.org/10.1007/978-3-031-07426-4_5,DOI,LIT,H15,ARDUOUS-04379,H15,NA,NA,NA,NA,NA,NA,NA,NA,NA,NA
H16,bulk solid,organism : plant : plant tissue : leaf,field,,-31.65,25.81,Angiospermae,"Copeland, SR et al. ""Isotopic Evidence for the Geographic Origin, Movement and Diet of the Hofmeyr Individual."" 2023, pp. 47-68",0.71382,NA,NA,isobank,FALSE,,SRM987,0.71024,MC-ICP-MS,bulk solid,4e-5,,,,,other,,,"Copeland, Sandi R",sandicopeland@gmail.com,,clade,,,NA,NA,2.5e-5,unknown,unknown,https://doi.org/10.1007/978-3-031-07426-4_5,DOI,LIT,H16,ARDUOUS-04380,H16,NA,NA,NA,NA,NA,NA,NA,NA,NA,NA
H16,bulk solid,organism : plant : plant tissue : leaf,field,,-31.65,25.81,Poaceae,"Copeland, SR et al. ""Isotopic Evidence for the Geographic Origin, Movement and Diet of the Hofmeyr Individual."" 2023, pp. 47-68",0.71463,NA,NA,isobank,FALSE,,SRM987,0.71024,MC-ICP-MS,bulk solid,4e-5,,,,,other,,,"Copeland, Sandi R",sandicopeland@gmail.com,,family,,,NA,NA,2.5e-5,unknown,unknown,https://doi.org/10.1007/978-3-031-07426-4_5,DOI,LIT,H16,ARDUOUS-04381,H16,NA,NA,NA,NA,NA,NA,NA,NA,NA,NA
H16,bulk solid,organism : plant : plant tissue : leaf,field,,-31.65,25.81,Poaceae,"Copeland, SR et al. ""Isotopic Evidence for the Geographic Origin, Movement and Diet of the Hofmeyr Individual."" 2023, pp. 47-68",0.71466,NA,NA,isobank,FALSE,,SRM987,0.71024,MC-ICP-MS,bulk solid,4e-5,,,,,other,,,"Copeland, Sandi R",sandicopeland@gmail.com,,family,,,NA,NA,2.5e-5,unknown,unknown,https://doi.org/10.1007/978-3-031-07426-4_5,DOI,LIT,H16,ARDUOUS-04382,H16,NA,NA,NA,NA,NA,NA,NA,NA,NA,NA
H17,bulk solid,organism : plant : plant tissue : leaf,field,,-32.13,25.52,Poaceae,"Copeland, SR et al. ""Isotopic Evidence for the Geographic Origin, Movement and Diet of the Hofmeyr Individual."" 2023, pp. 47-68",0.71241,NA,NA,isobank,FALSE,,SRM987,0.71024,MC-ICP-MS,bulk solid,4e-5,,,,,other,,,"Copeland, Sandi R",sandicopeland@gmail.com,,family,,,NA,NA,2.5e-5,unknown,unknown,https://doi.org/10.1007/978-3-031-07426-4_5,DOI,LIT,H17,ARDUOUS-04383,H17,NA,NA,NA,NA,NA,NA,NA,NA,NA,NA
H17,bulk solid,organism : plant : plant tissue : leaf,field,,-32.13,25.52,Poaceae,"Copeland, SR et al. ""Isotopic Evidence for the Geographic Origin, Movement and Diet of the Hofmeyr Individual."" 2023, pp. 47-68",0.7128,NA,NA,isobank,FALSE,,SRM987,0.71024,MC-ICP-MS,bulk solid,4e-5,,,,,other,,,"Copeland, Sandi R",sandicopeland@gmail.com,,family,,,NA,NA,2.5e-5,unknown,unknown,https://doi.org/10.1007/978-3-031-07426-4_5,DOI,LIT,H17,ARDUOUS-04384,H17,NA,NA,NA,NA,NA,NA,NA,NA,NA,NA
H17,bulk solid,organism : plant : plant tissue : leaf,field,,-32.13,25.52,Angiospermae,"Copeland, SR et al. ""Isotopic Evidence for the Geographic Origin, Movement and Diet of the Hofmeyr Individual."" 2023, pp. 47-68",0.71322,NA,NA,isobank,FALSE,,SRM987,0.71024,MC-ICP-MS,bulk solid,4e-5,,,,,other,,,"Copeland, Sandi R",sandicopeland@gmail.com,,clade,,,NA,NA,2.5e-5,unknown,unknown,https://doi.org/10.1007/978-3-031-07426-4_5,DOI,LIT,H17,ARDUOUS-04385,H17,NA,NA,NA,NA,NA,NA,NA,NA,NA,NA
H18,bulk solid,organism : plant : plant tissue : leaf,field,,-31.99,25.67,Angiospermae,"Copeland, SR et al. ""Isotopic Evidence for the Geographic Origin, Movement and Diet of the Hofmeyr Individual."" 2023, pp. 47-68",0.71484,NA,NA,isobank,FALSE,,SRM987,0.71024,MC-ICP-MS,bulk solid,4e-5,,,,,other,,,"Copeland, Sandi R",sandicopeland@gmail.com,,clade,,,NA,NA,2.5e-5,unknown,unknown,https://doi.org/10.1007/978-3-031-07426-4_5,DOI,LIT,H18,ARDUOUS-04386,H18,NA,NA,NA,NA,NA,NA,NA,NA,NA,NA
H18,bulk solid,organism : plant : plant tissue : leaf,field,,-31.99,25.67,Poaceae,"Copeland, SR et al. ""Isotopic Evidence for the Geographic Origin, Movement and Diet of the Hofmeyr Individual."" 2023, pp. 47-68",0.71489,NA,NA,isobank,FALSE,,SRM987,0.71024,MC-ICP-MS,bulk solid,4e-5,,,,,other,,,"Copeland, Sandi R",sandicopeland@gmail.com,,family,,,NA,NA,2.5e-5,unknown,unknown,https://doi.org/10.1007/978-3-031-07426-4_5,DOI,LIT,H18,ARDUOUS-04387,H18,NA,NA,NA,NA,NA,NA,NA,NA,NA,NA
H18,bulk solid,organism : plant : plant tissue : leaf,field,,-31.99,25.67,Poaceae,"Copeland, SR et al. ""Isotopic Evidence for the Geographic Origin, Movement and Diet of the Hofmeyr Individual."" 2023, pp. 47-68",0.71492,NA,NA,isobank,FALSE,,SRM987,0.71024,MC-ICP-MS,bulk solid,4e-5,,,,,other,,,"Copeland, Sandi R",sandicopeland@gmail.com,,family,,,NA,NA,2.5e-5,unknown,unknown,https://doi.org/10.1007/978-3-031-07426-4_5,DOI,LIT,H18,ARDUOUS-04388,H18,NA,NA,NA,NA,NA,NA,NA,NA,NA,NA
H19,bulk solid,organism : plant : plant tissue : leaf,field,,-31.9,25.77,Poaceae,"Copeland, SR et al. ""Isotopic Evidence for the Geographic Origin, Movement and Diet of the Hofmeyr Individual."" 2023, pp. 47-68",0.71413,NA,NA,isobank,FALSE,,SRM987,0.71024,MC-ICP-MS,bulk solid,4e-5,,,,,other,,,"Copeland, Sandi R",sandicopeland@gmail.com,,family,,,NA,NA,2.5e-5,unknown,unknown,https://doi.org/10.1007/978-3-031-07426-4_5,DOI,LIT,H19,ARDUOUS-04389,H19,NA,NA,NA,NA,NA,NA,NA,NA,NA,NA
H19,bulk solid,organism : plant : plant tissue : leaf,field,,-31.9,25.77,Poaceae,"Copeland, SR et al. ""Isotopic Evidence for the Geographic Origin, Movement and Diet of the Hofmeyr Individual."" 2023, pp. 47-68",0.71429,NA,NA,isobank,FALSE,,SRM987,0.71024,MC-ICP-MS,bulk solid,4e-5,,,,,other,,,"Copeland, Sandi R",sandicopeland@gmail.com,,family,,,NA,NA,2.5e-5,unknown,unknown,https://doi.org/10.1007/978-3-031-07426-4_5,DOI,LIT,H19,ARDUOUS-04390,H19,NA,NA,NA,NA,NA,NA,NA,NA,NA,NA
H19,bulk solid,organism : plant : plant tissue : leaf,field,,-31.9,25.77,Angiospermae,"Copeland, SR et al. ""Isotopic Evidence for the Geographic Origin, Movement and Diet of the Hofmeyr Individual."" 2023, pp. 47-68",0.71439,NA,NA,isobank,FALSE,,SRM987,0.71024,MC-ICP-MS,bulk solid,4e-5,,,,,other,,,"Copeland, Sandi R",sandicopeland@gmail.com,,clade,,,NA,NA,2.5e-5,unknown,unknown,https://doi.org/10.1007/978-3-031-07426-4_5,DOI,LIT,H19,ARDUOUS-04391,H19,NA,NA,NA,NA,NA,NA,NA,NA,NA,NA
H2,bulk solid,organism : plant : plant tissue : leaf,field,,-31.57,25.96,Poaceae,"Copeland, SR et al. ""Isotopic Evidence for the Geographic Origin, Movement and Diet of the Hofmeyr Individual."" 2023, pp. 47-68",0.71594,NA,NA,isobank,FALSE,,SRM987,0.71024,MC-ICP-MS,bulk solid,4e-5,,,,,other,,,"Copeland, Sandi R",sandicopeland@gmail.com,,family,,,NA,NA,2.5e-5,unknown,unknown,https://doi.org/10.1007/978-3-031-07426-4_5,DOI,LIT,H2,ARDUOUS-04392,H2,NA,NA,NA,NA,NA,NA,NA,NA,NA,NA
H2,bulk solid,organism : plant : plant tissue : leaf,field,,-31.57,25.96,Poaceae,"Copeland, SR et al. ""Isotopic Evidence for the Geographic Origin, Movement and Diet of the Hofmeyr Individual."" 2023, pp. 47-68",0.71596,NA,NA,isobank,FALSE,,SRM987,0.71024,MC-ICP-MS,bulk solid,4e-5,,,,,other,,,"Copeland, Sandi R",sandicopeland@gmail.com,,family,,,NA,NA,2.5e-5,unknown,unknown,https://doi.org/10.1007/978-3-031-07426-4_5,DOI,LIT,H2,ARDUOUS-04393,H2,NA,NA,NA,NA,NA,NA,NA,NA,NA,NA
H2,bulk solid,organism : plant : plant tissue : leaf,field,,-31.57,25.96,Poaceae,"Copeland, SR et al. ""Isotopic Evidence for the Geographic Origin, Movement and Diet of the Hofmeyr Individual."" 2023, pp. 47-68",0.71597,NA,NA,isobank,FALSE,,SRM987,0.71024,MC-ICP-MS,bulk solid,4e-5,,,,,other,,,"Copeland, Sandi R",sandicopeland@gmail.com,,family,,,NA,NA,2.5e-5,unknown,unknown,https://doi.org/10.1007/978-3-031-07426-4_5,DOI,LIT,H2,ARDUOUS-04394,H2,NA,NA,NA,NA,NA,NA,NA,NA,NA,NA
H3,bulk solid,organism : plant : plant tissue : leaf,field,,-31.56,25.96,Angiospermae,"Copeland, SR et al. ""Isotopic Evidence for the Geographic Origin, Movement and Diet of the Hofmeyr Individual."" 2023, pp. 47-68",0.71598,NA,NA,isobank,FALSE,,SRM987,0.71024,MC-ICP-MS,bulk solid,4e-5,,,,,other,,,"Copeland, Sandi R",sandicopeland@gmail.com,,clade,,,NA,NA,2.5e-5,unknown,unknown,https://doi.org/10.1007/978-3-031-07426-4_5,DOI,LIT,H3,ARDUOUS-04395,H3,NA,NA,NA,NA,NA,NA,NA,NA,NA,NA
H3,bulk solid,organism : plant : plant tissue : leaf,field,,-31.56,25.96,Poaceae,"Copeland, SR et al. ""Isotopic Evidence for the Geographic Origin, Movement and Diet of the Hofmeyr Individual."" 2023, pp. 47-68",0.71622,NA,NA,isobank,FALSE,,SRM987,0.71024,MC-ICP-MS,bulk solid,4e-5,,,,,other,,,"Copeland, Sandi R",sandicopeland@gmail.com,,family,,,NA,NA,2.5e-5,unknown,unknown,https://doi.org/10.1007/978-3-031-07426-4_5,DOI,LIT,H3,ARDUOUS-04396,H3,NA,NA,NA,NA,NA,NA,NA,NA,NA,NA
H3,bulk solid,organism : plant : plant tissue : leaf,field,,-31.56,25.96,Angiospermae,"Copeland, SR et al. ""Isotopic Evidence for the Geographic Origin, Movement and Diet of the Hofmeyr Individual."" 2023, pp. 47-68",0.71652,NA,NA,isobank,FALSE,,SRM987,0.71024,MC-ICP-MS,bulk solid,4e-5,,,,,other,,,"Copeland, Sandi R",sandicopeland@gmail.com,,clade,,,NA,NA,2.5e-5,unknown,unknown,https://doi.org/10.1007/978-3-031-07426-4_5,DOI,LIT,H3,ARDUOUS-04397,H3,NA,NA,NA,NA,NA,NA,NA,NA,NA,NA
H4,bulk solid,organism : plant : plant tissue : leaf,field,,-31.56,25.96,Poaceae,"Copeland, SR et al. ""Isotopic Evidence for the Geographic Origin, Movement and Diet of the Hofmeyr Individual."" 2023, pp. 47-68",0.71619,NA,NA,isobank,FALSE,,SRM987,0.71024,MC-ICP-MS,bulk solid,4e-5,,,,,other,,,"Copeland, Sandi R",sandicopeland@gmail.com,,family,,,NA,NA,2.5e-5,unknown,unknown,https://doi.org/10.1007/978-3-031-07426-4_5,DOI,LIT,H4,ARDUOUS-04398,H4,NA,NA,NA,NA,NA,NA,NA,NA,NA,NA
H4,bulk solid,organism : plant : plant tissue : leaf,field,,-31.56,25.96,Poaceae,"Copeland, SR et al. ""Isotopic Evidence for the Geographic Origin, Movement and Diet of the Hofmeyr Individual."" 2023, pp. 47-68",0.71623,NA,NA,isobank,FALSE,,SRM987,0.71024,MC-ICP-MS,bulk solid,4e-5,,,,,other,,,"Copeland, Sandi R",sandicopeland@gmail.com,,family,,,NA,NA,2.5e-5,unknown,unknown,https://doi.org/10.1007/978-3-031-07426-4_5,DOI,LIT,H4,ARDUOUS-04399,H4,NA,NA,NA,NA,NA,NA,NA,NA,NA,NA
H5,bulk solid,organism : plant : plant tissue : leaf,field,,-31.56,25.96,Angiospermae,"Copeland, SR et al. ""Isotopic Evidence for the Geographic Origin, Movement and Diet of the Hofmeyr Individual."" 2023, pp. 47-68",0.71357,NA,NA,isobank,FALSE,,SRM987,0.71024,MC-ICP-MS,bulk solid,4e-5,,,,,other,,,"Copeland, Sandi R",sandicopeland@gmail.com,,clade,,,NA,NA,2.5e-5,unknown,unknown,https://doi.org/10.1007/978-3-031-07426-4_5,DOI,LIT,H5,ARDUOUS-04400,H5,NA,NA,NA,NA,NA,NA,NA,NA,NA,NA
H5,bulk solid,organism : plant : plant tissue : leaf,field,,-31.56,25.96,Angiospermae,"Copeland, SR et al. ""Isotopic Evidence for the Geographic Origin, Movement and Diet of the Hofmeyr Individual."" 2023, pp. 47-68",0.71424,NA,NA,isobank,FALSE,,SRM987,0.71024,MC-ICP-MS,bulk solid,4e-5,,,,,other,,,"Copeland, Sandi R",sandicopeland@gmail.com,,clade,,,NA,NA,2.5e-5,unknown,unknown,https://doi.org/10.1007/978-3-031-07426-4_5,DOI,LIT,H5,ARDUOUS-04401,H5,NA,NA,NA,NA,NA,NA,NA,NA,NA,NA
H5,bulk solid,organism : plant : plant tissue : leaf,field,,-31.56,25.96,Angiospermae,"Copeland, SR et al. ""Isotopic Evidence for the Geographic Origin, Movement and Diet of the Hofmeyr Individual."" 2023, pp. 47-68",0.71475,NA,NA,isobank,FALSE,,SRM987,0.71024,MC-ICP-MS,bulk solid,4e-5,,,,,other,,,"Copeland, Sandi R",sandicopeland@gmail.com,,clade,,,NA,NA,2.5e-5,unknown,unknown,https://doi.org/10.1007/978-3-031-07426-4_5,DOI,LIT,H5,ARDUOUS-04402,H5,NA,NA,NA,NA,NA,NA,NA,NA,NA,NA
H6,bulk solid,organism : plant : plant tissue : leaf,field,,-31.47,26.13,Angiospermae,"Copeland, SR et al. ""Isotopic Evidence for the Geographic Origin, Movement and Diet of the Hofmeyr Individual."" 2023, pp. 47-68",0.71852,NA,NA,isobank,FALSE,,SRM987,0.71024,MC-ICP-MS,bulk solid,4e-5,,,,,other,,,"Copeland, Sandi R",sandicopeland@gmail.com,,clade,,,NA,NA,2.5e-5,unknown,unknown,https://doi.org/10.1007/978-3-031-07426-4_5,DOI,LIT,H6,ARDUOUS-04403,H6,NA,NA,NA,NA,NA,NA,NA,NA,NA,NA
H6,bulk solid,organism : plant : plant tissue : leaf,field,,-31.47,26.13,Poaceae,"Copeland, SR et al. ""Isotopic Evidence for the Geographic Origin, Movement and Diet of the Hofmeyr Individual."" 2023, pp. 47-68",0.71879,NA,NA,isobank,FALSE,,SRM987,0.71024,MC-ICP-MS,bulk solid,4e-5,,,,,other,,,"Copeland, Sandi R",sandicopeland@gmail.com,,family,,,NA,NA,2.5e-5,unknown,unknown,https://doi.org/10.1007/978-3-031-07426-4_5,DOI,LIT,H6,ARDUOUS-04404,H6,NA,NA,NA,NA,NA,NA,NA,NA,NA,NA
H6,bulk solid,organism : plant : plant tissue : leaf,field,,-31.47,26.13,Poaceae,"Copeland, SR et al. ""Isotopic Evidence for the Geographic Origin, Movement and Diet of the Hofmeyr Individual."" 2023, pp. 47-68",0.71886,NA,NA,isobank,FALSE,,SRM987,0.71024,MC-ICP-MS,bulk solid,4e-5,,,,,other,,,"Copeland, Sandi R",sandicopeland@gmail.com,,family,,,NA,NA,2.5e-5,unknown,unknown,https://doi.org/10.1007/978-3-031-07426-4_5,DOI,LIT,H6,ARDUOUS-04405,H6,NA,NA,NA,NA,NA,NA,NA,NA,NA,NA
H7,bulk solid,organism : plant : plant tissue : leaf,field,,-31.47,26.13,Angiospermae,"Copeland, SR et al. ""Isotopic Evidence for the Geographic Origin, Movement and Diet of the Hofmeyr Individual."" 2023, pp. 47-68",0.71651,NA,NA,isobank,FALSE,,SRM987,0.71024,MC-ICP-MS,bulk solid,4e-5,,,,,other,,,"Copeland, Sandi R",sandicopeland@gmail.com,,clade,,,NA,NA,2.5e-5,unknown,unknown,https://doi.org/10.1007/978-3-031-07426-4_5,DOI,LIT,H7,ARDUOUS-04406,H7,NA,NA,NA,NA,NA,NA,NA,NA,NA,NA
H8,bulk solid,organism : plant : plant tissue : leaf,field,,-32.13,25.63,Poaceae,"Copeland, SR et al. ""Isotopic Evidence for the Geographic Origin, Movement and Diet of the Hofmeyr Individual."" 2023, pp. 47-68",0.71269,NA,NA,isobank,FALSE,,SRM987,0.71024,MC-ICP-MS,bulk solid,4e-5,,,,,other,,,"Copeland, Sandi R",sandicopeland@gmail.com,,family,,,NA,NA,2.5e-5,unknown,unknown,https://doi.org/10.1007/978-3-031-07426-4_5,DOI,LIT,H8,ARDUOUS-04407,H8,NA,NA,NA,NA,NA,NA,NA,NA,NA,NA
H8,bulk solid,organism : plant : plant tissue : leaf,field,,-32.13,25.63,Angiospermae,"Copeland, SR et al. ""Isotopic Evidence for the Geographic Origin, Movement and Diet of the Hofmeyr Individual."" 2023, pp. 47-68",0.71289,NA,NA,isobank,FALSE,,SRM987,0.71024,MC-ICP-MS,bulk solid,4e-5,,,,,other,,,"Copeland, Sandi R",sandicopeland@gmail.com,,clade,,,NA,NA,2.5e-5,unknown,unknown,https://doi.org/10.1007/978-3-031-07426-4_5,DOI,LIT,H8,ARDUOUS-04408,H8,NA,NA,NA,NA,NA,NA,NA,NA,NA,NA
H8,bulk solid,organism : plant : plant tissue : leaf,field,,-32.13,25.63,Angiospermae,"Copeland, SR et al. ""Isotopic Evidence for the Geographic Origin, Movement and Diet of the Hofmeyr Individual."" 2023, pp. 47-68",0.71302,NA,NA,isobank,FALSE,,SRM987,0.71024,MC-ICP-MS,bulk solid,4e-5,,,,,other,,,"Copeland, Sandi R",sandicopeland@gmail.com,,clade,,,NA,NA,2.5e-5,unknown,unknown,https://doi.org/10.1007/978-3-031-07426-4_5,DOI,LIT,H8,ARDUOUS-04409,H8,NA,NA,NA,NA,NA,NA,NA,NA,NA,NA
H9,bulk solid,organism : plant : plant tissue : leaf,field,,-31.56,25.94,Poaceae,"Copeland, SR et al. ""Isotopic Evidence for the Geographic Origin, Movement and Diet of the Hofmeyr Individual."" 2023, pp. 47-68",0.71497,NA,NA,isobank,FALSE,,SRM987,0.71024,MC-ICP-MS,bulk solid,4e-5,,,,,other,,,"Copeland, Sandi R",sandicopeland@gmail.com,,family,,,NA,NA,2.5e-5,unknown,unknown,https://doi.org/10.1007/978-3-031-07426-4_5,DOI,LIT,H9,ARDUOUS-04410,H9,NA,NA,NA,NA,NA,NA,NA,NA,NA,NA
H9,bulk solid,organism : plant : plant tissue : leaf,field,,-31.56,25.94,Angiospermae,"Copeland, SR et al. ""Isotopic Evidence for the Geographic Origin, Movement and Diet of the Hofmeyr Individual."" 2023, pp. 47-68",0.7152,NA,NA,isobank,FALSE,,SRM987,0.71024,MC-ICP-MS,bulk solid,4e-5,,,,,other,,,"Copeland, Sandi R",sandicopeland@gmail.com,,clade,,,NA,NA,2.5e-5,unknown,unknown,https://doi.org/10.1007/978-3-031-07426-4_5,DOI,LIT,H9,ARDUOUS-04411,H9,NA,NA,NA,NA,NA,NA,NA,NA,NA,NA
H9,bulk solid,organism : plant : plant tissue : leaf,field,,-31.56,25.94,Poaceae,"Copeland, SR et al. ""Isotopic Evidence for the Geographic Origin, Movement and Diet of the Hofmeyr Individual."" 2023, pp. 47-68",0.71529,NA,NA,isobank,FALSE,,SRM987,0.71024,MC-ICP-MS,bulk solid,4e-5,,,,,other,,,"Copeland, Sandi R",sandicopeland@gmail.com,,family,,,NA,NA,2.5e-5,unknown,unknown,https://doi.org/10.1007/978-3-031-07426-4_5,DOI,LIT,H9,ARDUOUS-04412,H9,NA,NA,NA,NA,NA,NA,NA,NA,NA,NA
135,water,inorganic-organic composite : water : total water,field,Observatory,-33.940519,18.460189,,"Finlayson, R., 2022. Spatial analysis of the O-, H-and Sr-isotope composition of Cape Town groundwater (Master's thesis, Faculty of Science).",0.72054,NA,NA,isobank,FALSE,,SRM987,0.710255,MC-ICP-MS,bulk water,2e-5,,,,ground,other,other,,Rosy Finlayson,none provided,,,,,NA,NA,NA,unknown,unknown,https://open.uct.ac.za/server/api/core/bitstreams/d66cb7de-dce5-4805-842a-de1c078da946/content,DOI,LIT,135,ARDUOUS-07052,135,NA,NA,NA,NA,NA,NA,NA,NA,NA,NA
145,water,inorganic-organic composite : water : total water,field,Silvertown,-33.964633,18.521894,,"Finlayson, R., 2022. Spatial analysis of the O-, H-and Sr-isotope composition of Cape Town groundwater (Master's thesis, Faculty of Science).",0.71426,NA,NA,isobank,FALSE,,SRM987,0.710255,MC-ICP-MS,bulk water,2e-5,,,,ground,other,other,,Rosy Finlayson,none provided,,,,,NA,NA,NA,unknown,unknown,https://open.uct.ac.za/server/api/core/bitstreams/d66cb7de-dce5-4805-842a-de1c078da946/content,DOI,LIT,145,ARDUOUS-07053,145,NA,NA,NA,NA,NA,NA,NA,NA,NA,NA
152,water,inorganic-organic composite : water : total water,field,Athlone,-33.969717,18.499431,,"Finlayson, R., 2022. Spatial analysis of the O-, H-and Sr-isotope composition of Cape Town groundwater (Master's thesis, Faculty of Science).",0.70985,NA,NA,isobank,FALSE,,SRM987,0.710255,MC-ICP-MS,bulk water,2e-5,,,,ground,other,other,,Rosy Finlayson,none provided,,,,,NA,NA,NA,unknown,unknown,https://open.uct.ac.za/server/api/core/bitstreams/d66cb7de-dce5-4805-842a-de1c078da946/content,DOI,LIT,152,ARDUOUS-07054,152,NA,NA,NA,NA,NA,NA,NA,NA,NA,NA
167,water,inorganic-organic composite : water : total water,field,V&A Waterfront,-33.911036,18.421792,,"Finlayson, R., 2022. Spatial analysis of the O-, H-and Sr-isotope composition of Cape Town groundwater (Master's thesis, Faculty of Science).",0.71171,NA,NA,isobank,FALSE,,SRM987,0.710255,MC-ICP-MS,bulk water,2e-5,,,,ground,other,other,,Rosy Finlayson,none provided,,,,,NA,NA,NA,unknown,unknown,https://open.uct.ac.za/server/api/core/bitstreams/d66cb7de-dce5-4805-842a-de1c078da946/content,DOI,LIT,167,ARDUOUS-07055,167,NA,NA,NA,NA,NA,NA,NA,NA,NA,NA
181,water,inorganic-organic composite : water : total water,field,Camps Bay,-33.949,18.384,,"Finlayson, R., 2022. Spatial analysis of the O-, H-and Sr-isotope composition of Cape Town groundwater (Master's thesis, Faculty of Science).",0.73023,NA,NA,isobank,FALSE,,SRM987,0.710255,MC-ICP-MS,bulk water,2e-5,,,,ground,other,other,,Rosy Finlayson,none provided,,,,,NA,NA,NA,unknown,unknown,https://open.uct.ac.za/server/api/core/bitstreams/d66cb7de-dce5-4805-842a-de1c078da946/content,DOI,LIT,181,ARDUOUS-07056,181,NA,NA,NA,NA,NA,NA,NA,NA,NA,NA
183,water,inorganic-organic composite : water : total water,field,Vredehoek,-33.942453,18.42145,,"Finlayson, R., 2022. Spatial analysis of the O-, H-and Sr-isotope composition of Cape Town groundwater (Master's thesis, Faculty of Science).",0.71058,NA,NA,isobank,FALSE,,SRM987,0.710255,MC-ICP-MS,bulk water,2e-5,,,,ground,other,other,,Rosy Finlayson,none provided,,,,,NA,NA,NA,unknown,unknown,https://open.uct.ac.za/server/api/core/bitstreams/d66cb7de-dce5-4805-842a-de1c078da946/content,DOI,LIT,183,ARDUOUS-07057,183,NA,NA,NA,NA,NA,NA,NA,NA,NA,NA
195,water,inorganic-organic composite : water : total water,field,Bergvliet,-34.045897,18.445642,,"Finlayson, R., 2022. Spatial analysis of the O-, H-and Sr-isotope composition of Cape Town groundwater (Master's thesis, Faculty of Science).",0.7135,NA,NA,isobank,FALSE,,SRM987,0.710255,MC-ICP-MS,bulk water,2e-5,,,,ground,other,other,,Rosy Finlayson,none provided,,,,,NA,NA,NA,unknown,unknown,https://open.uct.ac.za/server/api/core/bitstreams/d66cb7de-dce5-4805-842a-de1c078da946/content,DOI,LIT,195,ARDUOUS-07058,195,NA,NA,NA,NA,NA,NA,NA,NA,NA,NA
213,water,inorganic-organic composite : water : total water,field,Fish Hoek,-34.13065,18.424856,,"Finlayson, R., 2022. Spatial analysis of the O-, H-and Sr-isotope composition of Cape Town groundwater (Master's thesis, Faculty of Science).",0.70935,NA,NA,isobank,FALSE,,SRM987,0.710255,MC-ICP-MS,bulk water,2e-5,,,,ground,other,other,,Rosy Finlayson,none provided,,,,,NA,NA,NA,unknown,unknown,https://open.uct.ac.za/server/api/core/bitstreams/d66cb7de-dce5-4805-842a-de1c078da946/content,DOI,LIT,213,ARDUOUS-07059,213,NA,NA,NA,NA,NA,NA,NA,NA,NA,NA
227,water,inorganic-organic composite : water : total water,field,Pinelands,-33.937328,18.507692,,"Finlayson, R., 2022. Spatial analysis of the O-, H-and Sr-isotope composition of Cape Town groundwater (Master's thesis, Faculty of Science).",0.71131,NA,NA,isobank,FALSE,,SRM987,0.710255,MC-ICP-MS,bulk water,2e-5,,,,ground,other,other,,Rosy Finlayson,none provided,,,,,NA,NA,NA,unknown,unknown,https://open.uct.ac.za/server/api/core/bitstreams/d66cb7de-dce5-4805-842a-de1c078da946/content,DOI,LIT,227,ARDUOUS-07060,227,NA,NA,NA,NA,NA,NA,NA,NA,NA,NA
242,water,inorganic-organic composite : water : total water,field,Muizenberg,-34.116306,18.461644,,"Finlayson, R., 2022. Spatial analysis of the O-, H-and Sr-isotope composition of Cape Town groundwater (Master's thesis, Faculty of Science).",0.71036,NA,NA,isobank,FALSE,,SRM987,0.710255,MC-ICP-MS,bulk water,2e-5,,,,ground,other,other,,Rosy Finlayson,none provided,,,,,NA,NA,NA,unknown,unknown,https://open.uct.ac.za/server/api/core/bitstreams/d66cb7de-dce5-4805-842a-de1c078da946/content,DOI,LIT,242,ARDUOUS-07061,242,NA,NA,NA,NA,NA,NA,NA,NA,NA,NA
TM3220,bulk tissue,organism : animal : animal tissue : tooth : enamel,existing collection,,-34.033,23.05,Tragelaphus scriptus,"Guiserix, D., et al., 2022. Simultaneous analysis of stable and radiogenic strontium isotopes in reference materials, plants and modern tooth enamel. Chemical Geology, 606, p.121000.",0.70934,NA,NA,isobank,FALSE,,SRM987,0.71023,MC-ICP-MS,bulk solid,3e-5,,,,,other,other,,Danae Guiserix,danae.guiserix@ens-lyon.fr,,species,male,,NA,NA,2e-6,unknown,unknown,https://doi.org/10.1016/j.chemgeo.2022.121000,DOI,LIT,TM3220,ARDUOUS-09110,TM3220,NA,NA,NA,NA,NA,NA,NA,NA,NA,NA
TM4403 cg,bulk tissue,organism : animal : animal tissue : tooth : enamel,existing collection,,-24.383,31.783,Panthera leo,"Guiserix, D., et al., 2022. Simultaneous analysis of stable and radiogenic strontium isotopes in reference materials, plants and modern tooth enamel. Chemical Geology, 606, p.121000.",0.70753,NA,NA,isobank,FALSE,,SRM987,0.71023,MC-ICP-MS,bulk solid,3e-5,,canine,Left C,,other,other,,Danae Guiserix,danae.guiserix@ens-lyon.fr,,species,female,,NA,NA,3e-6,unknown,unknown,https://doi.org/10.1016/j.chemgeo.2022.121000,DOI,LIT,TM4403 cg,ARDUOUS-09111,TM4403 cg,NA,NA,NA,NA,NA,NA,NA,NA,NA,NA
TM4403P2g(E),bulk tissue,organism : animal : animal tissue : tooth : enamel,existing collection,,-24.383,31.783,Panthera leo,"Guiserix, D., et al., 2022. Simultaneous analysis of stable and radiogenic strontium isotopes in reference materials, plants and modern tooth enamel. Chemical Geology, 606, p.121000.",0.70755,NA,NA,isobank,FALSE,,SRM987,0.71023,MC-ICP-MS,bulk solid,3e-5,,premolar,left P2,,other,other,,Danae Guiserix,danae.guiserix@ens-lyon.fr,,species,female,,NA,NA,4e-6,unknown,unknown,https://doi.org/10.1016/j.chemgeo.2022.121000,DOI,LIT,TM4403P2g(E),ARDUOUS-09112,TM4403P2g(E),NA,NA,NA,NA,NA,NA,NA,NA,NA,NA
TM13273 E,bulk tissue,organism : animal : animal tissue : tooth : enamel,existing collection,,-24.377,31.776,Crocuta crocuta,"Guiserix, D., et al., 2022. Simultaneous analysis of stable and radiogenic strontium isotopes in reference materials, plants and modern tooth enamel. Chemical Geology, 606, p.121000.",0.71418,NA,NA,isobank,FALSE,,SRM987,0.71023,MC-ICP-MS,bulk solid,3e-5,,,,,other,other,,Danae Guiserix,danae.guiserix@ens-lyon.fr,,species,male,,NA,NA,4e-6,unknown,unknown,https://doi.org/10.1016/j.chemgeo.2022.121000,DOI,LIT,TM13273 E,ARDUOUS-09113,TM13273 E,NA,NA,NA,NA,NA,NA,NA,NA,NA,NA
TM17672 E,bulk tissue,organism : animal : animal tissue : tooth : enamel,existing collection,,-24.783,31.866,Aepyceros melampus,"Guiserix, D., et al., 2022. Simultaneous analysis of stable and radiogenic strontium isotopes in reference materials, plants and modern tooth enamel. Chemical Geology, 606, p.121000.",0.71946,NA,NA,isobank,FALSE,,SRM987,0.71023,MC-ICP-MS,bulk solid,3e-5,,,,,other,other,,Danae Guiserix,danae.guiserix@ens-lyon.fr,,species,female,,NA,NA,1e-5,unknown,unknown,https://doi.org/10.1016/j.chemgeo.2022.121000,DOI,LIT,TM17672 E,ARDUOUS-09114,TM17672 E,NA,NA,NA,NA,NA,NA,NA,NA,NA,NA
TM16999,bulk tissue,organism : animal : animal tissue : tooth : enamel,existing collection,,-22.75,31.266,Hippotragus niger,"Guiserix, D., et al., 2022. Simultaneous analysis of stable and radiogenic strontium isotopes in reference materials, plants and modern tooth enamel. Chemical Geology, 606, p.121000.",0.70899,NA,NA,isobank,FALSE,,SRM987,0.71023,MC-ICP-MS,bulk solid,3e-5,,,,,other,other,,Danae Guiserix,danae.guiserix@ens-lyon.fr,,species,female,,NA,NA,1e-5,unknown,unknown,https://doi.org/10.1016/j.chemgeo.2022.121000,DOI,LIT,TM16999,ARDUOUS-09115,TM16999,NA,NA,NA,NA,NA,NA,NA,NA,NA,NA
TM4081 M1g,bulk tissue,organism : animal : animal tissue : tooth : enamel,existing collection,,-24.904,30.753,Sylvicapra grimmia,"Guiserix, D., et al., 2022. Simultaneous analysis of stable and radiogenic strontium isotopes in reference materials, plants and modern tooth enamel. Chemical Geology, 606, p.121000.",0.76008,NA,NA,isobank,FALSE,,SRM987,0.71023,MC-ICP-MS,bulk solid,3e-5,,molar,Left M1,,other,other,,Danae Guiserix,danae.guiserix@ens-lyon.fr,,species,male,,NA,NA,1e-5,unknown,unknown,https://doi.org/10.1016/j.chemgeo.2022.121000,DOI,LIT,TM4081 M1g,ARDUOUS-09116,TM4081 M1g,NA,NA,NA,NA,NA,NA,NA,NA,NA,NA
TM16998 PR+B,bulk tissue,organism : plant : whole plant,existing collection,,-22.75,31.266,,"Guiserix, D., et al., 2022. Simultaneous analysis of stable and radiogenic strontium isotopes in reference materials, plants and modern tooth enamel. Chemical Geology, 606, p.121000.",0.70987,NA,NA,isobank,FALSE,,SRM987,0.71023,MC-ICP-MS,bulk solid,3e-5,,,,,other,other,,Danae Guiserix,danae.guiserix@ens-lyon.fr,,,,,NA,NA,1e-5,unknown,unknown,https://doi.org/10.1016/j.chemgeo.2022.121000,DOI,LIT,TM16998 PR+B,ARDUOUS-09117,TM16998 PR+B,NA,NA,NA,NA,NA,NA,NA,NA,NA,NA
TM3220 PR,bulk tissue,organism : plant : whole plant,existing collection,,-34.033,23.05,,"Guiserix, D., et al., 2022. Simultaneous analysis of stable and radiogenic strontium isotopes in reference materials, plants and modern tooth enamel. Chemical Geology, 606, p.121000.",0.72607,NA,NA,isobank,FALSE,,SRM987,0.71023,MC-ICP-MS,bulk solid,3e-5,,,,,other,other,,Danae Guiserix,danae.guiserix@ens-lyon.fr,,,,,NA,NA,1e-5,unknown,unknown,https://doi.org/10.1016/j.chemgeo.2022.121000,DOI,LIT,TM3220 PR,ARDUOUS-09118,TM3220 PR,NA,NA,NA,NA,NA,NA,NA,NA,NA,NA
TM16659 M3d,bulk tissue,organism : animal : animal tissue : tooth : enamel,existing collection,,-25.133,31.2,Redunca arundinum,"Guiserix, D., et al., 2022. Simultaneous analysis of stable and radiogenic strontium isotopes in reference materials, plants and modern tooth enamel. Chemical Geology, 606, p.121000.",0.71572,NA,NA,isobank,FALSE,,SRM987,0.71023,MC-ICP-MS,bulk solid,3e-5,,molar,Might M3,,other,other,,Danae Guiserix,danae.guiserix@ens-lyon.fr,,species,male,,NA,NA,2e-5,unknown,unknown,https://doi.org/10.1016/j.chemgeo.2022.121000,DOI,LIT,TM16659 M3d,ARDUOUS-09119,TM16659 M3d,NA,NA,NA,NA,NA,NA,NA,NA,NA,NA
TM17679 E,bulk tissue,organism : animal : animal tissue : tooth : enamel,existing collection,,-24.416,31.666,Aepyceros melampus,"Guiserix, D., et al., 2022. Simultaneous analysis of stable and radiogenic strontium isotopes in reference materials, plants and modern tooth enamel. Chemical Geology, 606, p.121000.",0.70708,NA,NA,isobank,FALSE,,SRM987,0.71023,MC-ICP-MS,bulk solid,3e-5,,,,,other,other,,Danae Guiserix,danae.guiserix@ens-lyon.fr,,species,male,,NA,NA,2e-5,unknown,unknown,https://doi.org/10.1016/j.chemgeo.2022.121000,DOI,LIT,TM17679 E,ARDUOUS-09120,TM17679 E,NA,NA,NA,NA,NA,NA,NA,NA,NA,NA
TM17686 E,bulk tissue,organism : animal : animal tissue : tooth : enamel,existing collection,,-24.416,31.666,Aepyceros melampus,"Guiserix, D., et al., 2022. Simultaneous analysis of stable and radiogenic strontium isotopes in reference materials, plants and modern tooth enamel. Chemical Geology, 606, p.121000.",0.70679,NA,NA,isobank,FALSE,,SRM987,0.71023,MC-ICP-MS,bulk solid,3e-5,,,,,other,other,,Danae Guiserix,danae.guiserix@ens-lyon.fr,,species,female,,NA,NA,2e-5,unknown,unknown,https://doi.org/10.1016/j.chemgeo.2022.121000,DOI,LIT,TM17686 E,ARDUOUS-09121,TM17686 E,NA,NA,NA,NA,NA,NA,NA,NA,NA,NA
TM16998,bulk tissue,organism : animal : animal tissue : tooth : enamel,existing collection,,-22.75,31.266,Hippotragus niger,"Guiserix, D., et al., 2022. Simultaneous analysis of stable and radiogenic strontium isotopes in reference materials, plants and modern tooth enamel. Chemical Geology, 606, p.121000.",0.71246,NA,NA,isobank,FALSE,,SRM987,0.71023,MC-ICP-MS,bulk solid,3e-5,,,,,other,other,,Danae Guiserix,danae.guiserix@ens-lyon.fr,,species,female,,NA,NA,2e-5,unknown,unknown,https://doi.org/10.1016/j.chemgeo.2022.121000,DOI,LIT,TM16998,ARDUOUS-09122,TM16998,NA,NA,NA,NA,NA,NA,NA,NA,NA,NA
TM17006 E,bulk tissue,organism : animal : animal tissue : tooth : enamel,existing collection,,-22.781,31.268,Damaliscus lunatus,"Guiserix, D., et al., 2022. Simultaneous analysis of stable and radiogenic strontium isotopes in reference materials, plants and modern tooth enamel. Chemical Geology, 606, p.121000.",0.70782,NA,NA,isobank,FALSE,,SRM987,0.71023,MC-ICP-MS,bulk solid,3e-5,,,,,other,other,,Danae Guiserix,danae.guiserix@ens-lyon.fr,,species,female,,NA,NA,2e-5,unknown,unknown,https://doi.org/10.1016/j.chemgeo.2022.121000,DOI,LIT,TM17006 E,ARDUOUS-09123,TM17006 E,NA,NA,NA,NA,NA,NA,NA,NA,NA,NA
TM17659 E,bulk tissue,organism : animal : animal tissue : tooth : enamel,existing collection,,-25.466,31.516,Aepyceros melampus,"Guiserix, D., et al., 2022. Simultaneous analysis of stable and radiogenic strontium isotopes in reference materials, plants and modern tooth enamel. Chemical Geology, 606, p.121000.",0.73282,NA,NA,isobank,FALSE,,SRM987,0.71023,MC-ICP-MS,bulk solid,3e-5,,,,,other,other,,Danae Guiserix,danae.guiserix@ens-lyon.fr,,species,male,,NA,NA,3e-5,unknown,unknown,https://doi.org/10.1016/j.chemgeo.2022.121000,DOI,LIT,TM17659 E,ARDUOUS-09124,TM17659 E,NA,NA,NA,NA,NA,NA,NA,NA,NA,NA
TM17677 M2,bulk tissue,organism : animal : animal tissue : tooth : enamel,existing collection,,-24.783,31.866,Aepyceros melampus,"Guiserix, D., et al., 2022. Simultaneous analysis of stable and radiogenic strontium isotopes in reference materials, plants and modern tooth enamel. Chemical Geology, 606, p.121000.",0.71567,NA,NA,isobank,FALSE,,SRM987,0.71023,MC-ICP-MS,bulk solid,3e-5,,molar,M2,,other,other,,Danae Guiserix,danae.guiserix@ens-lyon.fr,,species,female,,NA,NA,6e-5,unknown,unknown,https://doi.org/10.1016/j.chemgeo.2022.121000,DOI,LIT,TM17677 M2,ARDUOUS-09125,TM17677 M2,NA,NA,NA,NA,NA,NA,NA,NA,NA,NA
TM16661 PR,bulk tissue,organism : plant : whole plant,existing collection,,-24.904,30.753,,"Guiserix, D., et al., 2022. Simultaneous analysis of stable and radiogenic strontium isotopes in reference materials, plants and modern tooth enamel. Chemical Geology, 606, p.121000.",0.71672,NA,NA,isobank,FALSE,,SRM987,0.71023,MC-ICP-MS,bulk solid,3e-5,,,,,other,other,,Danae Guiserix,danae.guiserix@ens-lyon.fr,,,,,NA,NA,8e-5,unknown,unknown,https://doi.org/10.1016/j.chemgeo.2022.121000,DOI,LIT,TM16661 PR,ARDUOUS-09126,TM16661 PR,NA,NA,NA,NA,NA,NA,NA,NA,NA,NA
,bulk solid,organism : animal : animal tissue : bone,field,Bronkhorstspruit,-25.73,28.99,Cyprinus carpio,"Jordaan, L.J., Wepener, V., Huizenga, J.M., 2016. The strontium isotope distribution in water and fish within major South African catchments. Water SA 42 (2), 213e224.",0.73017,NA,NA,isobank,FALSE,,SRM987,0.710213,MC-ICP-MS,bulk solid,6.7e-5,fin spine,,,,other,,,Victor Wepener,Victor.Wepener@nwu.ac.za,,species,,,NA,NA,8e-6,unknown,unknown,http://dx.doi.org/10.4314/wsa.v42i2.05,DOI,LIT,ARDUOUS-12526,ARDUOUS-12526,ARDUOUS-12526,NA,NA,NA,NA,NA,NA,NA,NA,NA,NA
,bulk solid,organism : animal : animal tissue : bone,field,Klipvoor,-25.13,27.81,Cyprinus carpio,"Jordaan, L.J., Wepener, V., Huizenga, J.M., 2016. The strontium isotope distribution in water and fish within major South African catchments. Water SA 42 (2), 213e224.",0.729945,NA,NA,isobank,FALSE,,SRM987,0.710213,MC-ICP-MS,bulk solid,6.7e-5,fin spine,,,,other,,,Victor Wepener,Victor.Wepener@nwu.ac.za,,species,,,NA,NA,1.15e-5,unknown,unknown,http://dx.doi.org/10.4314/wsa.v42i2.05,DOI,LIT,ARDUOUS-12527,ARDUOUS-12527,ARDUOUS-12527,NA,NA,NA,NA,NA,NA,NA,NA,NA,NA
,bulk solid,organism : animal : animal tissue : bone,field,Olifants River,-31.7,18.22,Cyprinus carpio,"Jordaan, L.J., Wepener, V., Huizenga, J.M., 2016. The strontium isotope distribution in water and fish within major South African catchments. Water SA 42 (2), 213e224.",0.722898,NA,NA,isobank,FALSE,,SRM987,0.710213,MC-ICP-MS,bulk solid,6.7e-5,fin spine,,,,other,,,Victor Wepener,Victor.Wepener@nwu.ac.za,,species,,,NA,NA,1.4e-5,unknown,unknown,http://dx.doi.org/10.4314/wsa.v42i2.05,DOI,LIT,ARDUOUS-12528,ARDUOUS-12528,ARDUOUS-12528,NA,NA,NA,NA,NA,NA,NA,NA,NA,NA
,bulk solid,organism : animal : animal tissue : bone,field,Rietvlei,-25.88,28.29,Cyprinus carpio,"Jordaan, L.J., Wepener, V., Huizenga, J.M., 2016. The strontium isotope distribution in water and fish within major South African catchments. Water SA 42 (2), 213e224.",0.723606,NA,NA,isobank,FALSE,,SRM987,0.710213,MC-ICP-MS,bulk solid,6.7e-5,fin spine,,,,other,,,Victor Wepener,Victor.Wepener@nwu.ac.za,,species,,,NA,NA,4.2e-5,unknown,unknown,http://dx.doi.org/10.4314/wsa.v42i2.05,DOI,LIT,ARDUOUS-12529,ARDUOUS-12529,ARDUOUS-12529,NA,NA,NA,NA,NA,NA,NA,NA,NA,NA
,bulk solid,organism : animal : animal tissue : bone,field,Roodekopjes,-25.4,27.59,Cyprinus carpio,"Jordaan, L.J., Wepener, V., Huizenga, J.M., 2016. The strontium isotope distribution in water and fish within major South African catchments. Water SA 42 (2), 213e224.",0.730639,NA,NA,isobank,FALSE,,SRM987,0.710213,MC-ICP-MS,bulk solid,6.7e-5,fin spine,,,,other,,,Victor Wepener,Victor.Wepener@nwu.ac.za,,species,,,NA,NA,5.2e-5,unknown,unknown,http://dx.doi.org/10.4314/wsa.v42i2.05,DOI,LIT,ARDUOUS-12530,ARDUOUS-12530,ARDUOUS-12530,NA,NA,NA,NA,NA,NA,NA,NA,NA,NA
,bulk solid,organism : animal : animal tissue : bone,field,Middelburg,-25.77,29.55,Cyprinus carpio,"Jordaan, L.J., Wepener, V., Huizenga, J.M., 2016. The strontium isotope distribution in water and fish within major South African catchments. Water SA 42 (2), 213e224.",0.725649,NA,NA,isobank,FALSE,,SRM987,0.710213,MC-ICP-MS,bulk solid,6.7e-5,fin spine,,,,other,,,Victor Wepener,Victor.Wepener@nwu.ac.za,,species,,,NA,NA,6.95e-5,unknown,unknown,http://dx.doi.org/10.4314/wsa.v42i2.05,DOI,LIT,ARDUOUS-12531,ARDUOUS-12531,ARDUOUS-12531,NA,NA,NA,NA,NA,NA,NA,NA,NA,NA
,bulk solid,organism : animal : animal tissue : bone,field,Witbank,-25.89,29.31,Cyprinus carpio,"Jordaan, L.J., Wepener, V., Huizenga, J.M., 2016. The strontium isotope distribution in water and fish within major South African catchments. Water SA 42 (2), 213e224.",0.725666,NA,NA,isobank,FALSE,,SRM987,0.710213,MC-ICP-MS,bulk solid,6.7e-5,fin spine,,,,other,,,Victor Wepener,Victor.Wepener@nwu.ac.za,,species,,,NA,NA,1.03e-4,unknown,unknown,http://dx.doi.org/10.4314/wsa.v42i2.05,DOI,LIT,ARDUOUS-12532,ARDUOUS-12532,ARDUOUS-12532,NA,NA,NA,NA,NA,NA,NA,NA,NA,NA
,bulk solid,organism : animal : animal tissue : bone,field,Bloemhof,-27.67,25.63,Cyprinus carpio,"Jordaan, L.J., Wepener, V., Huizenga, J.M., 2016. The strontium isotope distribution in water and fish within major South African catchments. Water SA 42 (2), 213e224.",0.718617,NA,NA,isobank,FALSE,,SRM987,0.710213,MC-ICP-MS,bulk solid,6.7e-5,fin spine,,,,other,,,Victor Wepener,Victor.Wepener@nwu.ac.za,,species,,,NA,NA,1.53e-4,unknown,unknown,http://dx.doi.org/10.4314/wsa.v42i2.05,DOI,LIT,ARDUOUS-12533,ARDUOUS-12533,ARDUOUS-12533,NA,NA,NA,NA,NA,NA,NA,NA,NA,NA
,bulk solid,organism : animal : animal tissue : bone,field,Roodeplaat,-25.57,28.37,Cyprinus carpio,"Jordaan, L.J., Wepener, V., Huizenga, J.M., 2016. The strontium isotope distribution in water and fish within major South African catchments. Water SA 42 (2), 213e224.",0.72395,NA,NA,isobank,FALSE,,SRM987,0.710213,MC-ICP-MS,bulk solid,6.7e-5,fin spine,,,,other,,,Victor Wepener,Victor.Wepener@nwu.ac.za,,species,,,NA,NA,1.785e-4,unknown,unknown,http://dx.doi.org/10.4314/wsa.v42i2.05,DOI,LIT,ARDUOUS-12534,ARDUOUS-12534,ARDUOUS-12534,NA,NA,NA,NA,NA,NA,NA,NA,NA,NA
,bulk solid,organism : animal : animal tissue : bone,field,Marais,-33.7,19.45,Cyprinus carpio,"Jordaan, L.J., Wepener, V., Huizenga, J.M., 2016. The strontium isotope distribution in water and fish within major South African catchments. Water SA 42 (2), 213e224.",0.72295,NA,NA,isobank,FALSE,,SRM987,0.710213,MC-ICP-MS,bulk solid,6.7e-5,fin spine,,,,other,,,Victor Wepener,Victor.Wepener@nwu.ac.za,,species,,,NA,NA,1.935e-4,unknown,unknown,http://dx.doi.org/10.4314/wsa.v42i2.05,DOI,LIT,ARDUOUS-12535,ARDUOUS-12535,ARDUOUS-12535,NA,NA,NA,NA,NA,NA,NA,NA,NA,NA
,bulk solid,organism : animal : animal tissue : bone,field,Doornpoort,-25.86,29.3,Cyprinus carpio,"Jordaan, L.J., Wepener, V., Huizenga, J.M., 2016. The strontium isotope distribution in water and fish within major South African catchments. Water SA 42 (2), 213e224.",0.726807,NA,NA,isobank,FALSE,,SRM987,0.710213,MC-ICP-MS,bulk solid,6.7e-5,fin spine,,,,other,,,Victor Wepener,Victor.Wepener@nwu.ac.za,,species,,,NA,NA,2.25e-4,unknown,unknown,http://dx.doi.org/10.4314/wsa.v42i2.05,DOI,LIT,ARDUOUS-12536,ARDUOUS-12536,ARDUOUS-12536,NA,NA,NA,NA,NA,NA,NA,NA,NA,NA
,bulk solid,organism : animal : animal tissue : bone,field,Vaal,-26.89,28.15,Cyprinus carpio,"Jordaan, L.J., Wepener, V., Huizenga, J.M., 2016. The strontium isotope distribution in water and fish within major South African catchments. Water SA 42 (2), 213e224.",0.713546,NA,NA,isobank,FALSE,,SRM987,0.710213,MC-ICP-MS,bulk solid,6.7e-5,fin spine,,,,other,,,Victor Wepener,Victor.Wepener@nwu.ac.za,,species,,,NA,NA,3.11e-4,unknown,unknown,http://dx.doi.org/10.4314/wsa.v42i2.05,DOI,LIT,ARDUOUS-12537,ARDUOUS-12537,ARDUOUS-12537,NA,NA,NA,NA,NA,NA,NA,NA,NA,NA
,bulk solid,organism : animal : animal tissue : bone,field,Inanda,-29.7,30.87,Cyprinus carpio,"Jordaan, L.J., Wepener, V., Huizenga, J.M., 2016. The strontium isotope distribution in water and fish within major South African catchments. Water SA 42 (2), 213e224.",0.718489,NA,NA,isobank,FALSE,,SRM987,0.710213,MC-ICP-MS,bulk solid,6.7e-5,fin spine,,,,other,,,Victor Wepener,Victor.Wepener@nwu.ac.za,,species,,,NA,NA,3.14e-4,unknown,unknown,http://dx.doi.org/10.4314/wsa.v42i2.05,DOI,LIT,ARDUOUS-12538,ARDUOUS-12538,ARDUOUS-12538,NA,NA,NA,NA,NA,NA,NA,NA,NA,NA
,bulk solid,organism : animal : animal tissue : bone,field,Hartbeespoort,-25.75,27.85,Cyprinus carpio,"Jordaan, L.J., Wepener, V., Huizenga, J.M., 2016. The strontium isotope distribution in water and fish within major South African catchments. Water SA 42 (2), 213e224.",0.734409,NA,NA,isobank,FALSE,,SRM987,0.710213,MC-ICP-MS,bulk solid,6.7e-5,fin spine,,,,other,,,Victor Wepener,Victor.Wepener@nwu.ac.za,,species,,,NA,NA,4.255e-4,unknown,unknown,http://dx.doi.org/10.4314/wsa.v42i2.05,DOI,LIT,ARDUOUS-12539,ARDUOUS-12539,ARDUOUS-12539,NA,NA,NA,NA,NA,NA,NA,NA,NA,NA
,bulk solid,organism : animal : animal tissue : bone,field,Arabie,-24.88,29.36,Cyprinus carpio,"Jordaan, L.J., Wepener, V., Huizenga, J.M., 2016. The strontium isotope distribution in water and fish within major South African catchments. Water SA 42 (2), 213e224.",0.737649,NA,NA,isobank,FALSE,,SRM987,0.710213,MC-ICP-MS,bulk solid,6.7e-5,fin spine,,,,other,,,Victor Wepener,Victor.Wepener@nwu.ac.za,,species,,,NA,NA,4.615e-4,unknown,unknown,http://dx.doi.org/10.4314/wsa.v42i2.05,DOI,LIT,ARDUOUS-12540,ARDUOUS-12540,ARDUOUS-12540,NA,NA,NA,NA,NA,NA,NA,NA,NA,NA
,bulk solid,organism : animal : animal tissue : bone,field,Loskop,-25.42,29.35,Cyprinus carpio,"Jordaan, L.J., Wepener, V., Huizenga, J.M., 2016. The strontium isotope distribution in water and fish within major South African catchments. Water SA 42 (2), 213e224.",0.730938,NA,NA,isobank,FALSE,,SRM987,0.710213,MC-ICP-MS,bulk solid,6.7e-5,fin spine,,,,other,,,Victor Wepener,Victor.Wepener@nwu.ac.za,,species,,,NA,NA,4.825e-4,unknown,unknown,http://dx.doi.org/10.4314/wsa.v42i2.05,DOI,LIT,ARDUOUS-12541,ARDUOUS-12541,ARDUOUS-12541,NA,NA,NA,NA,NA,NA,NA,NA,NA,NA
,bulk solid,organism : animal : animal tissue : bone,field,Rhenosterkop,-25.1,28.92,Cyprinus carpio,"Jordaan, L.J., Wepener, V., Huizenga, J.M., 2016. The strontium isotope distribution in water and fish within major South African catchments. Water SA 42 (2), 213e224.",0.743131,NA,NA,isobank,FALSE,,SRM987,0.710213,MC-ICP-MS,bulk solid,6.7e-5,fin spine,,,,other,,,Victor Wepener,Victor.Wepener@nwu.ac.za,,species,,,NA,NA,0.001203,unknown,unknown,http://dx.doi.org/10.4314/wsa.v42i2.05,DOI,LIT,ARDUOUS-12542,ARDUOUS-12542,ARDUOUS-12542,NA,NA,NA,NA,NA,NA,NA,NA,NA,NA
,bulk solid,organism : animal : animal tissue : bone,field,Rust de Winter,-25.33,28.52,Cyprinus carpio,"Jordaan, L.J., Wepener, V., Huizenga, J.M., 2016. The strontium isotope distribution in water and fish within major South African catchments. Water SA 42 (2), 213e224.",0.74713,NA,NA,isobank,FALSE,,SRM987,0.710213,MC-ICP-MS,bulk solid,6.7e-5,fin spine,,,,other,,,Victor Wepener,Victor.Wepener@nwu.ac.za,,species,,,NA,NA,NA,unknown,unknown,http://dx.doi.org/10.4314/wsa.v42i2.05,DOI,LIT,ARDUOUS-12543,ARDUOUS-12543,ARDUOUS-12543,NA,NA,NA,NA,NA,NA,NA,NA,NA,NA
,bulk solid,organism : animal : animal tissue : bone,field,Bon Accord,-25.62,28.19,Cyprinus carpio,"Jordaan, L.J., Wepener, V., Huizenga, J.M., 2016. The strontium isotope distribution in water and fish within major South African catchments. Water SA 42 (2), 213e224.",0.725934,NA,NA,isobank,FALSE,,SRM987,0.710213,MC-ICP-MS,bulk solid,6.7e-5,fin spine,,,,other,,,Victor Wepener,Victor.Wepener@nwu.ac.za,,species,,,NA,NA,NA,unknown,unknown,http://dx.doi.org/10.4314/wsa.v42i2.05,DOI,LIT,ARDUOUS-12544,ARDUOUS-12544,ARDUOUS-12544,NA,NA,NA,NA,NA,NA,NA,NA,NA,NA
,bulk solid,organism : animal : animal tissue : bone,field,Vaalkop,-25.31,27.48,Cyprinus carpio,"Jordaan, L.J., Wepener, V., Huizenga, J.M., 2016. The strontium isotope distribution in water and fish within major South African catchments. Water SA 42 (2), 213e224.",0.719744,NA,NA,isobank,FALSE,,SRM987,0.710213,MC-ICP-MS,bulk solid,6.7e-5,fin spine,,,,other,,,Victor Wepener,Victor.Wepener@nwu.ac.za,,species,,,NA,NA,NA,unknown,unknown,http://dx.doi.org/10.4314/wsa.v42i2.05,DOI,LIT,ARDUOUS-12545,ARDUOUS-12545,ARDUOUS-12545,NA,NA,NA,NA,NA,NA,NA,NA,NA,NA
,water,inorganic-organic composite : water : water solute,field,Roodeplaat,-25.57,28.37,,"Jordaan, L.J., Wepener, V., Huizenga, J.M., 2016. The strontium isotope distribution in water and fish within major South African catchments. Water SA 42 (2), 213e224.",0.721756,NA,NA,isobank,FALSE,,SRM987,0.710213,MC-ICP-MS,bulk water,6.7e-5,,,,river or stream,other,,,Victor Wepener,Victor.Wepener@nwu.ac.za,,,,,0.104,NA,2.85e-4,unknown,unknown,http://dx.doi.org/10.4314/wsa.v42i2.05,DOI,LIT,ARDUOUS-12546,ARDUOUS-12546,ARDUOUS-12546,NA,NA,NA,NA,NA,NA,NA,NA,NA,NA
,water,inorganic-organic composite : water : water solute,field,Marais at Brandvlei Dam,-33.7,19.45,,"Jordaan, L.J., Wepener, V., Huizenga, J.M., 2016. The strontium isotope distribution in water and fish within major South African catchments. Water SA 42 (2), 213e224.",0.722486,NA,NA,isobank,FALSE,,SRM987,0.710213,MC-ICP-MS,bulk water,6.7e-5,,,,lake,other,,,Victor Wepener,Victor.Wepener@nwu.ac.za,,,,,0.1123,NA,NA,unknown,unknown,http://dx.doi.org/10.4314/wsa.v42i2.05,DOI,LIT,ARDUOUS-12547,ARDUOUS-12547,ARDUOUS-12547,NA,NA,NA,NA,NA,NA,NA,NA,NA,NA
,water,inorganic-organic composite : water : water solute,field,Bloemhof,-27.67,25.63,,"Jordaan, L.J., Wepener, V., Huizenga, J.M., 2016. The strontium isotope distribution in water and fish within major South African catchments. Water SA 42 (2), 213e224.",0.718412,NA,NA,isobank,FALSE,,SRM987,0.710213,MC-ICP-MS,bulk water,6.7e-5,,,,river or stream,other,,,Victor Wepener,Victor.Wepener@nwu.ac.za,,,,,0.1213,NA,3.265e-4,unknown,unknown,http://dx.doi.org/10.4314/wsa.v42i2.05,DOI,LIT,ARDUOUS-12548,ARDUOUS-12548,ARDUOUS-12548,NA,NA,NA,NA,NA,NA,NA,NA,NA,NA
,water,inorganic-organic composite : water : water solute,field,Klipvoor,-25.13,27.81,,"Jordaan, L.J., Wepener, V., Huizenga, J.M., 2016. The strontium isotope distribution in water and fish within major South African catchments. Water SA 42 (2), 213e224.",0.729329,NA,NA,isobank,FALSE,,SRM987,0.710213,MC-ICP-MS,bulk water,6.7e-5,,,,river or stream,other,,,Victor Wepener,Victor.Wepener@nwu.ac.za,,,,,0.1346,NA,1.35e-5,unknown,unknown,http://dx.doi.org/10.4314/wsa.v42i2.05,DOI,LIT,ARDUOUS-12549,ARDUOUS-12549,ARDUOUS-12549,NA,NA,NA,NA,NA,NA,NA,NA,NA,NA
,water,inorganic-organic composite : water : water solute,field,Hartbeespoort,-25.75,27.85,,"Jordaan, L.J., Wepener, V., Huizenga, J.M., 2016. The strontium isotope distribution in water and fish within major South African catchments. Water SA 42 (2), 213e224.",0.734467,NA,NA,isobank,FALSE,,SRM987,0.710213,MC-ICP-MS,bulk water,6.7e-5,,,,river or stream,other,,,Victor Wepener,Victor.Wepener@nwu.ac.za,,,,,0.1391,NA,8.6e-5,unknown,unknown,http://dx.doi.org/10.4314/wsa.v42i2.05,DOI,LIT,ARDUOUS-12550,ARDUOUS-12550,ARDUOUS-12550,NA,NA,NA,NA,NA,NA,NA,NA,NA,NA
,water,inorganic-organic composite : water : water solute,field,Steenkool River,-32.36,18.72,,"Jordaan, L.J., Wepener, V., Huizenga, J.M., 2016. The strontium isotope distribution in water and fish within major South African catchments. Water SA 42 (2), 213e224.",0.723642,NA,NA,isobank,FALSE,,SRM987,0.710213,MC-ICP-MS,bulk water,6.7e-5,,,,river or stream,other,,,Victor Wepener,Victor.Wepener@nwu.ac.za,,,,,1.45,NA,NA,unknown,unknown,http://dx.doi.org/10.4314/wsa.v42i2.05,DOI,LIT,ARDUOUS-12551,ARDUOUS-12551,ARDUOUS-12551,NA,NA,NA,NA,NA,NA,NA,NA,NA,NA
,water,inorganic-organic composite : water : water solute,field,Roodekopjes,-25.4,27.59,,"Jordaan, L.J., Wepener, V., Huizenga, J.M., 2016. The strontium isotope distribution in water and fish within major South African catchments. Water SA 42 (2), 213e224.",0.730135,NA,NA,isobank,FALSE,,SRM987,0.710213,MC-ICP-MS,bulk water,6.7e-5,,,,river or stream,other,,,Victor Wepener,Victor.Wepener@nwu.ac.za,,,,,0.1542,NA,1.14e-4,unknown,unknown,http://dx.doi.org/10.4314/wsa.v42i2.05,DOI,LIT,ARDUOUS-12552,ARDUOUS-12552,ARDUOUS-12552,NA,NA,NA,NA,NA,NA,NA,NA,NA,NA
,water,inorganic-organic composite : water : water solute,field,Bon Accord,-25.62,28.19,,"Jordaan, L.J., Wepener, V., Huizenga, J.M., 2016. The strontium isotope distribution in water and fish within major South African catchments. Water SA 42 (2), 213e224.",0.724298,NA,NA,isobank,FALSE,,SRM987,0.710213,MC-ICP-MS,bulk water,6.7e-5,,,,river or stream,other,,,Victor Wepener,Victor.Wepener@nwu.ac.za,,,,,0.1546,NA,1.05e-5,unknown,unknown,http://dx.doi.org/10.4314/wsa.v42i2.05,DOI,LIT,ARDUOUS-12553,ARDUOUS-12553,ARDUOUS-12553,NA,NA,NA,NA,NA,NA,NA,NA,NA,NA
,water,inorganic-organic composite : water : water solute,field,Olifants River,-31.7,18.22,,"Jordaan, L.J., Wepener, V., Huizenga, J.M., 2016. The strontium isotope distribution in water and fish within major South African catchments. Water SA 42 (2), 213e224.",0.723241,NA,NA,isobank,FALSE,,SRM987,0.710213,MC-ICP-MS,bulk water,6.7e-5,,,,river or stream,other,,,Victor Wepener,Victor.Wepener@nwu.ac.za,,,,,0.1645,NA,NA,unknown,unknown,http://dx.doi.org/10.4314/wsa.v42i2.05,DOI,LIT,ARDUOUS-12554,ARDUOUS-12554,ARDUOUS-12554,NA,NA,NA,NA,NA,NA,NA,NA,NA,NA
,water,inorganic-organic composite : water : water solute,field,Vet River,-29.07,23.64,,"Jordaan, L.J., Wepener, V., Huizenga, J.M., 2016. The strontium isotope distribution in water and fish within major South African catchments. Water SA 42 (2), 213e224.",0.715666,NA,NA,isobank,FALSE,,SRM987,0.710213,MC-ICP-MS,bulk water,6.7e-5,,,,river or stream,other,,,Victor Wepener,Victor.Wepener@nwu.ac.za,,,,,0.1731,NA,NA,unknown,unknown,http://dx.doi.org/10.4314/wsa.v42i2.05,DOI,LIT,ARDUOUS-12555,ARDUOUS-12555,ARDUOUS-12555,NA,NA,NA,NA,NA,NA,NA,NA,NA,NA
,water,inorganic-organic composite : water : water solute,field,Vaal River,-29.07,23.64,,"Jordaan, L.J., Wepener, V., Huizenga, J.M., 2016. The strontium isotope distribution in water and fish within major South African catchments. Water SA 42 (2), 213e224.",0.721668,NA,NA,isobank,FALSE,,SRM987,0.710213,MC-ICP-MS,bulk water,6.7e-5,,,,river or stream,other,,,Victor Wepener,Victor.Wepener@nwu.ac.za,,,,,0.1902,NA,NA,unknown,unknown,http://dx.doi.org/10.4314/wsa.v42i2.05,DOI,LIT,ARDUOUS-12556,ARDUOUS-12556,ARDUOUS-12556,NA,NA,NA,NA,NA,NA,NA,NA,NA,NA
,water,inorganic-organic composite : water : water solute,field,Loskop,-25.42,29.35,,"Jordaan, L.J., Wepener, V., Huizenga, J.M., 2016. The strontium isotope distribution in water and fish within major South African catchments. Water SA 42 (2), 213e224.",0.729044,NA,NA,isobank,FALSE,,SRM987,0.710213,MC-ICP-MS,bulk water,6.7e-5,,,,river or stream,other,,,Victor Wepener,Victor.Wepener@nwu.ac.za,,,,,0.2101,NA,2.665e-4,unknown,unknown,http://dx.doi.org/10.4314/wsa.v42i2.05,DOI,LIT,ARDUOUS-12557,ARDUOUS-12557,ARDUOUS-12557,NA,NA,NA,NA,NA,NA,NA,NA,NA,NA
,water,inorganic-organic composite : water : water solute,field,Arabie,-24.88,29.36,,"Jordaan, L.J., Wepener, V., Huizenga, J.M., 2016. The strontium isotope distribution in water and fish within major South African catchments. Water SA 42 (2), 213e224.",0.737776,NA,NA,isobank,FALSE,,SRM987,0.710213,MC-ICP-MS,bulk water,6.7e-5,,,,river or stream,other,,,Victor Wepener,Victor.Wepener@nwu.ac.za,,,,,0.2116,NA,5.55e-5,unknown,unknown,http://dx.doi.org/10.4314/wsa.v42i2.05,DOI,LIT,ARDUOUS-12558,ARDUOUS-12558,ARDUOUS-12558,NA,NA,NA,NA,NA,NA,NA,NA,NA,NA
,water,inorganic-organic composite : water : water solute,field,Vaalkop,-25.31,27.48,,"Jordaan, L.J., Wepener, V., Huizenga, J.M., 2016. The strontium isotope distribution in water and fish within major South African catchments. Water SA 42 (2), 213e224.",0.716612,NA,NA,isobank,FALSE,,SRM987,0.710213,MC-ICP-MS,bulk water,6.7e-5,,,,river or stream,other,,,Victor Wepener,Victor.Wepener@nwu.ac.za,,,,,0.2513,NA,2.1e-4,unknown,unknown,http://dx.doi.org/10.4314/wsa.v42i2.05,DOI,LIT,ARDUOUS-12559,ARDUOUS-12559,ARDUOUS-12559,NA,NA,NA,NA,NA,NA,NA,NA,NA,NA
,water,inorganic-organic composite : water : water solute,field,Midmar,-29.5,30.18,,"Jordaan, L.J., Wepener, V., Huizenga, J.M., 2016. The strontium isotope distribution in water and fish within major South African catchments. Water SA 42 (2), 213e224.",0.712383,NA,NA,isobank,FALSE,,SRM987,0.710213,MC-ICP-MS,bulk water,6.7e-5,,,,river or stream,other,,,Victor Wepener,Victor.Wepener@nwu.ac.za,,,,,0.034,NA,8.15e-5,unknown,unknown,http://dx.doi.org/10.4314/wsa.v42i2.05,DOI,LIT,ARDUOUS-12560,ARDUOUS-12560,ARDUOUS-12560,NA,NA,NA,NA,NA,NA,NA,NA,NA,NA
,water,inorganic-organic composite : water : water solute,field,Albert Falls,-29.44,30.39,,"Jordaan, L.J., Wepener, V., Huizenga, J.M., 2016. The strontium isotope distribution in water and fish within major South African catchments. Water SA 42 (2), 213e224.",0.714522,NA,NA,isobank,FALSE,,SRM987,0.710213,MC-ICP-MS,bulk water,6.7e-5,,,,river or stream,other,,,Victor Wepener,Victor.Wepener@nwu.ac.za,,,,,0.0349,NA,1.5e-5,unknown,unknown,http://dx.doi.org/10.4314/wsa.v42i2.05,DOI,LIT,ARDUOUS-12561,ARDUOUS-12561,ARDUOUS-12561,NA,NA,NA,NA,NA,NA,NA,NA,NA,NA
,water,inorganic-organic composite : water : water solute,field,Doornpoort,-25.86,29.3,,"Jordaan, L.J., Wepener, V., Huizenga, J.M., 2016. The strontium isotope distribution in water and fish within major South African catchments. Water SA 42 (2), 213e224.",0.725551,NA,NA,isobank,FALSE,,SRM987,0.710213,MC-ICP-MS,bulk water,6.7e-5,,,,river or stream,other,,,Victor Wepener,Victor.Wepener@nwu.ac.za,,,,,0.3413,NA,5.55e-5,unknown,unknown,http://dx.doi.org/10.4314/wsa.v42i2.05,DOI,LIT,ARDUOUS-12562,ARDUOUS-12562,ARDUOUS-12562,NA,NA,NA,NA,NA,NA,NA,NA,NA,NA
,water,inorganic-organic composite : water : water solute,field,Witbank,-25.89,29.31,,"Jordaan, L.J., Wepener, V., Huizenga, J.M., 2016. The strontium isotope distribution in water and fish within major South African catchments. Water SA 42 (2), 213e224.",0.72534,NA,NA,isobank,FALSE,,SRM987,0.710213,MC-ICP-MS,bulk water,6.7e-5,,,,river or stream,other,,,Victor Wepener,Victor.Wepener@nwu.ac.za,,,,,0.3433,NA,8.85e-5,unknown,unknown,http://dx.doi.org/10.4314/wsa.v42i2.05,DOI,LIT,ARDUOUS-12563,ARDUOUS-12563,ARDUOUS-12563,NA,NA,NA,NA,NA,NA,NA,NA,NA,NA
,water,inorganic-organic composite : water : water solute,field,Nagle,-29.59,30.64,,"Jordaan, L.J., Wepener, V., Huizenga, J.M., 2016. The strontium isotope distribution in water and fish within major South African catchments. Water SA 42 (2), 213e224.",0.717628,NA,NA,isobank,FALSE,,SRM987,0.710213,MC-ICP-MS,bulk water,6.7e-5,,,,river or stream,other,,,Victor Wepener,Victor.Wepener@nwu.ac.za,,,,,0.0365,NA,7.5e-6,unknown,unknown,http://dx.doi.org/10.4314/wsa.v42i2.05,DOI,LIT,ARDUOUS-12564,ARDUOUS-12564,ARDUOUS-12564,NA,NA,NA,NA,NA,NA,NA,NA,NA,NA
,water,inorganic-organic composite : water : water solute,field,Rhenosterkop,-25.1,28.92,,"Jordaan, L.J., Wepener, V., Huizenga, J.M., 2016. The strontium isotope distribution in water and fish within major South African catchments. Water SA 42 (2), 213e224.",0.745912,NA,NA,isobank,FALSE,,SRM987,0.710213,MC-ICP-MS,bulk water,6.7e-5,,,,river or stream,other,,,Victor Wepener,Victor.Wepener@nwu.ac.za,,,,,0.0374,NA,8.75e-5,unknown,unknown,http://dx.doi.org/10.4314/wsa.v42i2.05,DOI,LIT,ARDUOUS-12565,ARDUOUS-12565,ARDUOUS-12565,NA,NA,NA,NA,NA,NA,NA,NA,NA,NA
,water,inorganic-organic composite : water : water solute,field,Elands River,-24.88,29.36,,"Jordaan, L.J., Wepener, V., Huizenga, J.M., 2016. The strontium isotope distribution in water and fish within major South African catchments. Water SA 42 (2), 213e224.",0.746191,NA,NA,isobank,FALSE,,SRM987,0.710213,MC-ICP-MS,bulk water,6.7e-5,,,,river or stream,other,,,Victor Wepener,Victor.Wepener@nwu.ac.za,,,,,0.0385,NA,NA,unknown,unknown,http://dx.doi.org/10.4314/wsa.v42i2.05,DOI,LIT,ARDUOUS-12566,ARDUOUS-12566,ARDUOUS-12566,NA,NA,NA,NA,NA,NA,NA,NA,NA,NA
,water,inorganic-organic composite : water : water solute,field,Middelburg,-25.77,29.55,,"Jordaan, L.J., Wepener, V., Huizenga, J.M., 2016. The strontium isotope distribution in water and fish within major South African catchments. Water SA 42 (2), 213e224.",0.724975,NA,NA,isobank,FALSE,,SRM987,0.710213,MC-ICP-MS,bulk water,6.7e-5,,,,river or stream,other,,,Victor Wepener,Victor.Wepener@nwu.ac.za,,,,,0.5778,NA,1.31e-4,unknown,unknown,http://dx.doi.org/10.4314/wsa.v42i2.05,DOI,LIT,ARDUOUS-12567,ARDUOUS-12567,ARDUOUS-12567,NA,NA,NA,NA,NA,NA,NA,NA,NA,NA
,water,inorganic-organic composite : water : water solute,field,Sterkfontein,-28.45,29.02,,"Jordaan, L.J., Wepener, V., Huizenga, J.M., 2016. The strontium isotope distribution in water and fish within major South African catchments. Water SA 42 (2), 213e224.",0.712373,NA,NA,isobank,FALSE,,SRM987,0.710213,MC-ICP-MS,bulk water,6.7e-5,,,,river or stream,other,,,Victor Wepener,Victor.Wepener@nwu.ac.za,,,,,0.0628,NA,3e-6,unknown,unknown,http://dx.doi.org/10.4314/wsa.v42i2.05,DOI,LIT,ARDUOUS-12568,ARDUOUS-12568,ARDUOUS-12568,NA,NA,NA,NA,NA,NA,NA,NA,NA,NA
,water,inorganic-organic composite : water : water solute,field,Inanda,-29.7,30.87,,"Jordaan, L.J., Wepener, V., Huizenga, J.M., 2016. The strontium isotope distribution in water and fish within major South African catchments. Water SA 42 (2), 213e224.",0.718552,NA,NA,isobank,FALSE,,SRM987,0.710213,MC-ICP-MS,bulk water,6.7e-5,,,,river or stream,other,,,Victor Wepener,Victor.Wepener@nwu.ac.za,,,,,0.0643,NA,1.22e-4,unknown,unknown,http://dx.doi.org/10.4314/wsa.v42i2.05,DOI,LIT,ARDUOUS-12569,ARDUOUS-12569,ARDUOUS-12569,NA,NA,NA,NA,NA,NA,NA,NA,NA,NA
,water,inorganic-organic composite : water : water solute,field,Vaal,-26.89,28.15,,"Jordaan, L.J., Wepener, V., Huizenga, J.M., 2016. The strontium isotope distribution in water and fish within major South African catchments. Water SA 42 (2), 213e224.",0.713325,NA,NA,isobank,FALSE,,SRM987,0.710213,MC-ICP-MS,bulk water,6.7e-5,,,,river or stream,other,,,Victor Wepener,Victor.Wepener@nwu.ac.za,,,,,0.0909,NA,5.475e-4,unknown,unknown,http://dx.doi.org/10.4314/wsa.v42i2.05,DOI,LIT,ARDUOUS-12570,ARDUOUS-12570,ARDUOUS-12570,NA,NA,NA,NA,NA,NA,NA,NA,NA,NA
,water,inorganic-organic composite : water : water solute,field,Bronkhorstspruit,-25.73,28.99,,"Jordaan, L.J., Wepener, V., Huizenga, J.M., 2016. The strontium isotope distribution in water and fish within major South African catchments. Water SA 42 (2), 213e224.",0.730204,NA,NA,isobank,FALSE,,SRM987,0.710213,MC-ICP-MS,bulk water,6.7e-5,,,,river or stream,other,,,Victor Wepener,Victor.Wepener@nwu.ac.za,,,,,0.093,NA,4e-5,unknown,unknown,http://dx.doi.org/10.4314/wsa.v42i2.05,DOI,LIT,ARDUOUS-12571,ARDUOUS-12571,ARDUOUS-12571,NA,NA,NA,NA,NA,NA,NA,NA,NA,NA
,water,inorganic-organic composite : water : water solute,field,Rust de Winter,-25.33,28.52,,"Jordaan, L.J., Wepener, V., Huizenga, J.M., 2016. The strontium isotope distribution in water and fish within major South African catchments. Water SA 42 (2), 213e224.",0.746904,NA,NA,isobank,FALSE,,SRM987,0.710213,MC-ICP-MS,bulk water,6.7e-5,,,,river or stream,other,,,Victor Wepener,Victor.Wepener@nwu.ac.za,,,,,0.0957,NA,1.7e-5,unknown,unknown,http://dx.doi.org/10.4314/wsa.v42i2.05,DOI,LIT,ARDUOUS-12572,ARDUOUS-12572,ARDUOUS-12572,NA,NA,NA,NA,NA,NA,NA,NA,NA,NA
,water,inorganic-organic composite : water : water solute,field,Rietvlei,-25.88,28.29,,"Jordaan, L.J., Wepener, V., Huizenga, J.M., 2016. The strontium isotope distribution in water and fish within major South African catchments. Water SA 42 (2), 213e224.",0.72402,NA,NA,isobank,FALSE,,SRM987,0.710213,MC-ICP-MS,bulk water,6.7e-5,,,,river or stream,other,,,Victor Wepener,Victor.Wepener@nwu.ac.za,,,,,0.0994,NA,6.3e-5,unknown,unknown,http://dx.doi.org/10.4314/wsa.v42i2.05,DOI,LIT,ARDUOUS-12573,ARDUOUS-12573,ARDUOUS-12573,NA,NA,NA,NA,NA,NA,NA,NA,NA,NA
UCT 2801,bulk solid,organism : animal : animal tissue : bone,field,"Voelvlei, Tulbagh",-33.37,19.03,Macroscelididae,"Lehmann S.B., et al. Environmental and Ecological Implications of Strontium Isotope Ratios in Mid-Pleistocene Fossil Teeth from Elandsfontein, South Africa. Palaeogeography, Palaeoclimatology, Palaeoecology, vol. 490, 2018, pp. 84-94",0.71794,NA,NA,isobank,FALSE,,SRM987,0.710255,MC-ICP-MS,bulk solid,3.1e-5,,,,,other,,,Lehmann S.B.,slehmann@pitt.edu,,order,,,NA,NA,1.5e-5,unknown,unknown,https://doi.org/10.1016/j.palaeo.2017.10.008,DOI,LIT,UCT 2801,ARDUOUS-15437,UCT 2801,NA,NA,NA,NA,NA,NA,NA,NA,NA,NA
,bulk solid,organism : animal : animal tissue : bone,field,De Hoop Nature Reserve,-34.44,20.66,Artiodactyla,"Radloff, F. G. T., Mucina, L., Bond, W. J., & Le Roux, P. J. (2010). Strontium isotope analyses of large herbivore habitat use in the Cape Fynbos region of South Africa. Oecologia, 164(2), 567-578.",0.70957,NA,NA,isobank,FALSE,,SRM987,0.710267,MC-ICP-MS,bulk solid,2e-5,,,,,other,,,F. Radloff,rad@sun.ac.za,,order,,,NA,NA,5e-6,unknown,unknown,https://doi.org/10.1007/s00442-010-1731-0,DOI,LIT,ARDUOUS-19058,ARDUOUS-19058,ARDUOUS-19058,NA,NA,NA,NA,NA,NA,NA,NA,NA,NA
,bulk solid,organism : animal : animal tissue : tooth : enamel,field,De Hoop Nature Reserve,-34.44,20.46,Rodentia,"Radloff, F. G. T., Mucina, L., Bond, W. J., & Le Roux, P. J. (2010). Strontium isotope analyses of large herbivore habitat use in the Cape Fynbos region of South Africa. Oecologia, 164(2), 567-578.",0.70923,NA,NA,isobank,FALSE,,SRM987,0.710267,MC-ICP-MS,bulk solid,2e-5,,,,,other,,,F. Radloff,rad@sun.ac.za,,order,,,NA,NA,5e-6,unknown,unknown,https://doi.org/10.1007/s00442-010-1731-0,DOI,LIT,ARDUOUS-19059,ARDUOUS-19059,ARDUOUS-19059,NA,NA,NA,NA,NA,NA,NA,NA,NA,NA
,bulk solid,organism : animal : animal tissue : tooth : enamel,field,De Hoop Nature Reserve,-34.42,20.57,Rodentia,"Radloff, F. G. T., Mucina, L., Bond, W. J., & Le Roux, P. J. (2010). Strontium isotope analyses of large herbivore habitat use in the Cape Fynbos region of South Africa. Oecologia, 164(2), 567-578.",0.70926,NA,NA,isobank,FALSE,,SRM987,0.710267,MC-ICP-MS,bulk solid,2e-5,,,,,other,,,F. Radloff,rad@sun.ac.za,,order,,,NA,NA,5e-6,unknown,unknown,https://doi.org/10.1007/s00442-010-1731-0,DOI,LIT,ARDUOUS-19060,ARDUOUS-19060,ARDUOUS-19060,NA,NA,NA,NA,NA,NA,NA,NA,NA,NA
,bulk solid,organism : animal : animal tissue : tooth : enamel,field,De Hoop Nature Reserve,-34.42,20.57,Rodentia,"Radloff, F. G. T., Mucina, L., Bond, W. J., & Le Roux, P. J. (2010). Strontium isotope analyses of large herbivore habitat use in the Cape Fynbos region of South Africa. Oecologia, 164(2), 567-578.",0.70926,NA,NA,isobank,FALSE,,SRM987,0.710267,MC-ICP-MS,bulk solid,2e-5,,,,,other,,,F. Radloff,rad@sun.ac.za,,order,,,NA,NA,5e-6,unknown,unknown,https://doi.org/10.1007/s00442-010-1731-0,DOI,LIT,ARDUOUS-19061,ARDUOUS-19061,ARDUOUS-19061,NA,NA,NA,NA,NA,NA,NA,NA,NA,NA
,bulk solid,organism : animal : animal tissue : tooth : enamel,field,De Hoop Nature Reserve,-34.42,20.49,Rodentia,"Radloff, F. G. T., Mucina, L., Bond, W. J., & Le Roux, P. J. (2010). Strontium isotope analyses of large herbivore habitat use in the Cape Fynbos region of South Africa. Oecologia, 164(2), 567-578.",0.70926,NA,NA,isobank,FALSE,,SRM987,0.710267,MC-ICP-MS,bulk solid,2e-5,,,,,other,,,F. Radloff,rad@sun.ac.za,,order,,,NA,NA,5e-6,unknown,unknown,https://doi.org/10.1007/s00442-010-1731-0,DOI,LIT,ARDUOUS-19062,ARDUOUS-19062,ARDUOUS-19062,NA,NA,NA,NA,NA,NA,NA,NA,NA,NA
,bulk solid,organism : animal : animal tissue : tooth : enamel,field,De Hoop Nature Reserve,-34.42,20.6,Rodentia,"Radloff, F. G. T., Mucina, L., Bond, W. J., & Le Roux, P. J. (2010). Strontium isotope analyses of large herbivore habitat use in the Cape Fynbos region of South Africa. Oecologia, 164(2), 567-578.",0.70928,NA,NA,isobank,FALSE,,SRM987,0.710267,MC-ICP-MS,bulk solid,2e-5,,,,,other,,,F. Radloff,rad@sun.ac.za,,order,,,NA,NA,5e-6,unknown,unknown,https://doi.org/10.1007/s00442-010-1731-0,DOI,LIT,ARDUOUS-19063,ARDUOUS-19063,ARDUOUS-19063,NA,NA,NA,NA,NA,NA,NA,NA,NA,NA
,bulk solid,organism : animal : animal tissue : tooth : enamel,field,De Hoop Nature Reserve,-34.42,20.45,Rodentia,"Radloff, F. G. T., Mucina, L., Bond, W. J., & Le Roux, P. J. (2010). Strontium isotope analyses of large herbivore habitat use in the Cape Fynbos region of South Africa. Oecologia, 164(2), 567-578.",0.7093,NA,NA,isobank,FALSE,,SRM987,0.710267,MC-ICP-MS,bulk solid,2e-5,,,,,other,,,F. Radloff,rad@sun.ac.za,,order,,,NA,NA,5e-6,unknown,unknown,https://doi.org/10.1007/s00442-010-1731-0,DOI,LIT,ARDUOUS-19064,ARDUOUS-19064,ARDUOUS-19064,NA,NA,NA,NA,NA,NA,NA,NA,NA,NA
,bulk solid,organism : animal : animal tissue : tooth : enamel,field,De Hoop Nature Reserve,-34.43,20.47,Rodentia,"Radloff, F. G. T., Mucina, L., Bond, W. J., & Le Roux, P. J. (2010). Strontium isotope analyses of large herbivore habitat use in the Cape Fynbos region of South Africa. Oecologia, 164(2), 567-578.",0.70937,NA,NA,isobank,FALSE,,SRM987,0.710267,MC-ICP-MS,bulk solid,2e-5,,,,,other,,,F. Radloff,rad@sun.ac.za,,order,,,NA,NA,5e-6,unknown,unknown,https://doi.org/10.1007/s00442-010-1731-0,DOI,LIT,ARDUOUS-19065,ARDUOUS-19065,ARDUOUS-19065,NA,NA,NA,NA,NA,NA,NA,NA,NA,NA
,bulk solid,organism : animal : animal tissue : tooth : enamel,field,De Hoop Nature Reserve,-34.39,20.54,Rodentia,"Radloff, F. G. T., Mucina, L., Bond, W. J., & Le Roux, P. J. (2010). Strontium isotope analyses of large herbivore habitat use in the Cape Fynbos region of South Africa. Oecologia, 164(2), 567-578.",0.70982,NA,NA,isobank,FALSE,,SRM987,0.710267,MC-ICP-MS,bulk solid,2e-5,,,,,other,,,F. Radloff,rad@sun.ac.za,,order,,,NA,NA,5e-6,unknown,unknown,https://doi.org/10.1007/s00442-010-1731-0,DOI,LIT,ARDUOUS-19066,ARDUOUS-19066,ARDUOUS-19066,NA,NA,NA,NA,NA,NA,NA,NA,NA,NA
,bulk solid,organism : animal : animal tissue : tooth : enamel,field,De Hoop Nature Reserve,-34.39,20.52,Rodentia,"Radloff, F. G. T., Mucina, L., Bond, W. J., & Le Roux, P. J. (2010). Strontium isotope analyses of large herbivore habitat use in the Cape Fynbos region of South Africa. Oecologia, 164(2), 567-578.",0.70992,NA,NA,isobank,FALSE,,SRM987,0.710267,MC-ICP-MS,bulk solid,2e-5,,,,,other,,,F. Radloff,rad@sun.ac.za,,order,,,NA,NA,5e-6,unknown,unknown,https://doi.org/10.1007/s00442-010-1731-0,DOI,LIT,ARDUOUS-19067,ARDUOUS-19067,ARDUOUS-19067,NA,NA,NA,NA,NA,NA,NA,NA,NA,NA
,bulk solid,organism : animal : animal tissue : tooth : enamel,field,De Hoop Nature Reserve,-34.4,20.61,Rodentia,"Radloff, F. G. T., Mucina, L., Bond, W. J., & Le Roux, P. J. (2010). Strontium isotope analyses of large herbivore habitat use in the Cape Fynbos region of South Africa. Oecologia, 164(2), 567-578.",0.70994,NA,NA,isobank,FALSE,,SRM987,0.710267,MC-ICP-MS,bulk solid,2e-5,,,,,other,,,F. Radloff,rad@sun.ac.za,,order,,,NA,NA,5e-6,unknown,unknown,https://doi.org/10.1007/s00442-010-1731-0,DOI,LIT,ARDUOUS-19068,ARDUOUS-19068,ARDUOUS-19068,NA,NA,NA,NA,NA,NA,NA,NA,NA,NA
,bulk solid,organism : animal : animal tissue : tooth : enamel,field,De Hoop Nature Reserve,-34.39,20.54,Rodentia,"Radloff, F. G. T., Mucina, L., Bond, W. J., & Le Roux, P. J. (2010). Strontium isotope analyses of large herbivore habitat use in the Cape Fynbos region of South Africa. Oecologia, 164(2), 567-578.",0.70996,NA,NA,isobank,FALSE,,SRM987,0.710267,MC-ICP-MS,bulk solid,2e-5,,,,,other,,,F. Radloff,rad@sun.ac.za,,order,,,NA,NA,5e-6,unknown,unknown,https://doi.org/10.1007/s00442-010-1731-0,DOI,LIT,ARDUOUS-19069,ARDUOUS-19069,ARDUOUS-19069,NA,NA,NA,NA,NA,NA,NA,NA,NA,NA
,bulk solid,organism : animal : animal tissue : tooth : enamel,field,De Hoop Nature Reserve,-34.39,20.54,Rodentia,"Radloff, F. G. T., Mucina, L., Bond, W. J., & Le Roux, P. J. (2010). Strontium isotope analyses of large herbivore habitat use in the Cape Fynbos region of South Africa. Oecologia, 164(2), 567-578.",0.70999,NA,NA,isobank,FALSE,,SRM987,0.710267,MC-ICP-MS,bulk solid,2e-5,,,,,other,,,F. Radloff,rad@sun.ac.za,,order,,,NA,NA,5e-6,unknown,unknown,https://doi.org/10.1007/s00442-010-1731-0,DOI,LIT,ARDUOUS-19070,ARDUOUS-19070,ARDUOUS-19070,NA,NA,NA,NA,NA,NA,NA,NA,NA,NA
,bulk solid,organism : animal : animal tissue : tooth : enamel,field,De Hoop Nature Reserve,-34.39,20.54,Rodentia,"Radloff, F. G. T., Mucina, L., Bond, W. J., & Le Roux, P. J. (2010). Strontium isotope analyses of large herbivore habitat use in the Cape Fynbos region of South Africa. Oecologia, 164(2), 567-578.",0.71001,NA,NA,isobank,FALSE,,SRM987,0.710267,MC-ICP-MS,bulk solid,2e-5,,,,,other,,,F. Radloff,rad@sun.ac.za,,order,,,NA,NA,5e-6,unknown,unknown,https://doi.org/10.1007/s00442-010-1731-0,DOI,LIT,ARDUOUS-19071,ARDUOUS-19071,ARDUOUS-19071,NA,NA,NA,NA,NA,NA,NA,NA,NA,NA
,bulk solid,organism : animal : animal tissue : tooth : enamel,field,De Hoop Nature Reserve,-34.39,20.5,Rodentia,"Radloff, F. G. T., Mucina, L., Bond, W. J., & Le Roux, P. J. (2010). Strontium isotope analyses of large herbivore habitat use in the Cape Fynbos region of South Africa. Oecologia, 164(2), 567-578.",0.71013,NA,NA,isobank,FALSE,,SRM987,0.710267,MC-ICP-MS,bulk solid,2e-5,,,,,other,,,F. Radloff,rad@sun.ac.za,,order,,,NA,NA,5e-6,unknown,unknown,https://doi.org/10.1007/s00442-010-1731-0,DOI,LIT,ARDUOUS-19072,ARDUOUS-19072,ARDUOUS-19072,NA,NA,NA,NA,NA,NA,NA,NA,NA,NA
,bulk solid,organism : animal : animal tissue : bone,field,De Hoop Nature Reserve,-34.44,20.46,Artiodactyla,"Radloff, F. G. T., Mucina, L., Bond, W. J., & Le Roux, P. J. (2010). Strontium isotope analyses of large herbivore habitat use in the Cape Fynbos region of South Africa. Oecologia, 164(2), 567-578.",0.71104,NA,NA,isobank,FALSE,,SRM987,0.710267,MC-ICP-MS,bulk solid,2e-5,,,,,other,,,F. Radloff,rad@sun.ac.za,,order,,,NA,NA,1e-5,unknown,unknown,https://doi.org/10.1007/s00442-010-1731-0,DOI,LIT,ARDUOUS-19073,ARDUOUS-19073,ARDUOUS-19073,NA,NA,NA,NA,NA,NA,NA,NA,NA,NA
,bulk solid,organism : animal : animal tissue : tooth : enamel,field,De Hoop Nature Reserve,-34.44,20.46,Rodentia,"Radloff, F. G. T., Mucina, L., Bond, W. J., & Le Roux, P. J. (2010). Strontium isotope analyses of large herbivore habitat use in the Cape Fynbos region of South Africa. Oecologia, 164(2), 567-578.",0.70919,NA,NA,isobank,FALSE,,SRM987,0.710267,MC-ICP-MS,bulk solid,2e-5,,,,,other,,,F. Radloff,rad@sun.ac.za,,order,,,NA,NA,1e-5,unknown,unknown,https://doi.org/10.1007/s00442-010-1731-0,DOI,LIT,ARDUOUS-19074,ARDUOUS-19074,ARDUOUS-19074,NA,NA,NA,NA,NA,NA,NA,NA,NA,NA
,bulk solid,organism : animal : animal tissue : tooth : enamel,field,De Hoop Nature Reserve,-34.44,20.46,Rodentia,"Radloff, F. G. T., Mucina, L., Bond, W. J., & Le Roux, P. J. (2010). Strontium isotope analyses of large herbivore habitat use in the Cape Fynbos region of South Africa. Oecologia, 164(2), 567-578.",0.70935,NA,NA,isobank,FALSE,,SRM987,0.710267,MC-ICP-MS,bulk solid,2e-5,,,,,other,,,F. Radloff,rad@sun.ac.za,,order,,,NA,NA,1e-5,unknown,unknown,https://doi.org/10.1007/s00442-010-1731-0,DOI,LIT,ARDUOUS-19075,ARDUOUS-19075,ARDUOUS-19075,NA,NA,NA,NA,NA,NA,NA,NA,NA,NA
,bulk solid,organism : animal : animal tissue : tooth : enamel,field,De Hoop Nature Reserve,-34.39,20.52,Rodentia,"Radloff, F. G. T., Mucina, L., Bond, W. J., & Le Roux, P. J. (2010). Strontium isotope analyses of large herbivore habitat use in the Cape Fynbos region of South Africa. Oecologia, 164(2), 567-578.",0.7099,NA,NA,isobank,FALSE,,SRM987,0.710267,MC-ICP-MS,bulk solid,2e-5,,,,,other,,,F. Radloff,rad@sun.ac.za,,order,,,NA,NA,1e-5,unknown,unknown,https://doi.org/10.1007/s00442-010-1731-0,DOI,LIT,ARDUOUS-19076,ARDUOUS-19076,ARDUOUS-19076,NA,NA,NA,NA,NA,NA,NA,NA,NA,NA
,bulk solid,organism : animal : animal tissue : bone,field,De Hoop Nature Reserve,-34.44,20.46,Artiodactyla,"Radloff, F. G. T., Mucina, L., Bond, W. J., & Le Roux, P. J. (2010). Strontium isotope analyses of large herbivore habitat use in the Cape Fynbos region of South Africa. Oecologia, 164(2), 567-578.",0.70923,NA,NA,isobank,FALSE,,SRM987,0.710267,MC-ICP-MS,bulk solid,2e-5,,,,,other,,,F. Radloff,rad@sun.ac.za,,order,,,NA,NA,1.5e-5,unknown,unknown,https://doi.org/10.1007/s00442-010-1731-0,DOI,LIT,ARDUOUS-19077,ARDUOUS-19077,ARDUOUS-19077,NA,NA,NA,NA,NA,NA,NA,NA,NA,NA
,bulk solid,organism : animal : animal tissue : bone,field,De Hoop Nature Reserve,-34.44,20.46,Struthioniformes,"Radloff, F. G. T., Mucina, L., Bond, W. J., & Le Roux, P. J. (2010). Strontium isotope analyses of large herbivore habitat use in the Cape Fynbos region of South Africa. Oecologia, 164(2), 567-578.",0.70926,NA,NA,isobank,FALSE,,SRM987,0.710267,MC-ICP-MS,bulk solid,2e-5,,,,,other,,,F. Radloff,rad@sun.ac.za,,order,,,NA,NA,1.5e-5,unknown,unknown,https://doi.org/10.1007/s00442-010-1731-0,DOI,LIT,ARDUOUS-19078,ARDUOUS-19078,ARDUOUS-19078,NA,NA,NA,NA,NA,NA,NA,NA,NA,NA
,bulk solid,organism : animal : animal tissue : bone,field,De Hoop Nature Reserve,-34.39,20.52,Artiodactyla,"Radloff, F. G. T., Mucina, L., Bond, W. J., & Le Roux, P. J. (2010). Strontium isotope analyses of large herbivore habitat use in the Cape Fynbos region of South Africa. Oecologia, 164(2), 567-578.",0.70961,NA,NA,isobank,FALSE,,SRM987,0.710267,MC-ICP-MS,bulk solid,2e-5,,,,,other,,,F. Radloff,rad@sun.ac.za,,order,,,NA,NA,1.5e-5,unknown,unknown,https://doi.org/10.1007/s00442-010-1731-0,DOI,LIT,ARDUOUS-19079,ARDUOUS-19079,ARDUOUS-19079,NA,NA,NA,NA,NA,NA,NA,NA,NA,NA
,bulk solid,organism : animal : animal tissue : bone,field,De Hoop Nature Reserve,-34.39,20.52,Artiodactyla,"Radloff, F. G. T., Mucina, L., Bond, W. J., & Le Roux, P. J. (2010). Strontium isotope analyses of large herbivore habitat use in the Cape Fynbos region of South Africa. Oecologia, 164(2), 567-578.",0.70981,NA,NA,isobank,FALSE,,SRM987,0.710267,MC-ICP-MS,bulk solid,2e-5,,,,,other,,,F. Radloff,rad@sun.ac.za,,order,,,NA,NA,1.5e-5,unknown,unknown,https://doi.org/10.1007/s00442-010-1731-0,DOI,LIT,ARDUOUS-19080,ARDUOUS-19080,ARDUOUS-19080,NA,NA,NA,NA,NA,NA,NA,NA,NA,NA
,bulk solid,organism : animal : animal tissue : bone,field,De Hoop Nature Reserve,-34.44,20.46,Perissodactyla,"Radloff, F. G. T., Mucina, L., Bond, W. J., & Le Roux, P. J. (2010). Strontium isotope analyses of large herbivore habitat use in the Cape Fynbos region of South Africa. Oecologia, 164(2), 567-578.",0.70997,NA,NA,isobank,FALSE,,SRM987,0.710267,MC-ICP-MS,bulk solid,2e-5,,,,,other,,,F. Radloff,rad@sun.ac.za,,order,,,NA,NA,1.5e-5,unknown,unknown,https://doi.org/10.1007/s00442-010-1731-0,DOI,LIT,ARDUOUS-19081,ARDUOUS-19081,ARDUOUS-19081,NA,NA,NA,NA,NA,NA,NA,NA,NA,NA
,bulk solid,organism : animal : animal tissue : tooth : enamel,field,De Hoop Nature Reserve,-34.45,20.49,Rodentia,"Radloff, F. G. T., Mucina, L., Bond, W. J., & Le Roux, P. J. (2010). Strontium isotope analyses of large herbivore habitat use in the Cape Fynbos region of South Africa. Oecologia, 164(2), 567-578.",0.70919,NA,NA,isobank,FALSE,,SRM987,0.710267,MC-ICP-MS,bulk solid,2e-5,,,,,other,,,F. Radloff,rad@sun.ac.za,,order,,,NA,NA,1.5e-5,unknown,unknown,https://doi.org/10.1007/s00442-010-1731-0,DOI,LIT,ARDUOUS-19082,ARDUOUS-19082,ARDUOUS-19082,NA,NA,NA,NA,NA,NA,NA,NA,NA,NA
,bulk solid,organism : animal : animal tissue : tooth : enamel,field,De Hoop Nature Reserve,-34.41,20.61,Rodentia,"Radloff, F. G. T., Mucina, L., Bond, W. J., & Le Roux, P. J. (2010). Strontium isotope analyses of large herbivore habitat use in the Cape Fynbos region of South Africa. Oecologia, 164(2), 567-578.",0.70941,NA,NA,isobank,FALSE,,SRM987,0.710267,MC-ICP-MS,bulk solid,2e-5,,,,,other,,,F. Radloff,rad@sun.ac.za,,order,,,NA,NA,1.5e-5,unknown,unknown,https://doi.org/10.1007/s00442-010-1731-0,DOI,LIT,ARDUOUS-19083,ARDUOUS-19083,ARDUOUS-19083,NA,NA,NA,NA,NA,NA,NA,NA,NA,NA
,bulk solid,organism : animal : animal tissue : bone,field,De Hoop Nature Reserve,-34.44,20.46,Artiodactyla,"Radloff, F. G. T., Mucina, L., Bond, W. J., & Le Roux, P. J. (2010). Strontium isotope analyses of large herbivore habitat use in the Cape Fynbos region of South Africa. Oecologia, 164(2), 567-578.",0.70924,NA,NA,isobank,FALSE,,SRM987,0.710267,MC-ICP-MS,bulk solid,2e-5,,,,,other,,,F. Radloff,rad@sun.ac.za,,order,,,NA,NA,2e-5,unknown,unknown,https://doi.org/10.1007/s00442-010-1731-0,DOI,LIT,ARDUOUS-19084,ARDUOUS-19084,ARDUOUS-19084,NA,NA,NA,NA,NA,NA,NA,NA,NA,NA
,bulk solid,organism : animal : animal tissue : bone,field,De Hoop Nature Reserve,-34.44,20.46,Artiodactyla,"Radloff, F. G. T., Mucina, L., Bond, W. J., & Le Roux, P. J. (2010). Strontium isotope analyses of large herbivore habitat use in the Cape Fynbos region of South Africa. Oecologia, 164(2), 567-578.",0.7093,NA,NA,isobank,FALSE,,SRM987,0.710267,MC-ICP-MS,bulk solid,2e-5,,,,,other,,,F. Radloff,rad@sun.ac.za,,order,,,NA,NA,2e-5,unknown,unknown,https://doi.org/10.1007/s00442-010-1731-0,DOI,LIT,ARDUOUS-19085,ARDUOUS-19085,ARDUOUS-19085,NA,NA,NA,NA,NA,NA,NA,NA,NA,NA
,bulk solid,organism : animal : animal tissue : bone,field,De Hoop Nature Reserve,-34.44,20.46,Artiodactyla,"Radloff, F. G. T., Mucina, L., Bond, W. J., & Le Roux, P. J. (2010). Strontium isotope analyses of large herbivore habitat use in the Cape Fynbos region of South Africa. Oecologia, 164(2), 567-578.",0.70932,NA,NA,isobank,FALSE,,SRM987,0.710267,MC-ICP-MS,bulk solid,2e-5,,,,,other,,,F. Radloff,rad@sun.ac.za,,order,,,NA,NA,2e-5,unknown,unknown,https://doi.org/10.1007/s00442-010-1731-0,DOI,LIT,ARDUOUS-19086,ARDUOUS-19086,ARDUOUS-19086,NA,NA,NA,NA,NA,NA,NA,NA,NA,NA
,bulk solid,organism : animal : animal tissue : bone,field,De Hoop Nature Reserve,-34.44,20.46,Artiodactyla,"Radloff, F. G. T., Mucina, L., Bond, W. J., & Le Roux, P. J. (2010). Strontium isotope analyses of large herbivore habitat use in the Cape Fynbos region of South Africa. Oecologia, 164(2), 567-578.",0.70938,NA,NA,isobank,FALSE,,SRM987,0.710267,MC-ICP-MS,bulk solid,2e-5,,,,,other,,,F. Radloff,rad@sun.ac.za,,order,,,NA,NA,2e-5,unknown,unknown,https://doi.org/10.1007/s00442-010-1731-0,DOI,LIT,ARDUOUS-19087,ARDUOUS-19087,ARDUOUS-19087,NA,NA,NA,NA,NA,NA,NA,NA,NA,NA
,bulk solid,organism : animal : animal tissue : bone,field,De Hoop Nature Reserve,-34.44,20.46,Artiodactyla,"Radloff, F. G. T., Mucina, L., Bond, W. J., & Le Roux, P. J. (2010). Strontium isotope analyses of large herbivore habitat use in the Cape Fynbos region of South Africa. Oecologia, 164(2), 567-578.",0.70942,NA,NA,isobank,FALSE,,SRM987,0.710267,MC-ICP-MS,bulk solid,2e-5,,,,,other,,,F. Radloff,rad@sun.ac.za,,order,,,NA,NA,2e-5,unknown,unknown,https://doi.org/10.1007/s00442-010-1731-0,DOI,LIT,ARDUOUS-19088,ARDUOUS-19088,ARDUOUS-19088,NA,NA,NA,NA,NA,NA,NA,NA,NA,NA
,bulk solid,organism : animal : animal tissue : bone,field,De Hoop Nature Reserve,-34.39,20.52,Artiodactyla,"Radloff, F. G. T., Mucina, L., Bond, W. J., & Le Roux, P. J. (2010). Strontium isotope analyses of large herbivore habitat use in the Cape Fynbos region of South Africa. Oecologia, 164(2), 567-578.",0.7095,NA,NA,isobank,FALSE,,SRM987,0.710267,MC-ICP-MS,bulk solid,2e-5,,,,,other,,,F. Radloff,rad@sun.ac.za,,order,,,NA,NA,2e-5,unknown,unknown,https://doi.org/10.1007/s00442-010-1731-0,DOI,LIT,ARDUOUS-19089,ARDUOUS-19089,ARDUOUS-19089,NA,NA,NA,NA,NA,NA,NA,NA,NA,NA
,bulk solid,organism : animal : animal tissue : bone,field,De Hoop Nature Reserve,-34.44,20.46,Artiodactyla,"Radloff, F. G. T., Mucina, L., Bond, W. J., & Le Roux, P. J. (2010). Strontium isotope analyses of large herbivore habitat use in the Cape Fynbos region of South Africa. Oecologia, 164(2), 567-578.",0.70978,NA,NA,isobank,FALSE,,SRM987,0.710267,MC-ICP-MS,bulk solid,2e-5,,,,,other,,,F. Radloff,rad@sun.ac.za,,order,,,NA,NA,2e-5,unknown,unknown,https://doi.org/10.1007/s00442-010-1731-0,DOI,LIT,ARDUOUS-19090,ARDUOUS-19090,ARDUOUS-19090,NA,NA,NA,NA,NA,NA,NA,NA,NA,NA
,bulk solid,organism : animal : animal tissue : bone,field,De Hoop Nature Reserve,-34.44,20.46,Perissodactyla,"Radloff, F. G. T., Mucina, L., Bond, W. J., & Le Roux, P. J. (2010). Strontium isotope analyses of large herbivore habitat use in the Cape Fynbos region of South Africa. Oecologia, 164(2), 567-578.",0.70988,NA,NA,isobank,FALSE,,SRM987,0.710267,MC-ICP-MS,bulk solid,2e-5,,,,,other,,,F. Radloff,rad@sun.ac.za,,order,,,NA,NA,2e-5,unknown,unknown,https://doi.org/10.1007/s00442-010-1731-0,DOI,LIT,ARDUOUS-19091,ARDUOUS-19091,ARDUOUS-19091,NA,NA,NA,NA,NA,NA,NA,NA,NA,NA
,bulk solid,organism : animal : animal tissue : bone,field,De Hoop Nature Reserve,-34.39,20.52,Artiodactyla,"Radloff, F. G. T., Mucina, L., Bond, W. J., & Le Roux, P. J. (2010). Strontium isotope analyses of large herbivore habitat use in the Cape Fynbos region of South Africa. Oecologia, 164(2), 567-578.",0.70992,NA,NA,isobank,FALSE,,SRM987,0.710267,MC-ICP-MS,bulk solid,2e-5,,,,,other,,,F. Radloff,rad@sun.ac.za,,order,,,NA,NA,2e-5,unknown,unknown,https://doi.org/10.1007/s00442-010-1731-0,DOI,LIT,ARDUOUS-19092,ARDUOUS-19092,ARDUOUS-19092,NA,NA,NA,NA,NA,NA,NA,NA,NA,NA
,bulk solid,organism : animal : animal tissue : bone,field,De Hoop Nature Reserve,-34.44,20.46,Perissodactyla,"Radloff, F. G. T., Mucina, L., Bond, W. J., & Le Roux, P. J. (2010). Strontium isotope analyses of large herbivore habitat use in the Cape Fynbos region of South Africa. Oecologia, 164(2), 567-578.",0.70992,NA,NA,isobank,FALSE,,SRM987,0.710267,MC-ICP-MS,bulk solid,2e-5,,,,,other,,,F. Radloff,rad@sun.ac.za,,order,,,NA,NA,2e-5,unknown,unknown,https://doi.org/10.1007/s00442-010-1731-0,DOI,LIT,ARDUOUS-19093,ARDUOUS-19093,ARDUOUS-19093,NA,NA,NA,NA,NA,NA,NA,NA,NA,NA
,bulk solid,organism : animal : animal tissue : bone,field,De Hoop Nature Reserve,-34.39,20.52,Artiodactyla,"Radloff, F. G. T., Mucina, L., Bond, W. J., & Le Roux, P. J. (2010). Strontium isotope analyses of large herbivore habitat use in the Cape Fynbos region of South Africa. Oecologia, 164(2), 567-578.",0.70993,NA,NA,isobank,FALSE,,SRM987,0.710267,MC-ICP-MS,bulk solid,2e-5,,,,,other,,,F. Radloff,rad@sun.ac.za,,order,,,NA,NA,2e-5,unknown,unknown,https://doi.org/10.1007/s00442-010-1731-0,DOI,LIT,ARDUOUS-19094,ARDUOUS-19094,ARDUOUS-19094,NA,NA,NA,NA,NA,NA,NA,NA,NA,NA
,bulk solid,organism : animal : animal tissue : bone,field,De Hoop Nature Reserve,-34.39,20.52,Artiodactyla,"Radloff, F. G. T., Mucina, L., Bond, W. J., & Le Roux, P. J. (2010). Strontium isotope analyses of large herbivore habitat use in the Cape Fynbos region of South Africa. Oecologia, 164(2), 567-578.",0.70997,NA,NA,isobank,FALSE,,SRM987,0.710267,MC-ICP-MS,bulk solid,2e-5,,,,,other,,,F. Radloff,rad@sun.ac.za,,order,,,NA,NA,2e-5,unknown,unknown,https://doi.org/10.1007/s00442-010-1731-0,DOI,LIT,ARDUOUS-19095,ARDUOUS-19095,ARDUOUS-19095,NA,NA,NA,NA,NA,NA,NA,NA,NA,NA
,bulk solid,organism : animal : animal tissue : bone,field,De Hoop Nature Reserve,-34.39,20.52,Artiodactyla,"Radloff, F. G. T., Mucina, L., Bond, W. J., & Le Roux, P. J. (2010). Strontium isotope analyses of large herbivore habitat use in the Cape Fynbos region of South Africa. Oecologia, 164(2), 567-578.",0.71011,NA,NA,isobank,FALSE,,SRM987,0.710267,MC-ICP-MS,bulk solid,2e-5,,,,,other,,,F. Radloff,rad@sun.ac.za,,order,,,NA,NA,2e-5,unknown,unknown,https://doi.org/10.1007/s00442-010-1731-0,DOI,LIT,ARDUOUS-19096,ARDUOUS-19096,ARDUOUS-19096,NA,NA,NA,NA,NA,NA,NA,NA,NA,NA
,bulk solid,organism : animal : animal tissue : tooth : enamel,field,De Hoop Nature Reserve,-34.45,20.49,Rodentia,"Radloff, F. G. T., Mucina, L., Bond, W. J., & Le Roux, P. J. (2010). Strontium isotope analyses of large herbivore habitat use in the Cape Fynbos region of South Africa. Oecologia, 164(2), 567-578.",0.70927,NA,NA,isobank,FALSE,,SRM987,0.710267,MC-ICP-MS,bulk solid,2e-5,,,,,other,,,F. Radloff,rad@sun.ac.za,,order,,,NA,NA,2e-5,unknown,unknown,https://doi.org/10.1007/s00442-010-1731-0,DOI,LIT,ARDUOUS-19097,ARDUOUS-19097,ARDUOUS-19097,NA,NA,NA,NA,NA,NA,NA,NA,NA,NA
,bulk solid,organism : animal : animal tissue : tooth : enamel,field,De Hoop Nature Reserve,-34.45,20.56,Rodentia,"Radloff, F. G. T., Mucina, L., Bond, W. J., & Le Roux, P. J. (2010). Strontium isotope analyses of large herbivore habitat use in the Cape Fynbos region of South Africa. Oecologia, 164(2), 567-578.",0.7093,NA,NA,isobank,FALSE,,SRM987,0.710267,MC-ICP-MS,bulk solid,2e-5,,,,,other,,,F. Radloff,rad@sun.ac.za,,order,,,NA,NA,2e-5,unknown,unknown,https://doi.org/10.1007/s00442-010-1731-0,DOI,LIT,ARDUOUS-19098,ARDUOUS-19098,ARDUOUS-19098,NA,NA,NA,NA,NA,NA,NA,NA,NA,NA
,bulk solid,organism : animal : animal tissue : tooth : enamel,field,De Hoop Nature Reserve,-34.44,20.66,Rodentia,"Radloff, F. G. T., Mucina, L., Bond, W. J., & Le Roux, P. J. (2010). Strontium isotope analyses of large herbivore habitat use in the Cape Fynbos region of South Africa. Oecologia, 164(2), 567-578.",0.70942,NA,NA,isobank,FALSE,,SRM987,0.710267,MC-ICP-MS,bulk solid,2e-5,,,,,other,,,F. Radloff,rad@sun.ac.za,,order,,,NA,NA,2e-5,unknown,unknown,https://doi.org/10.1007/s00442-010-1731-0,DOI,LIT,ARDUOUS-19099,ARDUOUS-19099,ARDUOUS-19099,NA,NA,NA,NA,NA,NA,NA,NA,NA,NA
,bulk solid,organism : animal : animal tissue : tooth : enamel,field,De Hoop Nature Reserve,-34.42,20.49,Rodentia,"Radloff, F. G. T., Mucina, L., Bond, W. J., & Le Roux, P. J. (2010). Strontium isotope analyses of large herbivore habitat use in the Cape Fynbos region of South Africa. Oecologia, 164(2), 567-578.",0.70954,NA,NA,isobank,FALSE,,SRM987,0.710267,MC-ICP-MS,bulk solid,2e-5,,,,,other,,,F. Radloff,rad@sun.ac.za,,order,,,NA,NA,2e-5,unknown,unknown,https://doi.org/10.1007/s00442-010-1731-0,DOI,LIT,ARDUOUS-19100,ARDUOUS-19100,ARDUOUS-19100,NA,NA,NA,NA,NA,NA,NA,NA,NA,NA
,bulk solid,organism : animal : animal tissue : tooth : enamel,field,De Hoop Nature Reserve,-34.44,20.66,Rodentia,"Radloff, F. G. T., Mucina, L., Bond, W. J., & Le Roux, P. J. (2010). Strontium isotope analyses of large herbivore habitat use in the Cape Fynbos region of South Africa. Oecologia, 164(2), 567-578.",0.70955,NA,NA,isobank,FALSE,,SRM987,0.710267,MC-ICP-MS,bulk solid,2e-5,,,,,other,,,F. Radloff,rad@sun.ac.za,,order,,,NA,NA,2e-5,unknown,unknown,https://doi.org/10.1007/s00442-010-1731-0,DOI,LIT,ARDUOUS-19101,ARDUOUS-19101,ARDUOUS-19101,NA,NA,NA,NA,NA,NA,NA,NA,NA,NA
,bulk solid,organism : animal : animal tissue : tooth : enamel,field,De Hoop Nature Reserve,-34.4,20.54,Rodentia,"Radloff, F. G. T., Mucina, L., Bond, W. J., & Le Roux, P. J. (2010). Strontium isotope analyses of large herbivore habitat use in the Cape Fynbos region of South Africa. Oecologia, 164(2), 567-578.",0.70978,NA,NA,isobank,FALSE,,SRM987,0.710267,MC-ICP-MS,bulk solid,2e-5,,,,,other,,,F. Radloff,rad@sun.ac.za,,order,,,NA,NA,2e-5,unknown,unknown,https://doi.org/10.1007/s00442-010-1731-0,DOI,LIT,ARDUOUS-19102,ARDUOUS-19102,ARDUOUS-19102,NA,NA,NA,NA,NA,NA,NA,NA,NA,NA
,bulk solid,organism : animal : animal tissue : tooth : enamel,field,De Hoop Nature Reserve,-34.39,20.52,Rodentia,"Radloff, F. G. T., Mucina, L., Bond, W. J., & Le Roux, P. J. (2010). Strontium isotope analyses of large herbivore habitat use in the Cape Fynbos region of South Africa. Oecologia, 164(2), 567-578.",0.7102,NA,NA,isobank,FALSE,,SRM987,0.710267,MC-ICP-MS,bulk solid,2e-5,,,,,other,,,F. Radloff,rad@sun.ac.za,,order,,,NA,NA,2e-5,unknown,unknown,https://doi.org/10.1007/s00442-010-1731-0,DOI,LIT,ARDUOUS-19103,ARDUOUS-19103,ARDUOUS-19103,NA,NA,NA,NA,NA,NA,NA,NA,NA,NA
,bulk solid,organism : animal : animal tissue : bone,field,De Hoop Nature Reserve,-34.44,20.46,Struthioniformes,"Radloff, F. G. T., Mucina, L., Bond, W. J., & Le Roux, P. J. (2010). Strontium isotope analyses of large herbivore habitat use in the Cape Fynbos region of South Africa. Oecologia, 164(2), 567-578.",0.7092,NA,NA,isobank,FALSE,,SRM987,0.710267,MC-ICP-MS,bulk solid,2e-5,,,,,other,,,F. Radloff,rad@sun.ac.za,,order,,,NA,NA,2.5e-5,unknown,unknown,https://doi.org/10.1007/s00442-010-1731-0,DOI,LIT,ARDUOUS-19104,ARDUOUS-19104,ARDUOUS-19104,NA,NA,NA,NA,NA,NA,NA,NA,NA,NA
,bulk solid,organism : animal : animal tissue : bone,field,De Hoop Nature Reserve,-34.39,20.52,Artiodactyla,"Radloff, F. G. T., Mucina, L., Bond, W. J., & Le Roux, P. J. (2010). Strontium isotope analyses of large herbivore habitat use in the Cape Fynbos region of South Africa. Oecologia, 164(2), 567-578.",0.70929,NA,NA,isobank,FALSE,,SRM987,0.710267,MC-ICP-MS,bulk solid,2e-5,,,,,other,,,F. Radloff,rad@sun.ac.za,,order,,,NA,NA,2.5e-5,unknown,unknown,https://doi.org/10.1007/s00442-010-1731-0,DOI,LIT,ARDUOUS-19105,ARDUOUS-19105,ARDUOUS-19105,NA,NA,NA,NA,NA,NA,NA,NA,NA,NA
,bulk solid,organism : animal : animal tissue : bone,field,De Hoop Nature Reserve,-34.44,20.46,Artiodactyla,"Radloff, F. G. T., Mucina, L., Bond, W. J., & Le Roux, P. J. (2010). Strontium isotope analyses of large herbivore habitat use in the Cape Fynbos region of South Africa. Oecologia, 164(2), 567-578.",0.70939,NA,NA,isobank,FALSE,,SRM987,0.710267,MC-ICP-MS,bulk solid,2e-5,,,,,other,,,F. Radloff,rad@sun.ac.za,,order,,,NA,NA,2.5e-5,unknown,unknown,https://doi.org/10.1007/s00442-010-1731-0,DOI,LIT,ARDUOUS-19106,ARDUOUS-19106,ARDUOUS-19106,NA,NA,NA,NA,NA,NA,NA,NA,NA,NA
,bulk solid,organism : animal : animal tissue : bone,field,De Hoop Nature Reserve,-34.44,20.46,Artiodactyla,"Radloff, F. G. T., Mucina, L., Bond, W. J., & Le Roux, P. J. (2010). Strontium isotope analyses of large herbivore habitat use in the Cape Fynbos region of South Africa. Oecologia, 164(2), 567-578.",0.70957,NA,NA,isobank,FALSE,,SRM987,0.710267,MC-ICP-MS,bulk solid,2e-5,,,,,other,,,F. Radloff,rad@sun.ac.za,,order,,,NA,NA,2.5e-5,unknown,unknown,https://doi.org/10.1007/s00442-010-1731-0,DOI,LIT,ARDUOUS-19107,ARDUOUS-19107,ARDUOUS-19107,NA,NA,NA,NA,NA,NA,NA,NA,NA,NA
,bulk solid,organism : animal : animal tissue : bone,field,De Hoop Nature Reserve,-34.39,20.52,Artiodactyla,"Radloff, F. G. T., Mucina, L., Bond, W. J., & Le Roux, P. J. (2010). Strontium isotope analyses of large herbivore habitat use in the Cape Fynbos region of South Africa. Oecologia, 164(2), 567-578.",0.70994,NA,NA,isobank,FALSE,,SRM987,0.710267,MC-ICP-MS,bulk solid,2e-5,,,,,other,,,F. Radloff,rad@sun.ac.za,,order,,,NA,NA,2.5e-5,unknown,unknown,https://doi.org/10.1007/s00442-010-1731-0,DOI,LIT,ARDUOUS-19108,ARDUOUS-19108,ARDUOUS-19108,NA,NA,NA,NA,NA,NA,NA,NA,NA,NA
,bulk solid,organism : animal : animal tissue : bone,field,De Hoop Nature Reserve,-34.44,20.46,Struthioniformes,"Radloff, F. G. T., Mucina, L., Bond, W. J., & Le Roux, P. J. (2010). Strontium isotope analyses of large herbivore habitat use in the Cape Fynbos region of South Africa. Oecologia, 164(2), 567-578.",0.71047,NA,NA,isobank,FALSE,,SRM987,0.710267,MC-ICP-MS,bulk solid,2e-5,,,,,other,,,F. Radloff,rad@sun.ac.za,,order,,,NA,NA,2.5e-5,unknown,unknown,https://doi.org/10.1007/s00442-010-1731-0,DOI,LIT,ARDUOUS-19109,ARDUOUS-19109,ARDUOUS-19109,NA,NA,NA,NA,NA,NA,NA,NA,NA,NA
,bulk solid,organism : animal : animal tissue : bone,field,De Hoop Nature Reserve,-34.44,20.46,Artiodactyla,"Radloff, F. G. T., Mucina, L., Bond, W. J., & Le Roux, P. J. (2010). Strontium isotope analyses of large herbivore habitat use in the Cape Fynbos region of South Africa. Oecologia, 164(2), 567-578.",0.71165,NA,NA,isobank,FALSE,,SRM987,0.710267,MC-ICP-MS,bulk solid,2e-5,,,,,other,,,F. Radloff,rad@sun.ac.za,,order,,,NA,NA,2.5e-5,unknown,unknown,https://doi.org/10.1007/s00442-010-1731-0,DOI,LIT,ARDUOUS-19110,ARDUOUS-19110,ARDUOUS-19110,NA,NA,NA,NA,NA,NA,NA,NA,NA,NA
,bulk solid,organism : animal : animal tissue : tooth : enamel,field,De Hoop Nature Reserve,-34.44,20.46,Rodentia,"Radloff, F. G. T., Mucina, L., Bond, W. J., & Le Roux, P. J. (2010). Strontium isotope analyses of large herbivore habitat use in the Cape Fynbos region of South Africa. Oecologia, 164(2), 567-578.",0.70921,NA,NA,isobank,FALSE,,SRM987,0.710267,MC-ICP-MS,bulk solid,2e-5,,,,,other,,,F. Radloff,rad@sun.ac.za,,order,,,NA,NA,2.5e-5,unknown,unknown,https://doi.org/10.1007/s00442-010-1731-0,DOI,LIT,ARDUOUS-19111,ARDUOUS-19111,ARDUOUS-19111,NA,NA,NA,NA,NA,NA,NA,NA,NA,NA
,bulk solid,organism : animal : animal tissue : tooth : enamel,field,De Hoop Nature Reserve,-34.45,20.49,Rodentia,"Radloff, F. G. T., Mucina, L., Bond, W. J., & Le Roux, P. J. (2010). Strontium isotope analyses of large herbivore habitat use in the Cape Fynbos region of South Africa. Oecologia, 164(2), 567-578.",0.70927,NA,NA,isobank,FALSE,,SRM987,0.710267,MC-ICP-MS,bulk solid,2e-5,,,,,other,,,F. Radloff,rad@sun.ac.za,,order,,,NA,NA,2.5e-5,unknown,unknown,https://doi.org/10.1007/s00442-010-1731-0,DOI,LIT,ARDUOUS-19112,ARDUOUS-19112,ARDUOUS-19112,NA,NA,NA,NA,NA,NA,NA,NA,NA,NA
,bulk solid,organism : animal : animal tissue : tooth : enamel,field,De Hoop Nature Reserve,-34.45,20.56,Rodentia,"Radloff, F. G. T., Mucina, L., Bond, W. J., & Le Roux, P. J. (2010). Strontium isotope analyses of large herbivore habitat use in the Cape Fynbos region of South Africa. Oecologia, 164(2), 567-578.",0.70933,NA,NA,isobank,FALSE,,SRM987,0.710267,MC-ICP-MS,bulk solid,2e-5,,,,,other,,,F. Radloff,rad@sun.ac.za,,order,,,NA,NA,2.5e-5,unknown,unknown,https://doi.org/10.1007/s00442-010-1731-0,DOI,LIT,ARDUOUS-19113,ARDUOUS-19113,ARDUOUS-19113,NA,NA,NA,NA,NA,NA,NA,NA,NA,NA
,bulk solid,organism : animal : animal tissue : tooth : enamel,field,De Hoop Nature Reserve,-34.41,20.61,Rodentia,"Radloff, F. G. T., Mucina, L., Bond, W. J., & Le Roux, P. J. (2010). Strontium isotope analyses of large herbivore habitat use in the Cape Fynbos region of South Africa. Oecologia, 164(2), 567-578.",0.70949,NA,NA,isobank,FALSE,,SRM987,0.710267,MC-ICP-MS,bulk solid,2e-5,,,,,other,,,F. Radloff,rad@sun.ac.za,,order,,,NA,NA,2.5e-5,unknown,unknown,https://doi.org/10.1007/s00442-010-1731-0,DOI,LIT,ARDUOUS-19114,ARDUOUS-19114,ARDUOUS-19114,NA,NA,NA,NA,NA,NA,NA,NA,NA,NA
,bulk solid,organism : animal : animal tissue : tooth : enamel,field,De Hoop Nature Reserve,-34.44,20.46,Rodentia,"Radloff, F. G. T., Mucina, L., Bond, W. J., & Le Roux, P. J. (2010). Strontium isotope analyses of large herbivore habitat use in the Cape Fynbos region of South Africa. Oecologia, 164(2), 567-578.",0.70957,NA,NA,isobank,FALSE,,SRM987,0.710267,MC-ICP-MS,bulk solid,2e-5,,,,,other,,,F. Radloff,rad@sun.ac.za,,order,,,NA,NA,2.5e-5,unknown,unknown,https://doi.org/10.1007/s00442-010-1731-0,DOI,LIT,ARDUOUS-19115,ARDUOUS-19115,ARDUOUS-19115,NA,NA,NA,NA,NA,NA,NA,NA,NA,NA
,bulk solid,organism : animal : animal tissue : tooth : enamel,field,De Hoop Nature Reserve,-34.43,20.47,Rodentia,"Radloff, F. G. T., Mucina, L., Bond, W. J., & Le Roux, P. J. (2010). Strontium isotope analyses of large herbivore habitat use in the Cape Fynbos region of South Africa. Oecologia, 164(2), 567-578.",0.7096,NA,NA,isobank,FALSE,,SRM987,0.710267,MC-ICP-MS,bulk solid,2e-5,,,,,other,,,F. Radloff,rad@sun.ac.za,,order,,,NA,NA,2.5e-5,unknown,unknown,https://doi.org/10.1007/s00442-010-1731-0,DOI,LIT,ARDUOUS-19116,ARDUOUS-19116,ARDUOUS-19116,NA,NA,NA,NA,NA,NA,NA,NA,NA,NA
,bulk solid,organism : animal : animal tissue : tooth : enamel,field,De Hoop Nature Reserve,-34.39,20.52,Rodentia,"Radloff, F. G. T., Mucina, L., Bond, W. J., & Le Roux, P. J. (2010). Strontium isotope analyses of large herbivore habitat use in the Cape Fynbos region of South Africa. Oecologia, 164(2), 567-578.",0.71042,NA,NA,isobank,FALSE,,SRM987,0.710267,MC-ICP-MS,bulk solid,2e-5,,,,,other,,,F. Radloff,rad@sun.ac.za,,order,,,NA,NA,2.5e-5,unknown,unknown,https://doi.org/10.1007/s00442-010-1731-0,DOI,LIT,ARDUOUS-19117,ARDUOUS-19117,ARDUOUS-19117,NA,NA,NA,NA,NA,NA,NA,NA,NA,NA
,bulk solid,organism : animal : animal tissue : bone,field,De Hoop Nature Reserve,-34.44,20.46,Struthioniformes,"Radloff, F. G. T., Mucina, L., Bond, W. J., & Le Roux, P. J. (2010). Strontium isotope analyses of large herbivore habitat use in the Cape Fynbos region of South Africa. Oecologia, 164(2), 567-578.",0.70945,NA,NA,isobank,FALSE,,SRM987,0.710267,MC-ICP-MS,bulk solid,2e-5,,,,,other,,,F. Radloff,rad@sun.ac.za,,order,,,NA,NA,3e-5,unknown,unknown,https://doi.org/10.1007/s00442-010-1731-0,DOI,LIT,ARDUOUS-19118,ARDUOUS-19118,ARDUOUS-19118,NA,NA,NA,NA,NA,NA,NA,NA,NA,NA
,bulk solid,organism : animal : animal tissue : tooth : enamel,field,De Hoop Nature Reserve,-34.41,20.61,Rodentia,"Radloff, F. G. T., Mucina, L., Bond, W. J., & Le Roux, P. J. (2010). Strontium isotope analyses of large herbivore habitat use in the Cape Fynbos region of South Africa. Oecologia, 164(2), 567-578.",0.70953,NA,NA,isobank,FALSE,,SRM987,0.710267,MC-ICP-MS,bulk solid,2e-5,,,,,other,,,F. Radloff,rad@sun.ac.za,,order,,,NA,NA,3e-5,unknown,unknown,https://doi.org/10.1007/s00442-010-1731-0,DOI,LIT,ARDUOUS-19119,ARDUOUS-19119,ARDUOUS-19119,NA,NA,NA,NA,NA,NA,NA,NA,NA,NA
,bulk solid,organism : animal : animal tissue : tooth : enamel,field,De Hoop Nature Reserve,-34.39,20.54,Rodentia,"Radloff, F. G. T., Mucina, L., Bond, W. J., & Le Roux, P. J. (2010). Strontium isotope analyses of large herbivore habitat use in the Cape Fynbos region of South Africa. Oecologia, 164(2), 567-578.",0.70982,NA,NA,isobank,FALSE,,SRM987,0.710267,MC-ICP-MS,bulk solid,2e-5,,,,,other,,,F. Radloff,rad@sun.ac.za,,order,,,NA,NA,3e-5,unknown,unknown,https://doi.org/10.1007/s00442-010-1731-0,DOI,LIT,ARDUOUS-19120,ARDUOUS-19120,ARDUOUS-19120,NA,NA,NA,NA,NA,NA,NA,NA,NA,NA
,bulk solid,organism : animal : animal tissue : tooth : enamel,field,De Hoop Nature Reserve,-34.43,20.47,Rodentia,"Radloff, F. G. T., Mucina, L., Bond, W. J., & Le Roux, P. J. (2010). Strontium isotope analyses of large herbivore habitat use in the Cape Fynbos region of South Africa. Oecologia, 164(2), 567-578.",0.70994,NA,NA,isobank,FALSE,,SRM987,0.710267,MC-ICP-MS,bulk solid,2e-5,,,,,other,,,F. Radloff,rad@sun.ac.za,,order,,,NA,NA,3e-5,unknown,unknown,https://doi.org/10.1007/s00442-010-1731-0,DOI,LIT,ARDUOUS-19121,ARDUOUS-19121,ARDUOUS-19121,NA,NA,NA,NA,NA,NA,NA,NA,NA,NA
,bulk solid,organism : animal : animal tissue : bone,field,De Hoop Nature Reserve,-34.39,20.52,Perissodactyla,"Radloff, F. G. T., Mucina, L., Bond, W. J., & Le Roux, P. J. (2010). Strontium isotope analyses of large herbivore habitat use in the Cape Fynbos region of South Africa. Oecologia, 164(2), 567-578.",0.70966,NA,NA,isobank,FALSE,,SRM987,0.710267,MC-ICP-MS,bulk solid,2e-5,,,,,other,,,F. Radloff,rad@sun.ac.za,,order,,,NA,NA,3.5e-5,unknown,unknown,https://doi.org/10.1007/s00442-010-1731-0,DOI,LIT,ARDUOUS-19122,ARDUOUS-19122,ARDUOUS-19122,NA,NA,NA,NA,NA,NA,NA,NA,NA,NA
,bulk solid,organism : animal : animal tissue : bone,field,De Hoop Nature Reserve,-34.44,20.46,Artiodactyla,"Radloff, F. G. T., Mucina, L., Bond, W. J., & Le Roux, P. J. (2010). Strontium isotope analyses of large herbivore habitat use in the Cape Fynbos region of South Africa. Oecologia, 164(2), 567-578.",0.70978,NA,NA,isobank,FALSE,,SRM987,0.710267,MC-ICP-MS,bulk solid,2e-5,,,,,other,,,F. Radloff,rad@sun.ac.za,,order,,,NA,NA,3.5e-5,unknown,unknown,https://doi.org/10.1007/s00442-010-1731-0,DOI,LIT,ARDUOUS-19123,ARDUOUS-19123,ARDUOUS-19123,NA,NA,NA,NA,NA,NA,NA,NA,NA,NA
,bulk solid,organism : animal : animal tissue : bone,field,De Hoop Nature Reserve,-34.44,20.46,Artiodactyla,"Radloff, F. G. T., Mucina, L., Bond, W. J., & Le Roux, P. J. (2010). Strontium isotope analyses of large herbivore habitat use in the Cape Fynbos region of South Africa. Oecologia, 164(2), 567-578.",0.7101,NA,NA,isobank,FALSE,,SRM987,0.710267,MC-ICP-MS,bulk solid,2e-5,,,,,other,,,F. Radloff,rad@sun.ac.za,,order,,,NA,NA,3.5e-5,unknown,unknown,https://doi.org/10.1007/s00442-010-1731-0,DOI,LIT,ARDUOUS-19124,ARDUOUS-19124,ARDUOUS-19124,NA,NA,NA,NA,NA,NA,NA,NA,NA,NA
,bulk solid,organism : animal : animal tissue : tooth : enamel,field,De Hoop Nature Reserve,-34.45,20.56,Rodentia,"Radloff, F. G. T., Mucina, L., Bond, W. J., & Le Roux, P. J. (2010). Strontium isotope analyses of large herbivore habitat use in the Cape Fynbos region of South Africa. Oecologia, 164(2), 567-578.",0.70921,NA,NA,isobank,FALSE,,SRM987,0.710267,MC-ICP-MS,bulk solid,2e-5,,,,,other,,,F. Radloff,rad@sun.ac.za,,order,,,NA,NA,3.5e-5,unknown,unknown,https://doi.org/10.1007/s00442-010-1731-0,DOI,LIT,ARDUOUS-19125,ARDUOUS-19125,ARDUOUS-19125,NA,NA,NA,NA,NA,NA,NA,NA,NA,NA
,bulk solid,organism : animal : animal tissue : tooth : enamel,field,De Hoop Nature Reserve,-34.42,20.49,Rodentia,"Radloff, F. G. T., Mucina, L., Bond, W. J., & Le Roux, P. J. (2010). Strontium isotope analyses of large herbivore habitat use in the Cape Fynbos region of South Africa. Oecologia, 164(2), 567-578.",0.70944,NA,NA,isobank,FALSE,,SRM987,0.710267,MC-ICP-MS,bulk solid,2e-5,,,,,other,,,F. Radloff,rad@sun.ac.za,,order,,,NA,NA,3.5e-5,unknown,unknown,https://doi.org/10.1007/s00442-010-1731-0,DOI,LIT,ARDUOUS-19126,ARDUOUS-19126,ARDUOUS-19126,NA,NA,NA,NA,NA,NA,NA,NA,NA,NA
,bulk solid,organism : animal : animal tissue : tooth : enamel,field,De Hoop Nature Reserve,-34.42,20.07,Rodentia,"Radloff, F. G. T., Mucina, L., Bond, W. J., & Le Roux, P. J. (2010). Strontium isotope analyses of large herbivore habitat use in the Cape Fynbos region of South Africa. Oecologia, 164(2), 567-578.",0.70988,NA,NA,isobank,FALSE,,SRM987,0.710267,MC-ICP-MS,bulk solid,2e-5,,,,,other,,,F. Radloff,rad@sun.ac.za,,order,,,NA,NA,3.5e-5,unknown,unknown,https://doi.org/10.1007/s00442-010-1731-0,DOI,LIT,ARDUOUS-19127,ARDUOUS-19127,ARDUOUS-19127,NA,NA,NA,NA,NA,NA,NA,NA,NA,NA
,bulk solid,organism : animal : animal tissue : tooth : enamel,field,De Hoop Nature Reserve,-34.39,20.52,Rodentia,"Radloff, F. G. T., Mucina, L., Bond, W. J., & Le Roux, P. J. (2010). Strontium isotope analyses of large herbivore habitat use in the Cape Fynbos region of South Africa. Oecologia, 164(2), 567-578.",0.71009,NA,NA,isobank,FALSE,,SRM987,0.710267,MC-ICP-MS,bulk solid,2e-5,,,,,other,,,F. Radloff,rad@sun.ac.za,,order,,,NA,NA,3.5e-5,unknown,unknown,https://doi.org/10.1007/s00442-010-1731-0,DOI,LIT,ARDUOUS-19128,ARDUOUS-19128,ARDUOUS-19128,NA,NA,NA,NA,NA,NA,NA,NA,NA,NA
,bulk solid,organism : animal : animal tissue : tooth : enamel,field,De Hoop Nature Reserve,-34.39,20.5,Rodentia,"Radloff, F. G. T., Mucina, L., Bond, W. J., & Le Roux, P. J. (2010). Strontium isotope analyses of large herbivore habitat use in the Cape Fynbos region of South Africa. Oecologia, 164(2), 567-578.",0.71028,NA,NA,isobank,FALSE,,SRM987,0.710267,MC-ICP-MS,bulk solid,2e-5,,,,,other,,,F. Radloff,rad@sun.ac.za,,order,,,NA,NA,3.5e-5,unknown,unknown,https://doi.org/10.1007/s00442-010-1731-0,DOI,LIT,ARDUOUS-19129,ARDUOUS-19129,ARDUOUS-19129,NA,NA,NA,NA,NA,NA,NA,NA,NA,NA
,bulk solid,organism : animal : animal tissue : tooth : enamel,field,De Hoop Nature Reserve,-34.44,20.48,Rodentia,"Radloff, F. G. T., Mucina, L., Bond, W. J., & Le Roux, P. J. (2010). Strontium isotope analyses of large herbivore habitat use in the Cape Fynbos region of South Africa. Oecologia, 164(2), 567-578.",0.7094,NA,NA,isobank,FALSE,,SRM987,0.710267,MC-ICP-MS,bulk solid,2e-5,,,,,other,,,F. Radloff,rad@sun.ac.za,,order,,,NA,NA,4e-5,unknown,unknown,https://doi.org/10.1007/s00442-010-1731-0,DOI,LIT,ARDUOUS-19130,ARDUOUS-19130,ARDUOUS-19130,NA,NA,NA,NA,NA,NA,NA,NA,NA,NA
,bulk solid,organism : animal : animal tissue : tooth : enamel,field,De Hoop Nature Reserve,-34.44,20.46,Rodentia,"Radloff, F. G. T., Mucina, L., Bond, W. J., & Le Roux, P. J. (2010). Strontium isotope analyses of large herbivore habitat use in the Cape Fynbos region of South Africa. Oecologia, 164(2), 567-578.",0.70975,NA,NA,isobank,FALSE,,SRM987,0.710267,MC-ICP-MS,bulk solid,2e-5,,,,,other,,,F. Radloff,rad@sun.ac.za,,order,,,NA,NA,4e-5,unknown,unknown,https://doi.org/10.1007/s00442-010-1731-0,DOI,LIT,ARDUOUS-19131,ARDUOUS-19131,ARDUOUS-19131,NA,NA,NA,NA,NA,NA,NA,NA,NA,NA
,bulk solid,organism : animal : animal tissue : bone,field,De Hoop Nature Reserve,-34.44,20.46,Struthioniformes,"Radloff, F. G. T., Mucina, L., Bond, W. J., & Le Roux, P. J. (2010). Strontium isotope analyses of large herbivore habitat use in the Cape Fynbos region of South Africa. Oecologia, 164(2), 567-578.",0.70921,NA,NA,isobank,FALSE,,SRM987,0.710267,MC-ICP-MS,bulk solid,2e-5,,,,,other,,,F. Radloff,rad@sun.ac.za,,order,,,NA,NA,4.5e-5,unknown,unknown,https://doi.org/10.1007/s00442-010-1731-0,DOI,LIT,ARDUOUS-19132,ARDUOUS-19132,ARDUOUS-19132,NA,NA,NA,NA,NA,NA,NA,NA,NA,NA
,bulk solid,organism : animal : animal tissue : bone,field,De Hoop Nature Reserve,-34.39,20.52,Perissodactyla,"Radloff, F. G. T., Mucina, L., Bond, W. J., & Le Roux, P. J. (2010). Strontium isotope analyses of large herbivore habitat use in the Cape Fynbos region of South Africa. Oecologia, 164(2), 567-578.",0.70982,NA,NA,isobank,FALSE,,SRM987,0.710267,MC-ICP-MS,bulk solid,2e-5,,,,,other,,,F. Radloff,rad@sun.ac.za,,order,,,NA,NA,4.5e-5,unknown,unknown,https://doi.org/10.1007/s00442-010-1731-0,DOI,LIT,ARDUOUS-19133,ARDUOUS-19133,ARDUOUS-19133,NA,NA,NA,NA,NA,NA,NA,NA,NA,NA
,bulk solid,organism : animal : animal tissue : tooth : enamel,field,De Hoop Nature Reserve,-34.44,20.66,Rodentia,"Radloff, F. G. T., Mucina, L., Bond, W. J., & Le Roux, P. J. (2010). Strontium isotope analyses of large herbivore habitat use in the Cape Fynbos region of South Africa. Oecologia, 164(2), 567-578.",0.70929,NA,NA,isobank,FALSE,,SRM987,0.710267,MC-ICP-MS,bulk solid,2e-5,,,,,other,,,F. Radloff,rad@sun.ac.za,,order,,,NA,NA,4.5e-5,unknown,unknown,https://doi.org/10.1007/s00442-010-1731-0,DOI,LIT,ARDUOUS-19134,ARDUOUS-19134,ARDUOUS-19134,NA,NA,NA,NA,NA,NA,NA,NA,NA,NA
,bulk solid,organism : animal : animal tissue : tooth : enamel,field,De Hoop Nature Reserve,-34.42,20.57,Rodentia,"Radloff, F. G. T., Mucina, L., Bond, W. J., & Le Roux, P. J. (2010). Strontium isotope analyses of large herbivore habitat use in the Cape Fynbos region of South Africa. Oecologia, 164(2), 567-578.",0.7093,NA,NA,isobank,FALSE,,SRM987,0.710267,MC-ICP-MS,bulk solid,2e-5,,,,,other,,,F. Radloff,rad@sun.ac.za,,order,,,NA,NA,4.5e-5,unknown,unknown,https://doi.org/10.1007/s00442-010-1731-0,DOI,LIT,ARDUOUS-19135,ARDUOUS-19135,ARDUOUS-19135,NA,NA,NA,NA,NA,NA,NA,NA,NA,NA
,bulk solid,organism : animal : animal tissue : tooth : enamel,field,De Hoop Nature Reserve,-34.44,20.48,Rodentia,"Radloff, F. G. T., Mucina, L., Bond, W. J., & Le Roux, P. J. (2010). Strontium isotope analyses of large herbivore habitat use in the Cape Fynbos region of South Africa. Oecologia, 164(2), 567-578.",0.70906,NA,NA,isobank,FALSE,,SRM987,0.710267,MC-ICP-MS,bulk solid,2e-5,,,,,other,,,F. Radloff,rad@sun.ac.za,,order,,,NA,NA,5e-5,unknown,unknown,https://doi.org/10.1007/s00442-010-1731-0,DOI,LIT,ARDUOUS-19136,ARDUOUS-19136,ARDUOUS-19136,NA,NA,NA,NA,NA,NA,NA,NA,NA,NA
,bulk solid,organism : animal : animal tissue : tooth : enamel,field,De Hoop Nature Reserve,-34.44,20.48,Rodentia,"Radloff, F. G. T., Mucina, L., Bond, W. J., & Le Roux, P. J. (2010). Strontium isotope analyses of large herbivore habitat use in the Cape Fynbos region of South Africa. Oecologia, 164(2), 567-578.",0.70942,NA,NA,isobank,FALSE,,SRM987,0.710267,MC-ICP-MS,bulk solid,2e-5,,,,,other,,,F. Radloff,rad@sun.ac.za,,order,,,NA,NA,5e-5,unknown,unknown,https://doi.org/10.1007/s00442-010-1731-0,DOI,LIT,ARDUOUS-19137,ARDUOUS-19137,ARDUOUS-19137,NA,NA,NA,NA,NA,NA,NA,NA,NA,NA
,bulk solid,organism : animal : animal tissue : tooth : enamel,field,De Hoop Nature Reserve,-34.39,20.5,Rodentia,"Radloff, F. G. T., Mucina, L., Bond, W. J., & Le Roux, P. J. (2010). Strontium isotope analyses of large herbivore habitat use in the Cape Fynbos region of South Africa. Oecologia, 164(2), 567-578.",0.71012,NA,NA,isobank,FALSE,,SRM987,0.710267,MC-ICP-MS,bulk solid,2e-5,,,,,other,,,F. Radloff,rad@sun.ac.za,,order,,,NA,NA,5e-5,unknown,unknown,https://doi.org/10.1007/s00442-010-1731-0,DOI,LIT,ARDUOUS-19138,ARDUOUS-19138,ARDUOUS-19138,NA,NA,NA,NA,NA,NA,NA,NA,NA,NA
SG20,bulk solid,organism : plant : plant tissue : leaf,field,Malmesbury Farm,-33.47,18.47,Poaceae,"Reich, MS, Ghouri S, Zabudsky S, Hu L, Le Corre M, Ng'iru I, Benyamini D, Shipilina S, Collins SC, Martins DJ, Vila R, Talavera G, Bataille CP. Trans-Saharan migratory patterns in Vanessa cardui and evidence for a southward leapfrog migration. iScience",0.71292185,NA,NA,isobank,FALSE,,SRM987,0.71025,MC-ICP-MS,bulk solid,2e-5,,,,,other,,,C. P. Bataille,cbataill@uottawa.ca,,family,,,NA,NA,3e-5,unknown,unknown,,,LIT,SG20,ARDUOUS-19242,SG20,NA,NA,NA,NA,NA,NA,NA,NA,NA,NA
SG21,bulk solid,organism : plant : plant tissue : leaf,field,Western Cape,-34.52,19.56,Poaceae,"Reich, MS, Ghouri S, Zabudsky S, Hu L, Le Corre M, Ng'iru I, Benyamini D, Shipilina S, Collins SC, Martins DJ, Vila R, Talavera G, Bataille CP. Trans-Saharan migratory patterns in Vanessa cardui and evidence for a southward leapfrog migration. iScience",0.7105643,NA,NA,isobank,FALSE,,SRM987,0.71025,MC-ICP-MS,bulk solid,2e-5,,,,,other,,,C. P. Bataille,cbataill@uottawa.ca,,family,,,NA,NA,3e-5,unknown,unknown,,,LIT,SG21,ARDUOUS-19243,SG21,NA,NA,NA,NA,NA,NA,NA,NA,NA,NA
SG25,bulk solid,organism : plant : plant tissue : leaf,field,,-27.31,28.73,Poaceae,"Reich, MS, Ghouri S, Zabudsky S, Hu L, Le Corre M, Ng'iru I, Benyamini D, Shipilina S, Collins SC, Martins DJ, Vila R, Talavera G, Bataille CP. Trans-Saharan migratory patterns in Vanessa cardui and evidence for a southward leapfrog migration. iScience",0.7126712,NA,NA,isobank,FALSE,,SRM987,0.71025,MC-ICP-MS,bulk solid,2e-5,,,,,other,,,C. P. Bataille,cbataill@uottawa.ca,,family,,,NA,NA,3e-5,unknown,unknown,,,LIT,SG25,ARDUOUS-19244,SG25,NA,NA,NA,NA,NA,NA,NA,NA,NA,NA
SG26,bulk solid,organism : plant : plant tissue : leaf,field,,-28.64,28.27,Poaceae,"Reich, MS, Ghouri S, Zabudsky S, Hu L, Le Corre M, Ng'iru I, Benyamini D, Shipilina S, Collins SC, Martins DJ, Vila R, Talavera G, Bataille CP. Trans-Saharan migratory patterns in Vanessa cardui and evidence for a southward leapfrog migration. iScience",0.7133362,NA,NA,isobank,FALSE,,SRM987,0.71025,MC-ICP-MS,bulk solid,2e-5,,,,,other,,,C. P. Bataille,cbataill@uottawa.ca,,family,,,NA,NA,3e-5,unknown,unknown,,,LIT,SG26,ARDUOUS-19245,SG26,NA,NA,NA,NA,NA,NA,NA,NA,NA,NA
SG27,bulk solid,organism : plant : plant tissue : leaf,field,,-29.01,29.49,Poaceae,"Reich, MS, Ghouri S, Zabudsky S, Hu L, Le Corre M, Ng'iru I, Benyamini D, Shipilina S, Collins SC, Martins DJ, Vila R, Talavera G, Bataille CP. Trans-Saharan migratory patterns in Vanessa cardui and evidence for a southward leapfrog migration. iScience",0.7170605,NA,NA,isobank,FALSE,,SRM987,0.71025,MC-ICP-MS,bulk solid,2e-5,,,,,other,,,C. P. Bataille,cbataill@uottawa.ca,,family,,,NA,NA,3e-5,unknown,unknown,,,LIT,SG27,ARDUOUS-19246,SG27,NA,NA,NA,NA,NA,NA,NA,NA,NA,NA
UCT 1074,bulk solid,organism : animal : animal tissue : bone,field,Coastal area,-32.42,18.57,Raphicerus campestris,"Sealy, J. C., van der Merwe, N. J., Sillen, A., Kruger, F. J., & Krueger, H. W. (1991). 87Sr86Sr as a dietary indicator in modern and archaeological bone. Journal of Archaeological Science, 18(3), 399-416.",0.71169,NA,NA,isobank,FALSE,,SRM987,0.71023,TIMS,bulk solid,4e-5,,,,,other,,,Lehmann S.B.,slehmann@pitt.edu,,species,,,NA,NA,1.5e-5,unknown,unknown,https://doi.org/10.1016/0305-4403(91)90074-Y,DOI,LIT,UCT 1074,ARDUOUS-20323,UCT 1074,NA,NA,NA,NA,NA,NA,NA,NA,NA,NA
UCT 2063,bulk solid,organism : animal : animal tissue : bone,field,Coastal area,-34.33,18.45,Damaliscus pygargus,"Sealy, J. C., van der Merwe, N. J., Sillen, A., Kruger, F. J., & Krueger, H. W. (1991). 87Sr86Sr as a dietary indicator in modern and archaeological bone. Journal of Archaeological Science, 18(3), 399-416.",0.70938,NA,NA,isobank,FALSE,,SRM987,0.71023,TIMS,bulk solid,4e-5,,,,,other,,,Lehmann S.B.,slehmann@pitt.edu,,species,,,NA,NA,1.5e-5,unknown,unknown,https://doi.org/10.1016/0305-4403(91)90074-Y,DOI,LIT,UCT 2063,ARDUOUS-20324,UCT 2063,NA,NA,NA,NA,NA,NA,NA,NA,NA,NA
UCT 2074,bulk solid,organism : animal : animal tissue : bone,field,"Boontjieskloof (Sevilla, Boontjieskloof)",-32.07,19.08,Sylvicapra grimmia,"Sealy, J. C., van der Merwe, N. J., Sillen, A., Kruger, F. J., & Krueger, H. W. (1991). 87Sr86Sr as a dietary indicator in modern and archaeological bone. Journal of Archaeological Science, 18(3), 399-416.",0.71543,NA,NA,isobank,FALSE,,SRM987,0.71023,TIMS,bulk solid,4e-5,,,,,other,,,Lehmann S.B.,slehmann@pitt.edu,,species,,,NA,NA,1.5e-5,unknown,unknown,https://doi.org/10.1016/0305-4403(91)90074-Y,DOI,LIT,UCT 2074,ARDUOUS-20325,UCT 2074,NA,NA,NA,NA,NA,NA,NA,NA,NA,NA
UCT 821,bulk solid,organism : animal : animal tissue : bone,field,Coastal area,-33.12,17.99,Antidorcas marsupialis,"Sealy, J. C., van der Merwe, N. J., Sillen, A., Kruger, F. J., & Krueger, H. W. (1991). 87Sr86Sr as a dietary indicator in modern and archaeological bone. Journal of Archaeological Science, 18(3), 399-416.",0.70947,NA,NA,isobank,FALSE,,SRM987,0.71023,TIMS,bulk solid,4e-5,,,,,other,,,Lehmann S.B.,slehmann@pitt.edu,,species,,,NA,NA,1.5e-5,unknown,unknown,https://doi.org/10.1016/0305-4403(91)90074-Y,DOI,LIT,UCT 821,ARDUOUS-20327,UCT 821,NA,NA,NA,NA,NA,NA,NA,NA,NA,NA
UCT 876,bulk solid,organism : animal : animal tissue : bone,field,Coastal area,-32.23,18.42,Raphicerus campestris,"Sealy, J. C., van der Merwe, N. J., Sillen, A., Kruger, F. J., & Krueger, H. W. (1991). 87Sr86Sr as a dietary indicator in modern and archaeological bone. Journal of Archaeological Science, 18(3), 399-416.",0.71124,NA,NA,isobank,FALSE,,SRM987,0.71023,TIMS,bulk solid,4e-5,,,,,other,,,Lehmann S.B.,slehmann@pitt.edu,,species,,,NA,NA,1.5e-5,unknown,unknown,https://doi.org/10.1016/0305-4403(91)90074-Y,DOI,LIT,UCT 876,ARDUOUS-20328,UCT 876,NA,NA,NA,NA,NA,NA,NA,NA,NA,NA
UCT 1192,bulk solid,organism : animal : animal tissue : bone,field,Coastal area,-32.22,18.35,Sylvicapra grimmia,"Sealy, J. C., van der Merwe, N. J., Sillen, A., Kruger, F. J., & Krueger, H. W. (1991). 87Sr86Sr as a dietary indicator in modern and archaeological bone. Journal of Archaeological Science, 18(3), 399-416.",0.71041,NA,NA,isobank,FALSE,,SRM987,0.71023,TIMS,bulk solid,4e-5,,,,,other,,,Lehmann S.B.,slehmann@pitt.edu,,species,,,NA,NA,2e-5,unknown,unknown,https://doi.org/10.1016/0305-4403(91)90074-Y,DOI,LIT,UCT 1192,ARDUOUS-20341,UCT 1192,NA,NA,NA,NA,NA,NA,NA,NA,NA,NA
UCT 2247,bulk solid,organism : animal : animal tissue : bone,field,"Voelvlei, Tulbagh",-33.37,19.03,Otocyon megalotis,"Sealy, J. C., van der Merwe, N. J., Sillen, A., Kruger, F. J., & Krueger, H. W. (1991). 87Sr86Sr as a dietary indicator in modern and archaeological bone. Journal of Archaeological Science, 18(3), 399-416.",0.71777,NA,NA,isobank,FALSE,,SRM987,0.71023,TIMS,bulk solid,4e-5,,,,,other,,,Lehmann S.B.,slehmann@pitt.edu,,species,,,NA,NA,2e-5,unknown,unknown,https://doi.org/10.1016/0305-4403(91)90074-Y,DOI,LIT,UCT 2247,ARDUOUS-20342,UCT 2247,NA,NA,NA,NA,NA,NA,NA,NA,NA,NA
UCT 732,bulk solid,organism : animal : animal tissue : bone,field,Coastal area,-32.87,18.27,Raphicerus campestris,"Sealy, J. C., van der Merwe, N. J., Sillen, A., Kruger, F. J., & Krueger, H. W. (1991). 87Sr86Sr as a dietary indicator in modern and archaeological bone. Journal of Archaeological Science, 18(3), 399-416.",0.71024,NA,NA,isobank,FALSE,,SRM987,0.71023,TIMS,bulk solid,4e-5,,,,,other,,,Lehmann S.B.,slehmann@pitt.edu,,species,,,NA,NA,2e-5,unknown,unknown,https://doi.org/10.1016/0305-4403(91)90074-Y,DOI,LIT,UCT 732,ARDUOUS-20343,UCT 732,NA,NA,NA,NA,NA,NA,NA,NA,NA,NA
C4050,bulk solid,organism : animal : animal tissue : tooth : dentin,field,Tshokwane,-24.79,31.86,Elephantidae,"Vogel, J. C., Eglington, B., & Auret, J. M. (1990). Isotope fingerprints in elephant bone and ivory. Nature, 346(6286), 747.",0.712864,NA,NA,isobank,FALSE,,SRM987,0.710275,TIMS,bulk solid,1.6e-5,,,tusk,,other,,,J. Vogel,none provided,,family,,,NA,NA,1.6e-5,unknown,unknown,https://doi.org/10.1038/346747a0,DOI,LIT,C4050,ARDUOUS-22321,C4050,NA,NA,NA,NA,NA,NA,NA,NA,NA,NA
C4069,bulk solid,organism : animal : animal tissue : tooth : dentin,field,Crocodile Bridge,-25.36,31.89,Elephantidae,"Vogel, J. C., Eglington, B., & Auret, J. M. (1990). Isotope fingerprints in elephant bone and ivory. Nature, 346(6286), 747.",0.71484,NA,NA,isobank,FALSE,,SRM987,0.710275,TIMS,bulk solid,1.6e-5,,,tusk,,other,,,J. Vogel,none provided,,family,,,NA,NA,1.6e-5,unknown,unknown,https://doi.org/10.1038/346747a0,DOI,LIT,C4069,ARDUOUS-22322,C4069,NA,NA,NA,NA,NA,NA,NA,NA,NA,NA
