"collected_sample_id","analysis_date","primary_reference_material","reported_reference_value","instrumentation","analysis_type","analytical_matrix","qc_material_precision","material_type","bone_element","dental_element","dental_element_description","water_source","preparation_step","preparation_description","collection_date","collection_source","investigator_name","investigator_email","investigator_orcid","collection_locality","collection_decimal_latitude","collection_decimal_longitude","scientific_name","taxon_rank","organism_sex","life_stage","related_publication_citation","Sr_concentration","Sr_concentration_error","87Sr86Sr","87Sr86Sr_error_1SD","87Sr86Sr_measurement_scale","87Sr86Sr_measurement_unit","related_publication_id","related_publication_id_type","lab","user_sample_id","sample_measurement_id","lab_sample_id"
"EAM 5S","","SRM 987",0.710242,"MC-ICP-MS","bulk solid","bulk solid",4.1e-05,"organism : animal : animal tissue : shell","","","","","other","","","field","Elizabeth R. Arnold","arnoleli@gvsu.edu","","hree EIA sites in the lower Thukela River Valley",-28.95,31.08,"Gastropoda","class","","","Arnold ER., et al. Domestic Cattle Mobility in Early Farming Villages in Southern Africa..."". Arch&AnthSci, 5:2, 2013, 129-44",,,0.709031,5.5e-06,"unknown","unknown","https://doi.org/10.1007/s12520-013-0121-z.","DOI","LIT","EAM 5S","ARDUOUS-00664","EAM 5S"
"EAM 2S","","SRM 987",0.710242,"MC-ICP-MS","bulk solid","bulk solid",4.1e-05,"organism : animal : animal tissue : shell","","","","","other","","","field","Elizabeth R. Arnold","arnoleli@gvsu.edu","","hree EIA sites in the lower Thukela River Valley",-28.9099450395522,31.0368630370834,"Gastropoda","class","","","Arnold ER., et al. Domestic Cattle Mobility in Early Farming Villages in Southern Africa..."". Arch&AnthSci, 5:2, 2013, 129-44",,,0.715447,6.5e-06,"unknown","unknown","https://doi.org/10.1007/s12520-013-0121-z.","DOI","LIT","EAM 2S","ARDUOUS-00665","EAM 2S"
"EAM 9S","","SRM 987",0.710242,"MC-ICP-MS","bulk solid","bulk solid",4.1e-05,"organism : animal : animal tissue : shell","","","","","other","","","field","Elizabeth R. Arnold","arnoleli@gvsu.edu","","hree EIA sites in the lower Thukela River Valley",-28.89,31.03,"Gastropoda","class","","","Arnold ER., et al. Domestic Cattle Mobility in Early Farming Villages in Southern Africa..."". Arch&AnthSci, 5:2, 2013, 129-44",,,0.715531,6.5e-06,"unknown","unknown","https://doi.org/10.1007/s12520-013-0121-z.","DOI","LIT","EAM 9S","ARDUOUS-00666","EAM 9S"
"EAM 6S","","SRM 987",0.710242,"MC-ICP-MS","bulk solid","bulk solid",4.1e-05,"organism : animal : animal tissue : shell","","","","","other","","","field","Elizabeth R. Arnold","arnoleli@gvsu.edu","","hree EIA sites in the lower Thukela River Valley",-28.9402949444026,31.0392662962609,"Gastropoda","class","","","Arnold ER., et al. Domestic Cattle Mobility in Early Farming Villages in Southern Africa..."". Arch&AnthSci, 5:2, 2013, 129-44",,,0.715619,8e-06,"unknown","unknown","https://doi.org/10.1007/s12520-013-0121-z.","DOI","LIT","EAM 6S","ARDUOUS-00667","EAM 6S"
"EAM 1S","","SRM 987",0.710242,"MC-ICP-MS","bulk solid","bulk solid",4.1e-05,"organism : animal : animal tissue : shell","","","","","other","","","field","Elizabeth R. Arnold","arnoleli@gvsu.edu","","hree EIA sites in the lower Thukela River Valley",-28.94,31.11,"Gastropoda","class","","","Arnold ER., et al. Domestic Cattle Mobility in Early Farming Villages in Southern Africa..."". Arch&AnthSci, 5:2, 2013, 129-44",,,0.708116,9e-06,"unknown","unknown","https://doi.org/10.1007/s12520-013-0121-z.","DOI","LIT","EAM 1S","ARDUOUS-00668","EAM 1S"
"EAM 8S","","SRM 987",0.710242,"MC-ICP-MS","bulk solid","bulk solid",4.1e-05,"organism : animal : animal tissue : shell","","","","","other","","","field","Elizabeth R. Arnold","arnoleli@gvsu.edu","","hree EIA sites in the lower Thukela River Valley",-28.8635863534939,30.9923879904022,"Gastropoda","class","","","Arnold ER., et al. Domestic Cattle Mobility in Early Farming Villages in Southern Africa..."". Arch&AnthSci, 5:2, 2013, 129-44",,,0.714362,9.5e-06,"unknown","unknown","https://doi.org/10.1007/s12520-013-0121-z.","DOI","LIT","EAM 8S","ARDUOUS-00669","EAM 8S"
"EAM 3S","","SRM 987",0.710242,"MC-ICP-MS","bulk solid","bulk solid",4.1e-05,"organism : animal : animal tissue : shell","","","","","other","","","field","Elizabeth R. Arnold","arnoleli@gvsu.edu","","hree EIA sites in the lower Thukela River Valley",-28.94,31.04,"Gastropoda","class","","","Arnold ER., et al. Domestic Cattle Mobility in Early Farming Villages in Southern Africa..."". Arch&AnthSci, 5:2, 2013, 129-44",,,0.712434,1e-05,"unknown","unknown","https://doi.org/10.1007/s12520-013-0121-z.","DOI","LIT","EAM 3S","ARDUOUS-00670","EAM 3S"
"EAM 4S","","SRM 987",0.710242,"MC-ICP-MS","bulk solid","bulk solid",4.1e-05,"organism : animal : animal tissue : shell","","","","","other","","","field","Elizabeth R. Arnold","arnoleli@gvsu.edu","","hree EIA sites in the lower Thukela River Valley",-28.9619250947964,31.0773751203618,"Gastropoda","class","","","Arnold ER., et al. Domestic Cattle Mobility in Early Farming Villages in Southern Africa..."". Arch&AnthSci, 5:2, 2013, 129-44",,,0.711033,1e-05,"unknown","unknown","https://doi.org/10.1007/s12520-013-0121-z.","DOI","LIT","EAM 4S","ARDUOUS-00671","EAM 4S"
"EAM 7S","","SRM 987",0.710242,"MC-ICP-MS","bulk solid","bulk solid",4.1e-05,"organism : animal : animal tissue : shell","","","","","other","","","field","Elizabeth R. Arnold","arnoleli@gvsu.edu","","hree EIA sites in the lower Thukela River Valley",-28.86,30.98,"Gastropoda","class","","","Arnold ER., et al. Domestic Cattle Mobility in Early Farming Villages in Southern Africa..."". Arch&AnthSci, 5:2, 2013, 129-44",,,0.715913,1.3e-05,"unknown","unknown","https://doi.org/10.1007/s12520-013-0121-z.","DOI","LIT","EAM 7S","ARDUOUS-00672","EAM 7S"
"26-r1","","SRM987",0.71024,"MC-ICP-MS","bulk solid","bulk solid",4e-05,"organism : animal : animal tissue : tooth : enamel","","","","","other","","","field","S. Copeland","sandicopeland@yahoo.com","","Gladysvale site",-25.819494,27.905817,"Rodentia","order","","","Copeland, S. R., Sponheimer, M., Thorp, J. A. L., de Ruiter, D. J., Roux, P. J., Grimes, V., ... & Richards, M. P. (2010). Using strontium isotopes to study site accumulation processes. Journal of taphonomy, 8(2), 115-127.",,,0.7376,2.5e-06,"unknown","unknown","","","LIT","26-r1","ARDUOUS-04112","26-r1"
"26-r26x","","SRM987",0.71024,"MC-ICP-MS","bulk solid","bulk solid",4e-05,"organism : animal : animal tissue : tooth : enamel","","","","","other","","","field","S. Copeland","sandicopeland@yahoo.com","","Gladysvale site",-25.819494,27.905817,"Rodentia","order","","","Copeland, S. R., Sponheimer, M., Thorp, J. A. L., de Ruiter, D. J., Roux, P. J., Grimes, V., ... & Richards, M. P. (2010). Using strontium isotopes to study site accumulation processes. Journal of taphonomy, 8(2), 115-127.",,,0.73092,2.5e-06,"unknown","unknown","","","LIT","26-r26x","ARDUOUS-04113","26-r26x"
"26-r3","","SRM987",0.71024,"MC-ICP-MS","bulk solid","bulk solid",4e-05,"organism : animal : animal tissue : tooth : enamel","","","","","other","","","field","S. Copeland","sandicopeland@yahoo.com","","Gladysvale site",-25.819494,27.905817,"Rodentia","order","","","Copeland, S. R., Sponheimer, M., Thorp, J. A. L., de Ruiter, D. J., Roux, P. J., Grimes, V., ... & Richards, M. P. (2010). Using strontium isotopes to study site accumulation processes. Journal of taphonomy, 8(2), 115-127.",,,0.73631,2.5e-06,"unknown","unknown","","","LIT","26-r3","ARDUOUS-04114","26-r3"
"26-r4","","SRM987",0.71024,"MC-ICP-MS","bulk solid","bulk solid",4e-05,"organism : animal : animal tissue : tooth : enamel","","","","","other","","","field","S. Copeland","sandicopeland@yahoo.com","","Gladysvale site",-25.819494,27.905817,"Rodentia","order","","","Copeland, S. R., Sponheimer, M., Thorp, J. A. L., de Ruiter, D. J., Roux, P. J., Grimes, V., ... & Richards, M. P. (2010). Using strontium isotopes to study site accumulation processes. Journal of taphonomy, 8(2), 115-127.",,,0.74368,2.5e-06,"unknown","unknown","","","LIT","26-r4","ARDUOUS-04115","26-r4"
"26-r7","","SRM987",0.71024,"MC-ICP-MS","bulk solid","bulk solid",4e-05,"organism : animal : animal tissue : tooth : enamel","","","","","other","","","field","S. Copeland","sandicopeland@yahoo.com","","Gladysvale site",-25.819494,27.905817,"Rodentia","order","","","Copeland, S. R., Sponheimer, M., Thorp, J. A. L., de Ruiter, D. J., Roux, P. J., Grimes, V., ... & Richards, M. P. (2010). Using strontium isotopes to study site accumulation processes. Journal of taphonomy, 8(2), 115-127.",,,0.71979,2.5e-06,"unknown","unknown","","","LIT","26-r7","ARDUOUS-04116","26-r7"
"26-to9z","","SRM987",0.71024,"MC-ICP-MS","bulk solid","bulk solid",4e-05,"organism : animal : animal tissue : tooth : enamel","","","","","other","","","field","S. Copeland","sandicopeland@yahoo.com","","Gladysvale site",-25.819494,27.905817,"Rodentia","order","","","Copeland, S. R., Sponheimer, M., Thorp, J. A. L., de Ruiter, D. J., Roux, P. J., Grimes, V., ... & Richards, M. P. (2010). Using strontium isotopes to study site accumulation processes. Journal of taphonomy, 8(2), 115-127.",,,0.73206,2.5e-06,"unknown","unknown","","","LIT","26-to9z","ARDUOUS-04117","26-to9z"
"GV17","","SRM987",0.71024,"MC-ICP-MS","bulk solid","bulk solid",4e-05,"organism : animal : animal tissue : tooth : enamel","","","","","other","","","field","S. Copeland","sandicopeland@yahoo.com","","Gladysvale site",-25.82,27.91,"Rodentia","order","","","Copeland, S. R., Sponheimer, M., Thorp, J. A. L., de Ruiter, D. J., Roux, P. J., Grimes, V., ... & Richards, M. P. (2010). Using strontium isotopes to study site accumulation processes. Journal of taphonomy, 8(2), 115-127.",,,0.73408,2.5e-06,"unknown","unknown","","","LIT","GV17","ARDUOUS-04118","GV17"
"GV18","","SRM987",0.71024,"MC-ICP-MS","bulk solid","bulk solid",4e-05,"organism : animal : animal tissue : tooth : enamel","","","","","other","","","field","S. Copeland","sandicopeland@yahoo.com","","Gladysvale site",-25.82,27.91,"Rodentia","order","","","Copeland, S. R., Sponheimer, M., Thorp, J. A. L., de Ruiter, D. J., Roux, P. J., Grimes, V., ... & Richards, M. P. (2010). Using strontium isotopes to study site accumulation processes. Journal of taphonomy, 8(2), 115-127.",,,0.72649,2.5e-06,"unknown","unknown","","","LIT","GV18","ARDUOUS-04119","GV18"
"GV2","","SRM987",0.71024,"MC-ICP-MS","bulk solid","bulk solid",4e-05,"organism : animal : animal tissue : tooth : enamel","","","","","other","","","field","S. Copeland","sandicopeland@yahoo.com","","Gladysvale site",-25.82,27.91,"Rodentia","order","","","Copeland, S. R., Sponheimer, M., Thorp, J. A. L., de Ruiter, D. J., Roux, P. J., Grimes, V., ... & Richards, M. P. (2010). Using strontium isotopes to study site accumulation processes. Journal of taphonomy, 8(2), 115-127.",,,0.72927,2.5e-06,"unknown","unknown","","","LIT","GV2","ARDUOUS-04120","GV2"
"GV22","","SRM987",0.71024,"MC-ICP-MS","bulk solid","bulk solid",4e-05,"organism : animal : animal tissue : tooth : enamel","","","","","other","","","field","S. Copeland","sandicopeland@yahoo.com","","Gladysvale site",-25.82,27.91,"Rodentia","order","","","Copeland, S. R., Sponheimer, M., Thorp, J. A. L., de Ruiter, D. J., Roux, P. J., Grimes, V., ... & Richards, M. P. (2010). Using strontium isotopes to study site accumulation processes. Journal of taphonomy, 8(2), 115-127.",,,0.72555,2.5e-06,"unknown","unknown","","","LIT","GV22","ARDUOUS-04121","GV22"
"sk24664d","","SRM987",0.71024,"MC-ICP-MS","bulk solid","bulk solid",4e-05,"organism : animal : animal tissue : tooth : enamel","","","","","other","","","field","S. Copeland","sandicopeland@yahoo.com","","Swartkrans site",-25.92,27.81,"Rodentia","order","","","Copeland, S. R., Sponheimer, M., Thorp, J. A. L., de Ruiter, D. J., Roux, P. J., Grimes, V., ... & Richards, M. P. (2010). Using strontium isotopes to study site accumulation processes. Journal of taphonomy, 8(2), 115-127.",,,0.72674,2.5e-06,"unknown","unknown","","","LIT","sk24664d","ARDUOUS-04122","sk24664d"
"26-r10","","SRM987",0.71024,"MC-ICP-MS","bulk solid","bulk solid",4e-05,"organism : animal : animal tissue : tooth : enamel","","","","","other","","","field","S. Copeland","sandicopeland@yahoo.com","","Gladysvale site",-25.819494,27.905817,"Rodentia","order","","","Copeland, S. R., Sponheimer, M., Thorp, J. A. L., de Ruiter, D. J., Roux, P. J., Grimes, V., ... & Richards, M. P. (2010). Using strontium isotopes to study site accumulation processes. Journal of taphonomy, 8(2), 115-127.",,,0.72707,3e-06,"unknown","unknown","","","LIT","26-r10","ARDUOUS-04123","26-r10"
"26-r2","","SRM987",0.71024,"MC-ICP-MS","bulk solid","bulk solid",4e-05,"organism : animal : animal tissue : tooth : enamel","","","","","other","","","field","S. Copeland","sandicopeland@yahoo.com","","Gladysvale site",-25.819494,27.905817,"Rodentia","order","","","Copeland, S. R., Sponheimer, M., Thorp, J. A. L., de Ruiter, D. J., Roux, P. J., Grimes, V., ... & Richards, M. P. (2010). Using strontium isotopes to study site accumulation processes. Journal of taphonomy, 8(2), 115-127.",,,0.72892,3e-06,"unknown","unknown","","","LIT","26-r2","ARDUOUS-04124","26-r2"
"26-r21x","","SRM987",0.71024,"MC-ICP-MS","bulk solid","bulk solid",4e-05,"organism : animal : animal tissue : tooth : enamel","","","","","other","","","field","S. Copeland","sandicopeland@yahoo.com","","Gladysvale site",-25.819494,27.905817,"Rodentia","order","","","Copeland, S. R., Sponheimer, M., Thorp, J. A. L., de Ruiter, D. J., Roux, P. J., Grimes, V., ... & Richards, M. P. (2010). Using strontium isotopes to study site accumulation processes. Journal of taphonomy, 8(2), 115-127.",,,0.7273,3e-06,"unknown","unknown","","","LIT","26-r21x","ARDUOUS-04125","26-r21x"
"26-r22x","","SRM987",0.71024,"MC-ICP-MS","bulk solid","bulk solid",4e-05,"organism : animal : animal tissue : tooth : enamel","","","","","other","","","field","S. Copeland","sandicopeland@yahoo.com","","Gladysvale site",-25.819494,27.905817,"Rodentia","order","","","Copeland, S. R., Sponheimer, M., Thorp, J. A. L., de Ruiter, D. J., Roux, P. J., Grimes, V., ... & Richards, M. P. (2010). Using strontium isotopes to study site accumulation processes. Journal of taphonomy, 8(2), 115-127.",,,0.73313,3e-06,"unknown","unknown","","","LIT","26-r22x","ARDUOUS-04126","26-r22x"
"26-r23x","","SRM987",0.71024,"MC-ICP-MS","bulk solid","bulk solid",4e-05,"organism : animal : animal tissue : tooth : enamel","","","","","other","","","field","S. Copeland","sandicopeland@yahoo.com","","Gladysvale site",-25.819494,27.905817,"Rodentia","order","","","Copeland, S. R., Sponheimer, M., Thorp, J. A. L., de Ruiter, D. J., Roux, P. J., Grimes, V., ... & Richards, M. P. (2010). Using strontium isotopes to study site accumulation processes. Journal of taphonomy, 8(2), 115-127.",,,0.73146,3e-06,"unknown","unknown","","","LIT","26-r23x","ARDUOUS-04127","26-r23x"
"26-r29x","","SRM987",0.71024,"MC-ICP-MS","bulk solid","bulk solid",4e-05,"organism : animal : animal tissue : tooth : enamel","","","","","other","","","field","S. Copeland","sandicopeland@yahoo.com","","Gladysvale site",-25.819494,27.905817,"Rodentia","order","","","Copeland, S. R., Sponheimer, M., Thorp, J. A. L., de Ruiter, D. J., Roux, P. J., Grimes, V., ... & Richards, M. P. (2010). Using strontium isotopes to study site accumulation processes. Journal of taphonomy, 8(2), 115-127.",,,0.73293,3e-06,"unknown","unknown","","","LIT","26-r29x","ARDUOUS-04128","26-r29x"
"26-r33x","","SRM987",0.71024,"MC-ICP-MS","bulk solid","bulk solid",4e-05,"organism : animal : animal tissue : tooth : enamel","","","","","other","","","field","S. Copeland","sandicopeland@yahoo.com","","Gladysvale site",-25.819494,27.905817,"Rodentia","order","","","Copeland, S. R., Sponheimer, M., Thorp, J. A. L., de Ruiter, D. J., Roux, P. J., Grimes, V., ... & Richards, M. P. (2010). Using strontium isotopes to study site accumulation processes. Journal of taphonomy, 8(2), 115-127.",,,0.73171,3e-06,"unknown","unknown","","","LIT","26-r33x","ARDUOUS-04129","26-r33x"
"26-r34x","","SRM987",0.71024,"MC-ICP-MS","bulk solid","bulk solid",4e-05,"organism : animal : animal tissue : tooth : enamel","","","","","other","","","field","S. Copeland","sandicopeland@yahoo.com","","Gladysvale site",-25.819494,27.905817,"Rodentia","order","","","Copeland, S. R., Sponheimer, M., Thorp, J. A. L., de Ruiter, D. J., Roux, P. J., Grimes, V., ... & Richards, M. P. (2010). Using strontium isotopes to study site accumulation processes. Journal of taphonomy, 8(2), 115-127.",,,0.75088,3e-06,"unknown","unknown","","","LIT","26-r34x","ARDUOUS-04130","26-r34x"
"26-r36x","","SRM987",0.71024,"MC-ICP-MS","bulk solid","bulk solid",4e-05,"organism : animal : animal tissue : tooth : enamel","","","","","other","","","field","S. Copeland","sandicopeland@yahoo.com","","Gladysvale site",-25.819494,27.905817,"Rodentia","order","","","Copeland, S. R., Sponheimer, M., Thorp, J. A. L., de Ruiter, D. J., Roux, P. J., Grimes, V., ... & Richards, M. P. (2010). Using strontium isotopes to study site accumulation processes. Journal of taphonomy, 8(2), 115-127.",,,0.7304,3e-06,"unknown","unknown","","","LIT","26-r36x","ARDUOUS-04131","26-r36x"
"26-r39x","","SRM987",0.71024,"MC-ICP-MS","bulk solid","bulk solid",4e-05,"organism : animal : animal tissue : tooth : enamel","","","","","other","","","field","S. Copeland","sandicopeland@yahoo.com","","Gladysvale site",-25.819494,27.905817,"Rodentia","order","","","Copeland, S. R., Sponheimer, M., Thorp, J. A. L., de Ruiter, D. J., Roux, P. J., Grimes, V., ... & Richards, M. P. (2010). Using strontium isotopes to study site accumulation processes. Journal of taphonomy, 8(2), 115-127.",,,0.72875,3e-06,"unknown","unknown","","","LIT","26-r39x","ARDUOUS-04132","26-r39x"
"26-r5","","SRM987",0.71024,"MC-ICP-MS","bulk solid","bulk solid",4e-05,"organism : animal : animal tissue : tooth : enamel","","","","","other","","","field","S. Copeland","sandicopeland@yahoo.com","","Gladysvale site",-25.819494,27.905817,"Rodentia","order","","","Copeland, S. R., Sponheimer, M., Thorp, J. A. L., de Ruiter, D. J., Roux, P. J., Grimes, V., ... & Richards, M. P. (2010). Using strontium isotopes to study site accumulation processes. Journal of taphonomy, 8(2), 115-127.",,,0.72832,3e-06,"unknown","unknown","","","LIT","26-r5","ARDUOUS-04133","26-r5"
"26-r8","","SRM987",0.71024,"MC-ICP-MS","bulk solid","bulk solid",4e-05,"organism : animal : animal tissue : tooth : enamel","","","","","other","","","field","S. Copeland","sandicopeland@yahoo.com","","Gladysvale site",-25.819494,27.905817,"Rodentia","order","","","Copeland, S. R., Sponheimer, M., Thorp, J. A. L., de Ruiter, D. J., Roux, P. J., Grimes, V., ... & Richards, M. P. (2010). Using strontium isotopes to study site accumulation processes. Journal of taphonomy, 8(2), 115-127.",,,0.74923,3e-06,"unknown","unknown","","","LIT","26-r8","ARDUOUS-04134","26-r8"
"26-r9","","SRM987",0.71024,"MC-ICP-MS","bulk solid","bulk solid",4e-05,"organism : animal : animal tissue : tooth : enamel","","","","","other","","","field","S. Copeland","sandicopeland@yahoo.com","","Gladysvale site",-25.819494,27.905817,"Rodentia","order","","","Copeland, S. R., Sponheimer, M., Thorp, J. A. L., de Ruiter, D. J., Roux, P. J., Grimes, V., ... & Richards, M. P. (2010). Using strontium isotopes to study site accumulation processes. Journal of taphonomy, 8(2), 115-127.",,,0.73003,3e-06,"unknown","unknown","","","LIT","26-r9","ARDUOUS-04135","26-r9"
"26-to5z","","SRM987",0.71024,"MC-ICP-MS","bulk solid","bulk solid",4e-05,"organism : animal : animal tissue : tooth : enamel","","","","","other","","","field","S. Copeland","sandicopeland@yahoo.com","","Gladysvale site",-25.819494,27.905817,"Rodentia","order","","","Copeland, S. R., Sponheimer, M., Thorp, J. A. L., de Ruiter, D. J., Roux, P. J., Grimes, V., ... & Richards, M. P. (2010). Using strontium isotopes to study site accumulation processes. Journal of taphonomy, 8(2), 115-127.",,,0.75074,3e-06,"unknown","unknown","","","LIT","26-to5z","ARDUOUS-04137","26-to5z"
"26-to8z","","SRM987",0.71024,"MC-ICP-MS","bulk solid","bulk solid",4e-05,"organism : animal : animal tissue : tooth : enamel","","","","","other","","","field","S. Copeland","sandicopeland@yahoo.com","","Gladysvale site",-25.819494,27.905817,"Rodentia","order","","","Copeland, S. R., Sponheimer, M., Thorp, J. A. L., de Ruiter, D. J., Roux, P. J., Grimes, V., ... & Richards, M. P. (2010). Using strontium isotopes to study site accumulation processes. Journal of taphonomy, 8(2), 115-127.",,,0.73367,3e-06,"unknown","unknown","","","LIT","26-to8z","ARDUOUS-04138","26-to8z"
"GV1","","SRM987",0.71024,"MC-ICP-MS","bulk solid","bulk solid",4e-05,"organism : animal : animal tissue : tooth : enamel","","","","","other","","","field","S. Copeland","sandicopeland@yahoo.com","","Gladysvale site",-25.82,27.91,"Rodentia","order","","","Copeland, S. R., Sponheimer, M., Thorp, J. A. L., de Ruiter, D. J., Roux, P. J., Grimes, V., ... & Richards, M. P. (2010). Using strontium isotopes to study site accumulation processes. Journal of taphonomy, 8(2), 115-127.",,,0.73736,3e-06,"unknown","unknown","","","LIT","GV1","ARDUOUS-04139","GV1"
"GV11","","SRM987",0.71024,"MC-ICP-MS","bulk solid","bulk solid",4e-05,"organism : animal : animal tissue : tooth : enamel","","","","","other","","","field","S. Copeland","sandicopeland@yahoo.com","","Gladysvale site",-25.82,27.91,"Rodentia","order","","","Copeland, S. R., Sponheimer, M., Thorp, J. A. L., de Ruiter, D. J., Roux, P. J., Grimes, V., ... & Richards, M. P. (2010). Using strontium isotopes to study site accumulation processes. Journal of taphonomy, 8(2), 115-127.",,,0.74725,3e-06,"unknown","unknown","","","LIT","GV11","ARDUOUS-04140","GV11"
"GV14","","SRM987",0.71024,"MC-ICP-MS","bulk solid","bulk solid",4e-05,"organism : animal : animal tissue : tooth : enamel","","","","","other","","","field","S. Copeland","sandicopeland@yahoo.com","","Gladysvale site",-25.82,27.91,"Rodentia","order","","","Copeland, S. R., Sponheimer, M., Thorp, J. A. L., de Ruiter, D. J., Roux, P. J., Grimes, V., ... & Richards, M. P. (2010). Using strontium isotopes to study site accumulation processes. Journal of taphonomy, 8(2), 115-127.",,,0.73502,3e-06,"unknown","unknown","","","LIT","GV14","ARDUOUS-04141","GV14"
"GV23","","SRM987",0.71024,"MC-ICP-MS","bulk solid","bulk solid",4e-05,"organism : animal : animal tissue : tooth : enamel","","","","","other","","","field","S. Copeland","sandicopeland@yahoo.com","","Gladysvale site",-25.82,27.91,"Rodentia","order","","","Copeland, S. R., Sponheimer, M., Thorp, J. A. L., de Ruiter, D. J., Roux, P. J., Grimes, V., ... & Richards, M. P. (2010). Using strontium isotopes to study site accumulation processes. Journal of taphonomy, 8(2), 115-127.",,,0.73101,3e-06,"unknown","unknown","","","LIT","GV23","ARDUOUS-04142","GV23"
"GV28","","SRM987",0.71024,"MC-ICP-MS","bulk solid","bulk solid",4e-05,"organism : animal : animal tissue : tooth : enamel","","","","","other","","","field","S. Copeland","sandicopeland@yahoo.com","","Gladysvale site",-25.82,27.91,"Rodentia","order","","","Copeland, S. R., Sponheimer, M., Thorp, J. A. L., de Ruiter, D. J., Roux, P. J., Grimes, V., ... & Richards, M. P. (2010). Using strontium isotopes to study site accumulation processes. Journal of taphonomy, 8(2), 115-127.",,,0.72676,3e-06,"unknown","unknown","","","LIT","GV28","ARDUOUS-04143","GV28"
"GV5","","SRM987",0.71024,"MC-ICP-MS","bulk solid","bulk solid",4e-05,"organism : animal : animal tissue : tooth : enamel","","","","","other","","","field","S. Copeland","sandicopeland@yahoo.com","","Gladysvale site",-25.82,27.91,"Rodentia","order","","","Copeland, S. R., Sponheimer, M., Thorp, J. A. L., de Ruiter, D. J., Roux, P. J., Grimes, V., ... & Richards, M. P. (2010). Using strontium isotopes to study site accumulation processes. Journal of taphonomy, 8(2), 115-127.",,,0.73577,3e-06,"unknown","unknown","","","LIT","GV5","ARDUOUS-04144","GV5"
"GV7","","SRM987",0.71024,"MC-ICP-MS","bulk solid","bulk solid",4e-05,"organism : animal : animal tissue : tooth : enamel","","","","","other","","","field","S. Copeland","sandicopeland@yahoo.com","","Gladysvale site",-25.82,27.91,"Rodentia","order","","","Copeland, S. R., Sponheimer, M., Thorp, J. A. L., de Ruiter, D. J., Roux, P. J., Grimes, V., ... & Richards, M. P. (2010). Using strontium isotopes to study site accumulation processes. Journal of taphonomy, 8(2), 115-127.",,,0.72339,3e-06,"unknown","unknown","","","LIT","GV7","ARDUOUS-04145","GV7"
"GV8","","SRM987",0.71024,"MC-ICP-MS","bulk solid","bulk solid",4e-05,"organism : animal : animal tissue : tooth : enamel","","","","","other","","","field","S. Copeland","sandicopeland@yahoo.com","","Gladysvale site",-25.82,27.91,"Rodentia","order","","","Copeland, S. R., Sponheimer, M., Thorp, J. A. L., de Ruiter, D. J., Roux, P. J., Grimes, V., ... & Richards, M. P. (2010). Using strontium isotopes to study site accumulation processes. Journal of taphonomy, 8(2), 115-127.",,,0.73349,3e-06,"unknown","unknown","","","LIT","GV8","ARDUOUS-04146","GV8"
"GV9","","SRM987",0.71024,"MC-ICP-MS","bulk solid","bulk solid",4e-05,"organism : animal : animal tissue : tooth : enamel","","","","","other","","","field","S. Copeland","sandicopeland@yahoo.com","","Gladysvale site",-25.82,27.91,"Rodentia","order","","","Copeland, S. R., Sponheimer, M., Thorp, J. A. L., de Ruiter, D. J., Roux, P. J., Grimes, V., ... & Richards, M. P. (2010). Using strontium isotopes to study site accumulation processes. Journal of taphonomy, 8(2), 115-127.",,,0.73267,3e-06,"unknown","unknown","","","LIT","GV9","ARDUOUS-04147","GV9"
"sk24665b","","SRM987",0.71024,"MC-ICP-MS","bulk solid","bulk solid",4e-05,"organism : animal : animal tissue : tooth : enamel","","","","","other","","","field","S. Copeland","sandicopeland@yahoo.com","","Swartkrans site",-25.92,27.81,"Rodentia","order","","","Copeland, S. R., Sponheimer, M., Thorp, J. A. L., de Ruiter, D. J., Roux, P. J., Grimes, V., ... & Richards, M. P. (2010). Using strontium isotopes to study site accumulation processes. Journal of taphonomy, 8(2), 115-127.",,,0.73233,3e-06,"unknown","unknown","","","LIT","sk24665b","ARDUOUS-04149","sk24665b"
"sk24665c","","SRM987",0.71024,"MC-ICP-MS","bulk solid","bulk solid",4e-05,"organism : animal : animal tissue : tooth : enamel","","","","","other","","","field","S. Copeland","sandicopeland@yahoo.com","","Swartkrans site",-25.92,27.81,"Rodentia","order","","","Copeland, S. R., Sponheimer, M., Thorp, J. A. L., de Ruiter, D. J., Roux, P. J., Grimes, V., ... & Richards, M. P. (2010). Using strontium isotopes to study site accumulation processes. Journal of taphonomy, 8(2), 115-127.",,,0.73123,3e-06,"unknown","unknown","","","LIT","sk24665c","ARDUOUS-04150","sk24665c"
"sk24665d","","SRM987",0.71024,"MC-ICP-MS","bulk solid","bulk solid",4e-05,"organism : animal : animal tissue : tooth : enamel","","","","","other","","","field","S. Copeland","sandicopeland@yahoo.com","","Swartkrans site",-25.92,27.81,"Rodentia","order","","","Copeland, S. R., Sponheimer, M., Thorp, J. A. L., de Ruiter, D. J., Roux, P. J., Grimes, V., ... & Richards, M. P. (2010). Using strontium isotopes to study site accumulation processes. Journal of taphonomy, 8(2), 115-127.",,,0.7252,3e-06,"unknown","unknown","","","LIT","sk24665d","ARDUOUS-04151","sk24665d"
"26-r20x","","SRM987",0.71024,"MC-ICP-MS","bulk solid","bulk solid",4e-05,"organism : animal : animal tissue : tooth : enamel","","","","","other","","","field","S. Copeland","sandicopeland@yahoo.com","","Gladysvale site",-25.819494,27.905817,"Rodentia","order","","","Copeland, S. R., Sponheimer, M., Thorp, J. A. L., de Ruiter, D. J., Roux, P. J., Grimes, V., ... & Richards, M. P. (2010). Using strontium isotopes to study site accumulation processes. Journal of taphonomy, 8(2), 115-127.",,,0.73556,3.5e-06,"unknown","unknown","","","LIT","26-r20x","ARDUOUS-04152","26-r20x"
"sk24664a","","SRM987",0.71024,"MC-ICP-MS","bulk solid","bulk solid",4e-05,"organism : animal : animal tissue : tooth : enamel","","","","","other","","","field","S. Copeland","sandicopeland@yahoo.com","","Swartkrans site",-25.92,27.81,"Rodentia","order","","","Copeland, S. R., Sponheimer, M., Thorp, J. A. L., de Ruiter, D. J., Roux, P. J., Grimes, V., ... & Richards, M. P. (2010). Using strontium isotopes to study site accumulation processes. Journal of taphonomy, 8(2), 115-127.",,,0.72659,3.5e-06,"unknown","unknown","","","LIT","sk24664a","ARDUOUS-04153","sk24664a"
"sk24665a","","SRM987",0.71024,"MC-ICP-MS","bulk solid","bulk solid",4e-05,"organism : animal : animal tissue : tooth : enamel","","","","","other","","","field","S. Copeland","sandicopeland@yahoo.com","","Swartkrans site",-25.92,27.81,"Rodentia","order","","","Copeland, S. R., Sponheimer, M., Thorp, J. A. L., de Ruiter, D. J., Roux, P. J., Grimes, V., ... & Richards, M. P. (2010). Using strontium isotopes to study site accumulation processes. Journal of taphonomy, 8(2), 115-127.",,,0.74524,3.5e-06,"unknown","unknown","","","LIT","sk24665a","ARDUOUS-04154","sk24665a"
"sk24664b","","SRM987",0.71024,"MC-ICP-MS","bulk solid","bulk solid",4e-05,"organism : animal : animal tissue : tooth : enamel","","","","","other","","","field","S. Copeland","sandicopeland@yahoo.com","","Swartkrans site",-25.92,27.81,"Rodentia","order","","","Copeland, S. R., Sponheimer, M., Thorp, J. A. L., de Ruiter, D. J., Roux, P. J., Grimes, V., ... & Richards, M. P. (2010). Using strontium isotopes to study site accumulation processes. Journal of taphonomy, 8(2), 115-127.",,,0.7265,4e-06,"unknown","unknown","","","LIT","sk24664b","ARDUOUS-04155","sk24664b"
"GV19","","SRM987",0.71024,"MC-ICP-MS","bulk solid","bulk solid",4e-05,"organism : animal : animal tissue : tooth : enamel","","","","","other","","","field","S. Copeland","sandicopeland@yahoo.com","","Gladysvale site",-25.82,27.91,"Rodentia","order","","","Copeland, S. R., Sponheimer, M., Thorp, J. A. L., de Ruiter, D. J., Roux, P. J., Grimes, V., ... & Richards, M. P. (2010). Using strontium isotopes to study site accumulation processes. Journal of taphonomy, 8(2), 115-127.",,,0.74704,4.5e-06,"unknown","unknown","","","LIT","GV19","ARDUOUS-04156","GV19"
"26-to10z","","SRM987",0.71024,"MC-ICP-MS","bulk solid","bulk solid",4e-05,"organism : animal : animal tissue : tooth : enamel","","","","","other","","","field","S. Copeland","sandicopeland@yahoo.com","","Gladysvale site",-25.819494,27.905817,"Rodentia","order","","","Copeland, S. R., Sponheimer, M., Thorp, J. A. L., de Ruiter, D. J., Roux, P. J., Grimes, V., ... & Richards, M. P. (2010). Using strontium isotopes to study site accumulation processes. Journal of taphonomy, 8(2), 115-127.",,,0.72989,8.5e-06,"unknown","unknown","","","LIT","26-to10z","ARDUOUS-04157","26-to10z"
"sk24665f","","SRM987",0.71024,"MC-ICP-MS","bulk solid","bulk solid",4e-05,"organism : animal : animal tissue : tooth : enamel","","","","","other","","","field","S. Copeland","sandicopeland@yahoo.com","","Swartkrans site",-25.92,27.81,"Rodentia","order","","","Copeland, S. R., Sponheimer, M., Thorp, J. A. L., de Ruiter, D. J., Roux, P. J., Grimes, V., ... & Richards, M. P. (2010). Using strontium isotopes to study site accumulation processes. Journal of taphonomy, 8(2), 115-127.",,,0.7313,0.000135,"unknown","unknown","","","LIT","sk24665f","ARDUOUS-04158","sk24665f"
"sk24665h","","SRM987",0.71024,"MC-ICP-MS","bulk solid","bulk solid",4e-05,"organism : animal : animal tissue : tooth : enamel","","","","","other","","","field","S. Copeland","sandicopeland@yahoo.com","","Swartkrans site",-25.92,27.81,"Rodentia","order","","","Copeland, S. R., Sponheimer, M., Thorp, J. A. L., de Ruiter, D. J., Roux, P. J., Grimes, V., ... & Richards, M. P. (2010). Using strontium isotopes to study site accumulation processes. Journal of taphonomy, 8(2), 115-127.",,,0.75048,0.00019,"unknown","unknown","","","LIT","sk24665h","ARDUOUS-04159","sk24665h"
"sk24665e","","SRM987",0.71024,"MC-ICP-MS","bulk solid","bulk solid",4e-05,"organism : animal : animal tissue : tooth : enamel","","","","","other","","","field","S. Copeland","sandicopeland@yahoo.com","","Swartkrans site",-25.92,27.81,"Rodentia","order","","","Copeland, S. R., Sponheimer, M., Thorp, J. A. L., de Ruiter, D. J., Roux, P. J., Grimes, V., ... & Richards, M. P. (2010). Using strontium isotopes to study site accumulation processes. Journal of taphonomy, 8(2), 115-127.",,,0.74632,2e-04,"unknown","unknown","","","LIT","sk24665e","ARDUOUS-04160","sk24665e"
"sk24665g","","SRM987",0.71024,"MC-ICP-MS","bulk solid","bulk solid",4e-05,"organism : animal : animal tissue : tooth : enamel","","","","","other","","","field","S. Copeland","sandicopeland@yahoo.com","","Swartkrans site",-25.92,27.81,"Rodentia","order","","","Copeland, S. R., Sponheimer, M., Thorp, J. A. L., de Ruiter, D. J., Roux, P. J., Grimes, V., ... & Richards, M. P. (2010). Using strontium isotopes to study site accumulation processes. Journal of taphonomy, 8(2), 115-127.",,,0.72741,0.000615,"unknown","unknown","","","LIT","sk24665g","ARDUOUS-04161","sk24665g"
"sk24665j","","SRM987",0.71024,"MC-ICP-MS","bulk solid","bulk solid",4e-05,"organism : animal : animal tissue : tooth : enamel","","","","","other","","","field","S. Copeland","sandicopeland@yahoo.com","","Swartkrans site",-25.92,27.81,"Rodentia","order","","","Copeland, S. R., Sponheimer, M., Thorp, J. A. L., de Ruiter, D. J., Roux, P. J., Grimes, V., ... & Richards, M. P. (2010). Using strontium isotopes to study site accumulation processes. Journal of taphonomy, 8(2), 115-127.",,,0.72724,0.000945,"unknown","unknown","","","LIT","sk24665j","ARDUOUS-04162","sk24665j"
"-","","SRM987",0.71024,"MC-ICP-MS","bulk solid","bulk solid",4e-05,"organism : plant : plant tissue : leaf","","","","","other","","","field","S. Copeland","sandicopeland@yahoo.com","","Malmani dolomite",-25.9326778,27.810283,"","","","","Copeland, S. R., Sponheimer, M., Thorp, J. A. L., de Ruiter, D. J., Roux, P. J., Grimes, V., ... & Richards, M. P. (2010). Using strontium isotopes to study site accumulation processes. Journal of taphonomy, 8(2), 115-127.",,,0.72971,0.00165,"unknown","unknown","","","LIT","-","ARDUOUS-04163","-"
"-","","SRM987",0.71024,"MC-ICP-MS","bulk solid","bulk solid",4e-05,"organism : plant : plant tissue : leaf","","","","","other","","","field","S. Copeland","sandicopeland@yahoo.com","","Timeball Hill shale",-25.8660389,27.752606,"","","","","Copeland, S. R., Sponheimer, M., Thorp, J. A. L., de Ruiter, D. J., Roux, P. J., Grimes, V., ... & Richards, M. P. (2010). Using strontium isotopes to study site accumulation processes. Journal of taphonomy, 8(2), 115-127.",,,0.75326,0.00165,"unknown","unknown","","","LIT","-","ARDUOUS-04164","-"
"-","","SRM987",0.71024,"MC-ICP-MS","bulk solid","bulk solid",4e-05,"organism : plant : plant tissue : leaf","","","","","other","","","field","S. Copeland","sandicopeland@yahoo.com","","Hekpoort andesite/basalt",-25.8388167,27.722808,"","","","","Copeland, S. R., Sponheimer, M., Thorp, J. A. L., de Ruiter, D. J., Roux, P. J., Grimes, V., ... & Richards, M. P. (2010). Using strontium isotopes to study site accumulation processes. Journal of taphonomy, 8(2), 115-127.",,,0.74548,0.00289,"unknown","unknown","","","LIT","-","ARDUOUS-04165","-"
"sk24665i","","SRM987",0.71024,"MC-ICP-MS","bulk solid","bulk solid",4e-05,"organism : animal : animal tissue : tooth : enamel","","","","","other","","","field","S. Copeland","sandicopeland@yahoo.com","","Swartkrans site",-25.92,27.81,"Rodentia","order","","","Copeland, S. R., Sponheimer, M., Thorp, J. A. L., de Ruiter, D. J., Roux, P. J., Grimes, V., ... & Richards, M. P. (2010). Using strontium isotopes to study site accumulation processes. Journal of taphonomy, 8(2), 115-127.",,,0.72532,0.00421,"unknown","unknown","","","LIT","sk24665i","ARDUOUS-04166","sk24665i"
"sk24665k","","SRM987",0.71024,"MC-ICP-MS","bulk solid","bulk solid",4e-05,"organism : animal : animal tissue : tooth : enamel","","","","","other","","","field","S. Copeland","sandicopeland@yahoo.com","","Swartkrans site",-25.92,27.81,"Rodentia","order","","","Copeland, S. R., Sponheimer, M., Thorp, J. A. L., de Ruiter, D. J., Roux, P. J., Grimes, V., ... & Richards, M. P. (2010). Using strontium isotopes to study site accumulation processes. Journal of taphonomy, 8(2), 115-127.",,,0.72763,,"unknown","unknown","","","LIT","sk24665k","ARDUOUS-04167","sk24665k"
"sk24665l","","SRM987",0.71024,"MC-ICP-MS","bulk solid","bulk solid",4e-05,"organism : animal : animal tissue : tooth : enamel","","","","","other","","","field","S. Copeland","sandicopeland@yahoo.com","","Swartkrans site",-25.92,27.81,"Rodentia","order","","","Copeland, S. R., Sponheimer, M., Thorp, J. A. L., de Ruiter, D. J., Roux, P. J., Grimes, V., ... & Richards, M. P. (2010). Using strontium isotopes to study site accumulation processes. Journal of taphonomy, 8(2), 115-127.",,,0.73029,,"unknown","unknown","","","LIT","sk24665l","ARDUOUS-04168","sk24665l"
"sk24665n","","SRM987",0.71024,"MC-ICP-MS","bulk solid","bulk solid",4e-05,"organism : animal : animal tissue : tooth : enamel","","","","","other","","","field","S. Copeland","sandicopeland@yahoo.com","","Swartkrans site",-25.92,27.81,"Rodentia","order","","","Copeland, S. R., Sponheimer, M., Thorp, J. A. L., de Ruiter, D. J., Roux, P. J., Grimes, V., ... & Richards, M. P. (2010). Using strontium isotopes to study site accumulation processes. Journal of taphonomy, 8(2), 115-127.",,,0.73008,,"unknown","unknown","","","LIT","sk24665n","ARDUOUS-04170","sk24665n"
"sk24665o","","SRM987",0.71024,"MC-ICP-MS","bulk solid","bulk solid",4e-05,"organism : animal : animal tissue : tooth : enamel","","","","","other","","","field","S. Copeland","sandicopeland@yahoo.com","","Swartkrans site",-25.92,27.81,"Rodentia","order","","","Copeland, S. R., Sponheimer, M., Thorp, J. A. L., de Ruiter, D. J., Roux, P. J., Grimes, V., ... & Richards, M. P. (2010). Using strontium isotopes to study site accumulation processes. Journal of taphonomy, 8(2), 115-127.",,,0.73273,,"unknown","unknown","","","LIT","sk24665o","ARDUOUS-04171","sk24665o"
"sts3502a","","SRM987",0.71024,"MC-ICP-MS","bulk solid","bulk solid",4e-05,"organism : animal : animal tissue : tooth : enamel","","","","","other","","","field","S. Copeland","sandicopeland@yahoo.com","","Sterkfontein site",-25.92,27.81,"Rodentia","order","","","Copeland, S. R., Sponheimer, M., Thorp, J. A. L., de Ruiter, D. J., Roux, P. J., Grimes, V., ... & Richards, M. P. (2010). Using strontium isotopes to study site accumulation processes. Journal of taphonomy, 8(2), 115-127.",,,0.7269,,"unknown","unknown","","","LIT","sts3502a","ARDUOUS-04173","sts3502a"
"sts3502b","","SRM987",0.71024,"MC-ICP-MS","bulk solid","bulk solid",4e-05,"organism : animal : animal tissue : tooth : enamel","","","","","other","","","field","S. Copeland","sandicopeland@yahoo.com","","Sterkfontein site",-25.92,27.81,"Rodentia","order","","","Copeland, S. R., Sponheimer, M., Thorp, J. A. L., de Ruiter, D. J., Roux, P. J., Grimes, V., ... & Richards, M. P. (2010). Using strontium isotopes to study site accumulation processes. Journal of taphonomy, 8(2), 115-127.",,,0.73367,,"unknown","unknown","","","LIT","sts3502b","ARDUOUS-04174","sts3502b"
"sts3502d","","SRM987",0.71024,"MC-ICP-MS","bulk solid","bulk solid",4e-05,"organism : animal : animal tissue : tooth : enamel","","","","","other","","","field","S. Copeland","sandicopeland@yahoo.com","","Sterkfontein site",-25.92,27.81,"Rodentia","order","","","Copeland, S. R., Sponheimer, M., Thorp, J. A. L., de Ruiter, D. J., Roux, P. J., Grimes, V., ... & Richards, M. P. (2010). Using strontium isotopes to study site accumulation processes. Journal of taphonomy, 8(2), 115-127.",,,0.7293,,"unknown","unknown","","","LIT","sts3502d","ARDUOUS-04176","sts3502d"
"sts3502e","","SRM987",0.71024,"MC-ICP-MS","bulk solid","bulk solid",4e-05,"organism : animal : animal tissue : tooth : enamel","","","","","other","","","field","S. Copeland","sandicopeland@yahoo.com","","Sterkfontein site",-25.92,27.81,"Rodentia","order","","","Copeland, S. R., Sponheimer, M., Thorp, J. A. L., de Ruiter, D. J., Roux, P. J., Grimes, V., ... & Richards, M. P. (2010). Using strontium isotopes to study site accumulation processes. Journal of taphonomy, 8(2), 115-127.",,,0.76919,,"unknown","unknown","","","LIT","sts3502e","ARDUOUS-04177","sts3502e"
"sts3502f","","SRM987",0.71024,"MC-ICP-MS","bulk solid","bulk solid",4e-05,"organism : animal : animal tissue : tooth : enamel","","","","","other","","","field","S. Copeland","sandicopeland@yahoo.com","","Sterkfontein site",-25.92,27.81,"Rodentia","order","","","Copeland, S. R., Sponheimer, M., Thorp, J. A. L., de Ruiter, D. J., Roux, P. J., Grimes, V., ... & Richards, M. P. (2010). Using strontium isotopes to study site accumulation processes. Journal of taphonomy, 8(2), 115-127.",,,0.78848,,"unknown","unknown","","","LIT","sts3502f","ARDUOUS-04178","sts3502f"
"sts3502h","","SRM987",0.71024,"MC-ICP-MS","bulk solid","bulk solid",4e-05,"organism : animal : animal tissue : tooth : enamel","","","","","other","","","field","S. Copeland","sandicopeland@yahoo.com","","Sterkfontein site",-25.92,27.81,"Rodentia","order","","","Copeland, S. R., Sponheimer, M., Thorp, J. A. L., de Ruiter, D. J., Roux, P. J., Grimes, V., ... & Richards, M. P. (2010). Using strontium isotopes to study site accumulation processes. Journal of taphonomy, 8(2), 115-127.",,,0.78445,,"unknown","unknown","","","LIT","sts3502h","ARDUOUS-04179","sts3502h"
"sts3502i","","SRM987",0.71024,"MC-ICP-MS","bulk solid","bulk solid",4e-05,"organism : animal : animal tissue : tooth : enamel","","","","","other","","","field","S. Copeland","sandicopeland@yahoo.com","","Sterkfontein site",-25.92,27.81,"Rodentia","order","","","Copeland, S. R., Sponheimer, M., Thorp, J. A. L., de Ruiter, D. J., Roux, P. J., Grimes, V., ... & Richards, M. P. (2010). Using strontium isotopes to study site accumulation processes. Journal of taphonomy, 8(2), 115-127.",,,0.74749,,"unknown","unknown","","","LIT","sts3502i","ARDUOUS-04180","sts3502i"
"sts3502k","","SRM987",0.71024,"MC-ICP-MS","bulk solid","bulk solid",4e-05,"organism : animal : animal tissue : tooth : enamel","","","","","other","","","field","S. Copeland","sandicopeland@yahoo.com","","Sterkfontein site",-25.92,27.81,"Rodentia","order","","","Copeland, S. R., Sponheimer, M., Thorp, J. A. L., de Ruiter, D. J., Roux, P. J., Grimes, V., ... & Richards, M. P. (2010). Using strontium isotopes to study site accumulation processes. Journal of taphonomy, 8(2), 115-127.",,,0.74124,,"unknown","unknown","","","LIT","sts3502k","ARDUOUS-04182","sts3502k"
"sts3502l","","SRM987",0.71024,"MC-ICP-MS","bulk solid","bulk solid",4e-05,"organism : animal : animal tissue : tooth : enamel","","","","","other","","","field","S. Copeland","sandicopeland@yahoo.com","","Sterkfontein site",-25.92,27.81,"Rodentia","order","","","Copeland, S. R., Sponheimer, M., Thorp, J. A. L., de Ruiter, D. J., Roux, P. J., Grimes, V., ... & Richards, M. P. (2010). Using strontium isotopes to study site accumulation processes. Journal of taphonomy, 8(2), 115-127.",,,0.72894,,"unknown","unknown","","","LIT","sts3502l","ARDUOUS-04183","sts3502l"
"A1","","SRM987",0.71024,"MC-ICP-MS","bulk solid","bulk solid",4e-05,"organism : plant : plant tissue : leaf","","","","","other","","","field","S. Copeland","sandicopeland@gmail.com","","General Neogene/Quaternary",-34.12444,21.93392,"","","","","Copeland, S.R., et al., 2016. Strontium isotope investigation of ungulate movement patterns on the Pleistocene Paleo-Agulhas plain of the Greater Cape floristic region, South Africa. Quaternary Science Reviews, 141, pp.65-84.",,,0.71043,1.5e-05,"unknown","unknown","https://doi.org/10.1016/j.quascirev.2016.04.002","DOI","LIT","A1","ARDUOUS-04184","A1"
"A10","","SRM987",0.71024,"MC-ICP-MS","bulk solid","bulk solid",4e-05,"organism : plant : plant tissue : leaf","","","","","other","","","field","S. Copeland","sandicopeland@gmail.com","","Table Mountain",-33.87297,22.03111,"","","","","Copeland, S.R., et al., 2016. Strontium isotope investigation of ungulate movement patterns on the Pleistocene Paleo-Agulhas plain of the Greater Cape floristic region, South Africa. Quaternary Science Reviews, 141, pp.65-84.",,,0.71323,1.5e-05,"unknown","unknown","https://doi.org/10.1016/j.quascirev.2016.04.002","DOI","LIT","A10","ARDUOUS-04185","A10"
"A100","","SRM987",0.71024,"MC-ICP-MS","bulk solid","bulk solid",4e-05,"organism : plant : plant tissue : leaf","","","","","other","","","field","S. Copeland","sandicopeland@gmail.com","","Gamtoos/Malmesbury",-33.95756,22.53742,"","","","","Copeland, S.R., et al., 2016. Strontium isotope investigation of ungulate movement patterns on the Pleistocene Paleo-Agulhas plain of the Greater Cape floristic region, South Africa. Quaternary Science Reviews, 141, pp.65-84.",,,0.71289,1.5e-05,"unknown","unknown","https://doi.org/10.1016/j.quascirev.2016.04.002","DOI","LIT","A100","ARDUOUS-04186","A100"
"A101","","SRM987",0.71024,"MC-ICP-MS","bulk solid","bulk solid",4e-05,"organism : plant : plant tissue : leaf","","","","","other","","","field","S. Copeland","sandicopeland@gmail.com","","Gamtoos/Malmesbury",-33.95756,22.53742,"","","","","Copeland, S.R., et al., 2016. Strontium isotope investigation of ungulate movement patterns on the Pleistocene Paleo-Agulhas plain of the Greater Cape floristic region, South Africa. Quaternary Science Reviews, 141, pp.65-84.",,,0.71301,1.5e-05,"unknown","unknown","https://doi.org/10.1016/j.quascirev.2016.04.002","DOI","LIT","A101","ARDUOUS-04187","A101"
"A102","","SRM987",0.71024,"MC-ICP-MS","bulk solid","bulk solid",4e-05,"organism : plant : plant tissue : leaf","","","","","other","","","field","S. Copeland","sandicopeland@gmail.com","","Uitenhage",-34.03,23,"","","","","Copeland, S.R., et al., 2016. Strontium isotope investigation of ungulate movement patterns on the Pleistocene Paleo-Agulhas plain of the Greater Cape floristic region, South Africa. Quaternary Science Reviews, 141, pp.65-84.",,,0.71162,1.5e-05,"unknown","unknown","https://doi.org/10.1016/j.quascirev.2016.04.002","DOI","LIT","A102","ARDUOUS-04188","A102"
"A103","","SRM987",0.71024,"MC-ICP-MS","bulk solid","bulk solid",4e-05,"organism : plant : plant tissue : leaf","","","","","other","","","field","S. Copeland","sandicopeland@gmail.com","","General Neogene/Quaternary",-34.01177,23.11215,"","","","","Copeland, S.R., et al., 2016. Strontium isotope investigation of ungulate movement patterns on the Pleistocene Paleo-Agulhas plain of the Greater Cape floristic region, South Africa. Quaternary Science Reviews, 141, pp.65-84.",,,0.71076,1.5e-05,"unknown","unknown","https://doi.org/10.1016/j.quascirev.2016.04.002","DOI","LIT","A103","ARDUOUS-04189","A103"
"A104","","SRM987",0.71024,"MC-ICP-MS","bulk solid","bulk solid",4e-05,"organism : plant : plant tissue : leaf","","","","","other","","","field","S. Copeland","sandicopeland@gmail.com","","Table Mountain",-34.00311,23.11801,"","","","","Copeland, S.R., et al., 2016. Strontium isotope investigation of ungulate movement patterns on the Pleistocene Paleo-Agulhas plain of the Greater Cape floristic region, South Africa. Quaternary Science Reviews, 141, pp.65-84.",,,0.71077,1.5e-05,"unknown","unknown","https://doi.org/10.1016/j.quascirev.2016.04.002","DOI","LIT","A104","ARDUOUS-04190","A104"
"A105","","SRM987",0.71024,"MC-ICP-MS","bulk solid","bulk solid",4e-05,"organism : plant : plant tissue : leaf","","","","","other","","","field","S. Copeland","sandicopeland@gmail.com","","Table Mountain",-33.97749,23.1381,"","","","","Copeland, S.R., et al., 2016. Strontium isotope investigation of ungulate movement patterns on the Pleistocene Paleo-Agulhas plain of the Greater Cape floristic region, South Africa. Quaternary Science Reviews, 141, pp.65-84.",,,0.71066,1.5e-05,"unknown","unknown","https://doi.org/10.1016/j.quascirev.2016.04.002","DOI","LIT","A105","ARDUOUS-04191","A105"
"A106","","SRM987",0.71024,"MC-ICP-MS","bulk solid","bulk solid",4e-05,"organism : plant : plant tissue : leaf","","","","","other","","","field","S. Copeland","sandicopeland@gmail.com","","Table Mountain",-33.92806,23.16015,"","","","","Copeland, S.R., et al., 2016. Strontium isotope investigation of ungulate movement patterns on the Pleistocene Paleo-Agulhas plain of the Greater Cape floristic region, South Africa. Quaternary Science Reviews, 141, pp.65-84.",,,0.7119,1.5e-05,"unknown","unknown","https://doi.org/10.1016/j.quascirev.2016.04.002","DOI","LIT","A106","ARDUOUS-04192","A106"
"A107","","SRM987",0.71024,"MC-ICP-MS","bulk solid","bulk solid",4e-05,"organism : plant : plant tissue : leaf","","","","","other","","","field","S. Copeland","sandicopeland@gmail.com","","Table Mountain",-33.88012,23.15617,"","","","","Copeland, S.R., et al., 2016. Strontium isotope investigation of ungulate movement patterns on the Pleistocene Paleo-Agulhas plain of the Greater Cape floristic region, South Africa. Quaternary Science Reviews, 141, pp.65-84.",,,0.71204,1.5e-05,"unknown","unknown","https://doi.org/10.1016/j.quascirev.2016.04.002","DOI","LIT","A107","ARDUOUS-04193","A107"
"A108","","SRM987",0.71024,"MC-ICP-MS","bulk solid","bulk solid",4e-05,"organism : plant : plant tissue : leaf","","","","","other","","","field","S. Copeland","sandicopeland@gmail.com","","Table Mountain",-33.80072,23.17797,"","","","","Copeland, S.R., et al., 2016. Strontium isotope investigation of ungulate movement patterns on the Pleistocene Paleo-Agulhas plain of the Greater Cape floristic region, South Africa. Quaternary Science Reviews, 141, pp.65-84.",,,0.71444,1.5e-05,"unknown","unknown","https://doi.org/10.1016/j.quascirev.2016.04.002","DOI","LIT","A108","ARDUOUS-04194","A108"
"A109","","SRM987",0.71024,"MC-ICP-MS","bulk solid","bulk solid",4e-05,"organism : plant : plant tissue : leaf","","","","","other","","","field","S. Copeland","sandicopeland@gmail.com","","Table Mountain",-33.80072,23.17797,"","","","","Copeland, S.R., et al., 2016. Strontium isotope investigation of ungulate movement patterns on the Pleistocene Paleo-Agulhas plain of the Greater Cape floristic region, South Africa. Quaternary Science Reviews, 141, pp.65-84.",,,0.71394,1.5e-05,"unknown","unknown","https://doi.org/10.1016/j.quascirev.2016.04.002","DOI","LIT","A109","ARDUOUS-04195","A109"
"A11","","SRM987",0.71024,"MC-ICP-MS","bulk solid","bulk solid",4e-05,"organism : plant : plant tissue : leaf","","","","","other","","","field","S. Copeland","sandicopeland@gmail.com","","Cape Granite Suite",-34.02633,22.06908,"","","","","Copeland, S.R., et al., 2016. Strontium isotope investigation of ungulate movement patterns on the Pleistocene Paleo-Agulhas plain of the Greater Cape floristic region, South Africa. Quaternary Science Reviews, 141, pp.65-84.",,,0.71442,1.5e-05,"unknown","unknown","https://doi.org/10.1016/j.quascirev.2016.04.002","DOI","LIT","A11","ARDUOUS-04196","A11"
"A110","","SRM987",0.71024,"MC-ICP-MS","bulk solid","bulk solid",4e-05,"organism : plant : plant tissue : leaf","","","","","other","","","field","S. Copeland","sandicopeland@gmail.com","","Table Mountain",-33.70648,23.16404,"","","","","Copeland, S.R., et al., 2016. Strontium isotope investigation of ungulate movement patterns on the Pleistocene Paleo-Agulhas plain of the Greater Cape floristic region, South Africa. Quaternary Science Reviews, 141, pp.65-84.",,,0.71303,1.5e-05,"unknown","unknown","https://doi.org/10.1016/j.quascirev.2016.04.002","DOI","LIT","A110","ARDUOUS-04197","A110"
"A111","","SRM987",0.71024,"MC-ICP-MS","bulk solid","bulk solid",4e-05,"organism : plant : plant tissue : leaf","","","","","other","","","field","S. Copeland","sandicopeland@gmail.com","","Bokkeveld",-33.60233,23.14848,"","","","","Copeland, S.R., et al., 2016. Strontium isotope investigation of ungulate movement patterns on the Pleistocene Paleo-Agulhas plain of the Greater Cape floristic region, South Africa. Quaternary Science Reviews, 141, pp.65-84.",,,0.71544,1.5e-05,"unknown","unknown","https://doi.org/10.1016/j.quascirev.2016.04.002","DOI","LIT","A111","ARDUOUS-04198","A111"
"A112","","SRM987",0.71024,"MC-ICP-MS","bulk solid","bulk solid",4e-05,"organism : plant : plant tissue : leaf","","","","","other","","","field","S. Copeland","sandicopeland@gmail.com","","Bokkeveld",-33.53827,23.18449,"","","","","Copeland, S.R., et al., 2016. Strontium isotope investigation of ungulate movement patterns on the Pleistocene Paleo-Agulhas plain of the Greater Cape floristic region, South Africa. Quaternary Science Reviews, 141, pp.65-84.",,,0.71639,1.5e-05,"unknown","unknown","https://doi.org/10.1016/j.quascirev.2016.04.002","DOI","LIT","A112","ARDUOUS-04199","A112"
"A113","","SRM987",0.71024,"MC-ICP-MS","bulk solid","bulk solid",4e-05,"organism : plant : plant tissue : leaf","","","","","other","","","field","S. Copeland","sandicopeland@gmail.com","","Bokkeveld",-33.49756,23.2688,"","","","","Copeland, S.R., et al., 2016. Strontium isotope investigation of ungulate movement patterns on the Pleistocene Paleo-Agulhas plain of the Greater Cape floristic region, South Africa. Quaternary Science Reviews, 141, pp.65-84.",,,0.71738,1.5e-05,"unknown","unknown","https://doi.org/10.1016/j.quascirev.2016.04.002","DOI","LIT","A113","ARDUOUS-04200","A113"
"A114","","SRM987",0.71024,"MC-ICP-MS","bulk solid","bulk solid",4e-05,"organism : plant : plant tissue : leaf","","","","","other","","","field","S. Copeland","sandicopeland@gmail.com","","Uitenhage",-33.45144,23.31222,"","","","","Copeland, S.R., et al., 2016. Strontium isotope investigation of ungulate movement patterns on the Pleistocene Paleo-Agulhas plain of the Greater Cape floristic region, South Africa. Quaternary Science Reviews, 141, pp.65-84.",,,0.71727,1.5e-05,"unknown","unknown","https://doi.org/10.1016/j.quascirev.2016.04.002","DOI","LIT","A114","ARDUOUS-04201","A114"
"A115","","SRM987",0.71024,"MC-ICP-MS","bulk solid","bulk solid",4e-05,"organism : plant : plant tissue : leaf","","","","","other","","","field","S. Copeland","sandicopeland@gmail.com","","Bokkeveld",-33.33303,23.44917,"","","","","Copeland, S.R., et al., 2016. Strontium isotope investigation of ungulate movement patterns on the Pleistocene Paleo-Agulhas plain of the Greater Cape floristic region, South Africa. Quaternary Science Reviews, 141, pp.65-84.",,,0.71717,1.5e-05,"unknown","unknown","https://doi.org/10.1016/j.quascirev.2016.04.002","DOI","LIT","A115","ARDUOUS-04202","A115"
"A116","","SRM987",0.71024,"MC-ICP-MS","bulk solid","bulk solid",4e-05,"organism : plant : plant tissue : leaf","","","","","other","","","field","S. Copeland","sandicopeland@gmail.com","","Witteberg",-33.28625,23.24341,"","","","","Copeland, S.R., et al., 2016. Strontium isotope investigation of ungulate movement patterns on the Pleistocene Paleo-Agulhas plain of the Greater Cape floristic region, South Africa. Quaternary Science Reviews, 141, pp.65-84.",,,0.72092,1.5e-05,"unknown","unknown","https://doi.org/10.1016/j.quascirev.2016.04.002","DOI","LIT","A116","ARDUOUS-04203","A116"
"A117","","SRM987",0.71024,"MC-ICP-MS","bulk solid","bulk solid",4e-05,"organism : plant : plant tissue : leaf","","","","","other","","","field","S. Copeland","sandicopeland@gmail.com","","Witteberg",-33.34693,23.10308,"","","","","Copeland, S.R., et al., 2016. Strontium isotope investigation of ungulate movement patterns on the Pleistocene Paleo-Agulhas plain of the Greater Cape floristic region, South Africa. Quaternary Science Reviews, 141, pp.65-84.",,,0.7237,1.5e-05,"unknown","unknown","https://doi.org/10.1016/j.quascirev.2016.04.002","DOI","LIT","A117","ARDUOUS-04204","A117"
"A118","","SRM987",0.71024,"MC-ICP-MS","bulk solid","bulk solid",4e-05,"organism : plant : plant tissue : leaf","","","","","other","","","field","S. Copeland","sandicopeland@gmail.com","","Witteberg",-33.33512,22.91318,"","","","","Copeland, S.R., et al., 2016. Strontium isotope investigation of ungulate movement patterns on the Pleistocene Paleo-Agulhas plain of the Greater Cape floristic region, South Africa. Quaternary Science Reviews, 141, pp.65-84.",,,0.72276,1.5e-05,"unknown","unknown","https://doi.org/10.1016/j.quascirev.2016.04.002","DOI","LIT","A118","ARDUOUS-04205","A118"
"A119","","SRM987",0.71024,"MC-ICP-MS","bulk solid","bulk solid",4e-05,"organism : plant : plant tissue : leaf","","","","","other","","","field","S. Copeland","sandicopeland@gmail.com","","Bokkeveld",-33.36319,22.78554,"","","","","Copeland, S.R., et al., 2016. Strontium isotope investigation of ungulate movement patterns on the Pleistocene Paleo-Agulhas plain of the Greater Cape floristic region, South Africa. Quaternary Science Reviews, 141, pp.65-84.",,,0.72072,1.5e-05,"unknown","unknown","https://doi.org/10.1016/j.quascirev.2016.04.002","DOI","LIT","A119","ARDUOUS-04206","A119"
"A12","","SRM987",0.71024,"MC-ICP-MS","bulk solid","bulk solid",4e-05,"organism : plant : plant tissue : leaf","","","","","other","","","field","S. Copeland","sandicopeland@gmail.com","","Uitenhage",-34.14178,22.03564,"","","","","Copeland, S.R., et al., 2016. Strontium isotope investigation of ungulate movement patterns on the Pleistocene Paleo-Agulhas plain of the Greater Cape floristic region, South Africa. Quaternary Science Reviews, 141, pp.65-84.",,,0.71036,1.5e-05,"unknown","unknown","https://doi.org/10.1016/j.quascirev.2016.04.002","DOI","LIT","A12","ARDUOUS-04207","A12"
"A120","","SRM987",0.71024,"MC-ICP-MS","bulk solid","bulk solid",4e-05,"organism : plant : plant tissue : leaf","","","","","other","","","field","S. Copeland","sandicopeland@gmail.com","","Bokkeveld",-33.34998,22.56484,"","","","","Copeland, S.R., et al., 2016. Strontium isotope investigation of ungulate movement patterns on the Pleistocene Paleo-Agulhas plain of the Greater Cape floristic region, South Africa. Quaternary Science Reviews, 141, pp.65-84.",,,0.72093,1.5e-05,"unknown","unknown","https://doi.org/10.1016/j.quascirev.2016.04.002","DOI","LIT","A120","ARDUOUS-04208","A120"
"A121","","SRM987",0.71024,"MC-ICP-MS","bulk solid","bulk solid",4e-05,"organism : plant : plant tissue : leaf","","","","","other","","","field","S. Copeland","sandicopeland@gmail.com","","Witteberg",-33.26257,22.06516,"","","","","Copeland, S.R., et al., 2016. Strontium isotope investigation of ungulate movement patterns on the Pleistocene Paleo-Agulhas plain of the Greater Cape floristic region, South Africa. Quaternary Science Reviews, 141, pp.65-84.",,,0.72098,1.5e-05,"unknown","unknown","https://doi.org/10.1016/j.quascirev.2016.04.002","DOI","LIT","A121","ARDUOUS-04209","A121"
"A122","","SRM987",0.71024,"MC-ICP-MS","bulk solid","bulk solid",4e-05,"organism : plant : plant tissue : leaf","","","","","other","","","field","S. Copeland","sandicopeland@gmail.com","","Witteberg",-33.27806,22.26727,"","","","","Copeland, S.R., et al., 2016. Strontium isotope investigation of ungulate movement patterns on the Pleistocene Paleo-Agulhas plain of the Greater Cape floristic region, South Africa. Quaternary Science Reviews, 141, pp.65-84.",,,0.72335,1.5e-05,"unknown","unknown","https://doi.org/10.1016/j.quascirev.2016.04.002","DOI","LIT","A122","ARDUOUS-04210","A122"
"A123","","SRM987",0.71024,"MC-ICP-MS","bulk solid","bulk solid",4e-05,"organism : plant : plant tissue : leaf","","","","","other","","","field","S. Copeland","sandicopeland@gmail.com","","Table Mountain",-33.38822,22.55869,"","","","","Copeland, S.R., et al., 2016. Strontium isotope investigation of ungulate movement patterns on the Pleistocene Paleo-Agulhas plain of the Greater Cape floristic region, South Africa. Quaternary Science Reviews, 141, pp.65-84.",,,0.71681,1.5e-05,"unknown","unknown","https://doi.org/10.1016/j.quascirev.2016.04.002","DOI","LIT","A123","ARDUOUS-04211","A123"
"A124","","SRM987",0.71024,"MC-ICP-MS","bulk solid","bulk solid",4e-05,"organism : plant : plant tissue : leaf","","","","","other","","","field","S. Copeland","sandicopeland@gmail.com","","Cango Caves",-33.45535,22.56075,"","","","","Copeland, S.R., et al., 2016. Strontium isotope investigation of ungulate movement patterns on the Pleistocene Paleo-Agulhas plain of the Greater Cape floristic region, South Africa. Quaternary Science Reviews, 141, pp.65-84.",,,0.72544,1.5e-05,"unknown","unknown","https://doi.org/10.1016/j.quascirev.2016.04.002","DOI","LIT","A124","ARDUOUS-04212","A124"
"A125","","SRM987",0.71024,"MC-ICP-MS","bulk solid","bulk solid",4e-05,"organism : plant : plant tissue : leaf","","","","","other","","","field","S. Copeland","sandicopeland@gmail.com","","Uitenhage",-33.49469,22.52277,"","","","","Copeland, S.R., et al., 2016. Strontium isotope investigation of ungulate movement patterns on the Pleistocene Paleo-Agulhas plain of the Greater Cape floristic region, South Africa. Quaternary Science Reviews, 141, pp.65-84.",,,0.71681,1.5e-05,"unknown","unknown","https://doi.org/10.1016/j.quascirev.2016.04.002","DOI","LIT","A125","ARDUOUS-04213","A125"
"A126","","SRM987",0.71024,"MC-ICP-MS","bulk solid","bulk solid",4e-05,"organism : plant : plant tissue : leaf","","","","","other","","","field","S. Copeland","sandicopeland@gmail.com","","General Neogene/Quaternary",-33.58585,22.27856,"","","","","Copeland, S.R., et al., 2016. Strontium isotope investigation of ungulate movement patterns on the Pleistocene Paleo-Agulhas plain of the Greater Cape floristic region, South Africa. Quaternary Science Reviews, 141, pp.65-84.",,,0.71423,1.5e-05,"unknown","unknown","https://doi.org/10.1016/j.quascirev.2016.04.002","DOI","LIT","A126","ARDUOUS-04214","A126"
"A127","","SRM987",0.71024,"MC-ICP-MS","bulk solid","bulk solid",4e-05,"organism : plant : plant tissue : leaf","","","","","other","","","field","S. Copeland","sandicopeland@gmail.com","","Uitenhage",-33.47681,22.63945,"","","","","Copeland, S.R., et al., 2016. Strontium isotope investigation of ungulate movement patterns on the Pleistocene Paleo-Agulhas plain of the Greater Cape floristic region, South Africa. Quaternary Science Reviews, 141, pp.65-84.",,,0.71971,1.5e-05,"unknown","unknown","https://doi.org/10.1016/j.quascirev.2016.04.002","DOI","LIT","A127","ARDUOUS-04215","A127"
"A128","","SRM987",0.71024,"MC-ICP-MS","bulk solid","bulk solid",4e-05,"organism : plant : plant tissue : leaf","","","","","other","","","field","S. Copeland","sandicopeland@gmail.com","","Bokkeveld",-33.55,22.75,"","","","","Copeland, S.R., et al., 2016. Strontium isotope investigation of ungulate movement patterns on the Pleistocene Paleo-Agulhas plain of the Greater Cape floristic region, South Africa. Quaternary Science Reviews, 141, pp.65-84.",,,0.71634,1.5e-05,"unknown","unknown","https://doi.org/10.1016/j.quascirev.2016.04.002","DOI","LIT","A128","ARDUOUS-04216","A128"
"A129","","SRM987",0.71024,"MC-ICP-MS","bulk solid","bulk solid",4e-05,"organism : plant : plant tissue : leaf","","","","","other","","","field","S. Copeland","sandicopeland@gmail.com","","Bokkeveld",-33.53585,22.85377,"","","","","Copeland, S.R., et al., 2016. Strontium isotope investigation of ungulate movement patterns on the Pleistocene Paleo-Agulhas plain of the Greater Cape floristic region, South Africa. Quaternary Science Reviews, 141, pp.65-84.",,,0.71776,1.5e-05,"unknown","unknown","https://doi.org/10.1016/j.quascirev.2016.04.002","DOI","LIT","A129","ARDUOUS-04217","A129"
"A13","","SRM987",0.71024,"MC-ICP-MS","bulk solid","bulk solid",4e-05,"organism : plant : plant tissue : leaf","","","","","other","","","field","S. Copeland","sandicopeland@gmail.com","","Bredasdorp",-34.32767,21.80256,"","","","","Copeland, S.R., et al., 2016. Strontium isotope investigation of ungulate movement patterns on the Pleistocene Paleo-Agulhas plain of the Greater Cape floristic region, South Africa. Quaternary Science Reviews, 141, pp.65-84.",,,0.70973,1.5e-05,"unknown","unknown","https://doi.org/10.1016/j.quascirev.2016.04.002","DOI","LIT","A13","ARDUOUS-04218","A13"
"A130","","SRM987",0.71024,"MC-ICP-MS","bulk solid","bulk solid",4e-05,"organism : plant : plant tissue : leaf","","","","","other","","","field","S. Copeland","sandicopeland@gmail.com","","Bokkeveld",-33.48437,23.02711,"","","","","Copeland, S.R., et al., 2016. Strontium isotope investigation of ungulate movement patterns on the Pleistocene Paleo-Agulhas plain of the Greater Cape floristic region, South Africa. Quaternary Science Reviews, 141, pp.65-84.",,,0.71761,1.5e-05,"unknown","unknown","https://doi.org/10.1016/j.quascirev.2016.04.002","DOI","LIT","A130","ARDUOUS-04219","A130"
"A131","","SRM987",0.71024,"MC-ICP-MS","bulk solid","bulk solid",4e-05,"organism : plant : plant tissue : leaf","","","","","other","","","field","S. Copeland","sandicopeland@gmail.com","","Bokkeveld",-33.55603,23.1062,"","","","","Copeland, S.R., et al., 2016. Strontium isotope investigation of ungulate movement patterns on the Pleistocene Paleo-Agulhas plain of the Greater Cape floristic region, South Africa. Quaternary Science Reviews, 141, pp.65-84.",,,0.71425,1.5e-05,"unknown","unknown","https://doi.org/10.1016/j.quascirev.2016.04.002","DOI","LIT","A131","ARDUOUS-04220","A131"
"A132","","SRM987",0.71024,"MC-ICP-MS","bulk solid","bulk solid",4e-05,"organism : plant : plant tissue : leaf","","","","","other","","","field","S. Copeland","sandicopeland@gmail.com","","Bokkeveld",-33.68425,23.06829,"","","","","Copeland, S.R., et al., 2016. Strontium isotope investigation of ungulate movement patterns on the Pleistocene Paleo-Agulhas plain of the Greater Cape floristic region, South Africa. Quaternary Science Reviews, 141, pp.65-84.",,,0.71441,1.5e-05,"unknown","unknown","https://doi.org/10.1016/j.quascirev.2016.04.002","DOI","LIT","A132","ARDUOUS-04221","A132"
"A133","","SRM987",0.71024,"MC-ICP-MS","bulk solid","bulk solid",4e-05,"organism : plant : plant tissue : leaf","","","","","other","","","field","S. Copeland","sandicopeland@gmail.com","","Table Mountain",-33.74219,23.00222,"","","","","Copeland, S.R., et al., 2016. Strontium isotope investigation of ungulate movement patterns on the Pleistocene Paleo-Agulhas plain of the Greater Cape floristic region, South Africa. Quaternary Science Reviews, 141, pp.65-84.",,,0.7147,1.5e-05,"unknown","unknown","https://doi.org/10.1016/j.quascirev.2016.04.002","DOI","LIT","A133","ARDUOUS-04222","A133"
"A134","","SRM987",0.71024,"MC-ICP-MS","bulk solid","bulk solid",4e-05,"organism : plant : plant tissue : leaf","","","","","other","","","field","S. Copeland","sandicopeland@gmail.com","","Bokkeveld",-33.77272,22.76576,"","","","","Copeland, S.R., et al., 2016. Strontium isotope investigation of ungulate movement patterns on the Pleistocene Paleo-Agulhas plain of the Greater Cape floristic region, South Africa. Quaternary Science Reviews, 141, pp.65-84.",,,0.71469,1.5e-05,"unknown","unknown","https://doi.org/10.1016/j.quascirev.2016.04.002","DOI","LIT","A134","ARDUOUS-04223","A134"
"A135","","SRM987",0.71024,"MC-ICP-MS","bulk solid","bulk solid",4e-05,"organism : plant : plant tissue : leaf","","","","","other","","","field","S. Copeland","sandicopeland@gmail.com","","Bokkeveld",-33.80466,22.59647,"","","","","Copeland, S.R., et al., 2016. Strontium isotope investigation of ungulate movement patterns on the Pleistocene Paleo-Agulhas plain of the Greater Cape floristic region, South Africa. Quaternary Science Reviews, 141, pp.65-84.",,,0.71242,1.5e-05,"unknown","unknown","https://doi.org/10.1016/j.quascirev.2016.04.002","DOI","LIT","A135","ARDUOUS-04224","A135"
"A136","","SRM987",0.71024,"MC-ICP-MS","bulk solid","bulk solid",4e-05,"organism : plant : plant tissue : leaf","","","","","other","","","field","S. Copeland","sandicopeland@gmail.com","","Table Mountain",-33.82771,22.40289,"","","","","Copeland, S.R., et al., 2016. Strontium isotope investigation of ungulate movement patterns on the Pleistocene Paleo-Agulhas plain of the Greater Cape floristic region, South Africa. Quaternary Science Reviews, 141, pp.65-84.",,,0.71286,1.5e-05,"unknown","unknown","https://doi.org/10.1016/j.quascirev.2016.04.002","DOI","LIT","A136","ARDUOUS-04225","A136"
"A137","","SRM987",0.71024,"MC-ICP-MS","bulk solid","bulk solid",4e-05,"organism : plant : plant tissue : leaf","","","","","other","","","field","S. Copeland","sandicopeland@gmail.com","","Bokkeveld",-33.78119,22.3418,"","","","","Copeland, S.R., et al., 2016. Strontium isotope investigation of ungulate movement patterns on the Pleistocene Paleo-Agulhas plain of the Greater Cape floristic region, South Africa. Quaternary Science Reviews, 141, pp.65-84.",,,0.71466,1.5e-05,"unknown","unknown","https://doi.org/10.1016/j.quascirev.2016.04.002","DOI","LIT","A137","ARDUOUS-04226","A137"
"A138","","SRM987",0.71024,"MC-ICP-MS","bulk solid","bulk solid",4e-05,"organism : plant : plant tissue : leaf","","","","","other","","","field","S. Copeland","sandicopeland@gmail.com","","Bokkeveld",-33.6952,22.28057,"","","","","Copeland, S.R., et al., 2016. Strontium isotope investigation of ungulate movement patterns on the Pleistocene Paleo-Agulhas plain of the Greater Cape floristic region, South Africa. Quaternary Science Reviews, 141, pp.65-84.",,,0.71809,1.5e-05,"unknown","unknown","https://doi.org/10.1016/j.quascirev.2016.04.002","DOI","LIT","A138","ARDUOUS-04227","A138"
"A139","","SRM987",0.71024,"MC-ICP-MS","bulk solid","bulk solid",4e-05,"organism : plant : plant tissue : leaf","","","","","other","","","field","S. Copeland","sandicopeland@gmail.com","","Uitenhage",-33.58959,21.994,"","","","","Copeland, S.R., et al., 2016. Strontium isotope investigation of ungulate movement patterns on the Pleistocene Paleo-Agulhas plain of the Greater Cape floristic region, South Africa. Quaternary Science Reviews, 141, pp.65-84.",,,0.71361,1.5e-05,"unknown","unknown","https://doi.org/10.1016/j.quascirev.2016.04.002","DOI","LIT","A139","ARDUOUS-04228","A139"
"A14","","SRM987",0.71024,"MC-ICP-MS","bulk solid","bulk solid",4e-05,"organism : plant : plant tissue : leaf","","","","","other","","","field","S. Copeland","sandicopeland@gmail.com","","Bredasdorp",-34.354,21.65681,"","","","","Copeland, S.R., et al., 2016. Strontium isotope investigation of ungulate movement patterns on the Pleistocene Paleo-Agulhas plain of the Greater Cape floristic region, South Africa. Quaternary Science Reviews, 141, pp.65-84.",,,0.70973,1.5e-05,"unknown","unknown","https://doi.org/10.1016/j.quascirev.2016.04.002","DOI","LIT","A14","ARDUOUS-04229","A14"
"A140","","SRM987",0.71024,"MC-ICP-MS","bulk solid","bulk solid",4e-05,"organism : plant : plant tissue : leaf","","","","","other","","","field","S. Copeland","sandicopeland@gmail.com","","Uitenhage",-33.54582,21.83374,"","","","","Copeland, S.R., et al., 2016. Strontium isotope investigation of ungulate movement patterns on the Pleistocene Paleo-Agulhas plain of the Greater Cape floristic region, South Africa. Quaternary Science Reviews, 141, pp.65-84.",,,0.71463,1.5e-05,"unknown","unknown","https://doi.org/10.1016/j.quascirev.2016.04.002","DOI","LIT","A140","ARDUOUS-04230","A140"
"A141","","SRM987",0.71024,"MC-ICP-MS","bulk solid","bulk solid",4e-05,"organism : plant : plant tissue : leaf","","","","","other","","","field","S. Copeland","sandicopeland@gmail.com","","Cango Caves",-33.49899,21.62595,"","","","","Copeland, S.R., et al., 2016. Strontium isotope investigation of ungulate movement patterns on the Pleistocene Paleo-Agulhas plain of the Greater Cape floristic region, South Africa. Quaternary Science Reviews, 141, pp.65-84.",,,0.72016,1.5e-05,"unknown","unknown","https://doi.org/10.1016/j.quascirev.2016.04.002","DOI","LIT","A141","ARDUOUS-04231","A141"
"A142","","SRM987",0.71024,"MC-ICP-MS","bulk solid","bulk solid",4e-05,"organism : plant : plant tissue : leaf","","","","","other","","","field","S. Copeland","sandicopeland@gmail.com","","Bokkeveld",-33.4915,21.44253,"","","","","Copeland, S.R., et al., 2016. Strontium isotope investigation of ungulate movement patterns on the Pleistocene Paleo-Agulhas plain of the Greater Cape floristic region, South Africa. Quaternary Science Reviews, 141, pp.65-84.",,,0.71948,1.5e-05,"unknown","unknown","https://doi.org/10.1016/j.quascirev.2016.04.002","DOI","LIT","A142","ARDUOUS-04232","A142"
"A143","","SRM987",0.71024,"MC-ICP-MS","bulk solid","bulk solid",4e-05,"organism : plant : plant tissue : leaf","","","","","other","","","field","S. Copeland","sandicopeland@gmail.com","","Bokkeveld",-33.51808,21.25657,"","","","","Copeland, S.R., et al., 2016. Strontium isotope investigation of ungulate movement patterns on the Pleistocene Paleo-Agulhas plain of the Greater Cape floristic region, South Africa. Quaternary Science Reviews, 141, pp.65-84.",,,0.71802,1.5e-05,"unknown","unknown","https://doi.org/10.1016/j.quascirev.2016.04.002","DOI","LIT","A143","ARDUOUS-04233","A143"
"A144","","SRM987",0.71024,"MC-ICP-MS","bulk solid","bulk solid",4e-05,"organism : plant : plant tissue : leaf","","","","","other","","","field","S. Copeland","sandicopeland@gmail.com","","Witteberg",-33.69096,21.16573,"","","","","Copeland, S.R., et al., 2016. Strontium isotope investigation of ungulate movement patterns on the Pleistocene Paleo-Agulhas plain of the Greater Cape floristic region, South Africa. Quaternary Science Reviews, 141, pp.65-84.",,,0.71638,1.5e-05,"unknown","unknown","https://doi.org/10.1016/j.quascirev.2016.04.002","DOI","LIT","A144","ARDUOUS-04234","A144"
"A145","","SRM987",0.71024,"MC-ICP-MS","bulk solid","bulk solid",4e-05,"organism : plant : plant tissue : leaf","","","","","other","","","field","S. Copeland","sandicopeland@gmail.com","","Bokkeveld",-33.85786,21.20661,"","","","","Copeland, S.R., et al., 2016. Strontium isotope investigation of ungulate movement patterns on the Pleistocene Paleo-Agulhas plain of the Greater Cape floristic region, South Africa. Quaternary Science Reviews, 141, pp.65-84.",,,0.71353,1.5e-05,"unknown","unknown","https://doi.org/10.1016/j.quascirev.2016.04.002","DOI","LIT","A145","ARDUOUS-04235","A145"
"A146","","SRM987",0.71024,"MC-ICP-MS","bulk solid","bulk solid",4e-05,"organism : plant : plant tissue : leaf","","","","","other","","","field","S. Copeland","sandicopeland@gmail.com","","Table Mountain",-33.96419,21.22259,"","","","","Copeland, S.R., et al., 2016. Strontium isotope investigation of ungulate movement patterns on the Pleistocene Paleo-Agulhas plain of the Greater Cape floristic region, South Africa. Quaternary Science Reviews, 141, pp.65-84.",,,0.71268,1.5e-05,"unknown","unknown","https://doi.org/10.1016/j.quascirev.2016.04.002","DOI","LIT","A146","ARDUOUS-04236","A146"
"A147","","SRM987",0.71024,"MC-ICP-MS","bulk solid","bulk solid",4e-05,"organism : plant : plant tissue : leaf","","","","","other","","","field","S. Copeland","sandicopeland@gmail.com","","Uitenhage",-34.02743,21.22751,"","","","","Copeland, S.R., et al., 2016. Strontium isotope investigation of ungulate movement patterns on the Pleistocene Paleo-Agulhas plain of the Greater Cape floristic region, South Africa. Quaternary Science Reviews, 141, pp.65-84.",,,0.71515,1.5e-05,"unknown","unknown","https://doi.org/10.1016/j.quascirev.2016.04.002","DOI","LIT","A147","ARDUOUS-04237","A147"
"A148","","SRM987",0.71024,"MC-ICP-MS","bulk solid","bulk solid",4e-05,"organism : plant : plant tissue : leaf","","","","","other","","","field","S. Copeland","sandicopeland@gmail.com","","Uitenhage",-34.06805,21.34616,"","","","","Copeland, S.R., et al., 2016. Strontium isotope investigation of ungulate movement patterns on the Pleistocene Paleo-Agulhas plain of the Greater Cape floristic region, South Africa. Quaternary Science Reviews, 141, pp.65-84.",,,0.71715,1.5e-05,"unknown","unknown","https://doi.org/10.1016/j.quascirev.2016.04.002","DOI","LIT","A148","ARDUOUS-04238","A148"
"A149","","SRM987",0.71024,"MC-ICP-MS","bulk solid","bulk solid",4e-05,"organism : plant : plant tissue : leaf","","","","","other","","","field","S. Copeland","sandicopeland@gmail.com","","Bokkeveld",-34.0563,21.50597,"","","","","Copeland, S.R., et al., 2016. Strontium isotope investigation of ungulate movement patterns on the Pleistocene Paleo-Agulhas plain of the Greater Cape floristic region, South Africa. Quaternary Science Reviews, 141, pp.65-84.",,,0.71238,1.5e-05,"unknown","unknown","https://doi.org/10.1016/j.quascirev.2016.04.002","DOI","LIT","A149","ARDUOUS-04239","A149"
"A15","","SRM987",0.71024,"MC-ICP-MS","bulk solid","bulk solid",4e-05,"organism : plant : plant tissue : leaf","","","","","other","","","field","S. Copeland","sandicopeland@gmail.com","","Table Mountain",-34.20914,21.68472,"","","","","Copeland, S.R., et al., 2016. Strontium isotope investigation of ungulate movement patterns on the Pleistocene Paleo-Agulhas plain of the Greater Cape floristic region, South Africa. Quaternary Science Reviews, 141, pp.65-84.",,,0.71014,1.5e-05,"unknown","unknown","https://doi.org/10.1016/j.quascirev.2016.04.002","DOI","LIT","A15","ARDUOUS-04240","A15"
"A150","","SRM987",0.71024,"MC-ICP-MS","bulk solid","bulk solid",4e-05,"organism : plant : plant tissue : leaf","","","","","other","","","field","S. Copeland","sandicopeland@gmail.com","","Bokkeveld",-34.05799,21.60051,"","","","","Copeland, S.R., et al., 2016. Strontium isotope investigation of ungulate movement patterns on the Pleistocene Paleo-Agulhas plain of the Greater Cape floristic region, South Africa. Quaternary Science Reviews, 141, pp.65-84.",,,0.71502,1.5e-05,"unknown","unknown","https://doi.org/10.1016/j.quascirev.2016.04.002","DOI","LIT","A150","ARDUOUS-04241","A150"
"A151","","SRM987",0.71024,"MC-ICP-MS","bulk solid","bulk solid",4e-05,"organism : plant : plant tissue : leaf","","","","","other","","","field","S. Copeland","sandicopeland@gmail.com","","General Neogene/Quaternary",-33.98059,21.65497,"","","","","Copeland, S.R., et al., 2016. Strontium isotope investigation of ungulate movement patterns on the Pleistocene Paleo-Agulhas plain of the Greater Cape floristic region, South Africa. Quaternary Science Reviews, 141, pp.65-84.",,,0.7162,1.5e-05,"unknown","unknown","https://doi.org/10.1016/j.quascirev.2016.04.002","DOI","LIT","A151","ARDUOUS-04242","A151"
"A152","","SRM987",0.71024,"MC-ICP-MS","bulk solid","bulk solid",4e-05,"organism : plant : plant tissue : leaf","","","","","other","","","field","S. Copeland","sandicopeland@gmail.com","","Uitenhage",-34.01129,21.76444,"","","","","Copeland, S.R., et al., 2016. Strontium isotope investigation of ungulate movement patterns on the Pleistocene Paleo-Agulhas plain of the Greater Cape floristic region, South Africa. Quaternary Science Reviews, 141, pp.65-84.",,,0.71246,1.5e-05,"unknown","unknown","https://doi.org/10.1016/j.quascirev.2016.04.002","DOI","LIT","A152","ARDUOUS-04243","A152"
"A153","","SRM987",0.71024,"MC-ICP-MS","bulk solid","bulk solid",4e-05,"organism : plant : plant tissue : leaf","","","","","other","","","field","S. Copeland","sandicopeland@gmail.com","","Bokkeveld",-33.90909,21.65456,"","","","","Copeland, S.R., et al., 2016. Strontium isotope investigation of ungulate movement patterns on the Pleistocene Paleo-Agulhas plain of the Greater Cape floristic region, South Africa. Quaternary Science Reviews, 141, pp.65-84.",,,0.71458,1.5e-05,"unknown","unknown","https://doi.org/10.1016/j.quascirev.2016.04.002","DOI","LIT","A153","ARDUOUS-04244","A153"
"A154","","SRM987",0.71024,"MC-ICP-MS","bulk solid","bulk solid",4e-05,"organism : plant : plant tissue : leaf","","","","","other","","","field","S. Copeland","sandicopeland@gmail.com","","Bokkeveld",-33.90922,21.65347,"","","","","Copeland, S.R., et al., 2016. Strontium isotope investigation of ungulate movement patterns on the Pleistocene Paleo-Agulhas plain of the Greater Cape floristic region, South Africa. Quaternary Science Reviews, 141, pp.65-84.",,,0.71606,1.5e-05,"unknown","unknown","https://doi.org/10.1016/j.quascirev.2016.04.002","DOI","LIT","A154","ARDUOUS-04245","A154"
"A155","","SRM987",0.71024,"MC-ICP-MS","bulk solid","bulk solid",4e-05,"organism : plant : plant tissue : leaf","","","","","other","","","field","S. Copeland","sandicopeland@gmail.com","","Bokkeveld",-33.92696,21.55744,"","","","","Copeland, S.R., et al., 2016. Strontium isotope investigation of ungulate movement patterns on the Pleistocene Paleo-Agulhas plain of the Greater Cape floristic region, South Africa. Quaternary Science Reviews, 141, pp.65-84.",,,0.71539,1.5e-05,"unknown","unknown","https://doi.org/10.1016/j.quascirev.2016.04.002","DOI","LIT","A155","ARDUOUS-04246","A155"
"A156","","SRM987",0.71024,"MC-ICP-MS","bulk solid","bulk solid",4e-05,"organism : plant : plant tissue : leaf","","","","","other","","","field","S. Copeland","sandicopeland@gmail.com","","Bokkeveld",-33.89626,21.46435,"","","","","Copeland, S.R., et al., 2016. Strontium isotope investigation of ungulate movement patterns on the Pleistocene Paleo-Agulhas plain of the Greater Cape floristic region, South Africa. Quaternary Science Reviews, 141, pp.65-84.",,,0.72018,1.5e-05,"unknown","unknown","https://doi.org/10.1016/j.quascirev.2016.04.002","DOI","LIT","A156","ARDUOUS-04247","A156"
"A157","","SRM987",0.71024,"MC-ICP-MS","bulk solid","bulk solid",4e-05,"organism : plant : plant tissue : leaf","","","","","other","","","field","S. Copeland","sandicopeland@gmail.com","","Bokkeveld",-33.78808,21.47277,"","","","","Copeland, S.R., et al., 2016. Strontium isotope investigation of ungulate movement patterns on the Pleistocene Paleo-Agulhas plain of the Greater Cape floristic region, South Africa. Quaternary Science Reviews, 141, pp.65-84.",,,0.71983,1.5e-05,"unknown","unknown","https://doi.org/10.1016/j.quascirev.2016.04.002","DOI","LIT","A157","ARDUOUS-04248","A157"
"A158","","SRM987",0.71024,"MC-ICP-MS","bulk solid","bulk solid",4e-05,"organism : plant : plant tissue : leaf","","","","","other","","","field","S. Copeland","sandicopeland@gmail.com","","Bokkeveld",-33.72179,21.37281,"","","","","Copeland, S.R., et al., 2016. Strontium isotope investigation of ungulate movement patterns on the Pleistocene Paleo-Agulhas plain of the Greater Cape floristic region, South Africa. Quaternary Science Reviews, 141, pp.65-84.",,,0.71589,1.5e-05,"unknown","unknown","https://doi.org/10.1016/j.quascirev.2016.04.002","DOI","LIT","A158","ARDUOUS-04249","A158"
"A159","","SRM987",0.71024,"MC-ICP-MS","bulk solid","bulk solid",4e-05,"organism : plant : plant tissue : leaf","","","","","other","","","field","S. Copeland","sandicopeland@gmail.com","","Bokkeveld",-33.62074,21.25998,"","","","","Copeland, S.R., et al., 2016. Strontium isotope investigation of ungulate movement patterns on the Pleistocene Paleo-Agulhas plain of the Greater Cape floristic region, South Africa. Quaternary Science Reviews, 141, pp.65-84.",,,0.71632,1.5e-05,"unknown","unknown","https://doi.org/10.1016/j.quascirev.2016.04.002","DOI","LIT","A159","ARDUOUS-04250","A159"
"A16","","SRM987",0.71024,"MC-ICP-MS","bulk solid","bulk solid",4e-05,"organism : plant : plant tissue : leaf","","","","","other","","","field","S. Copeland","sandicopeland@gmail.com","","Bokkeveld",-34.14383,21.54564,"","","","","Copeland, S.R., et al., 2016. Strontium isotope investigation of ungulate movement patterns on the Pleistocene Paleo-Agulhas plain of the Greater Cape floristic region, South Africa. Quaternary Science Reviews, 141, pp.65-84.",,,0.71175,1.5e-05,"unknown","unknown","https://doi.org/10.1016/j.quascirev.2016.04.002","DOI","LIT","A16","ARDUOUS-04251","A16"
"A160","","SRM987",0.71024,"MC-ICP-MS","bulk solid","bulk solid",4e-05,"organism : plant : plant tissue : leaf","","","","","other","","","field","S. Copeland","sandicopeland@gmail.com","","Bokkeveld",-33.59954,21.11623,"","","","","Copeland, S.R., et al., 2016. Strontium isotope investigation of ungulate movement patterns on the Pleistocene Paleo-Agulhas plain of the Greater Cape floristic region, South Africa. Quaternary Science Reviews, 141, pp.65-84.",,,0.71871,1.5e-05,"unknown","unknown","https://doi.org/10.1016/j.quascirev.2016.04.002","DOI","LIT","A160","ARDUOUS-04252","A160"
"A161","","SRM987",0.71024,"MC-ICP-MS","bulk solid","bulk solid",4e-05,"organism : plant : plant tissue : leaf","","","","","other","","","field","S. Copeland","sandicopeland@gmail.com","","Bokkeveld",-33.70093,20.96493,"","","","","Copeland, S.R., et al., 2016. Strontium isotope investigation of ungulate movement patterns on the Pleistocene Paleo-Agulhas plain of the Greater Cape floristic region, South Africa. Quaternary Science Reviews, 141, pp.65-84.",,,0.7185,1.5e-05,"unknown","unknown","https://doi.org/10.1016/j.quascirev.2016.04.002","DOI","LIT","A161","ARDUOUS-04253","A161"
"A162","","SRM987",0.71024,"MC-ICP-MS","bulk solid","bulk solid",4e-05,"organism : plant : plant tissue : leaf","","","","","other","","","field","S. Copeland","sandicopeland@gmail.com","","Bokkeveld",-33.82724,20.88821,"","","","","Copeland, S.R., et al., 2016. Strontium isotope investigation of ungulate movement patterns on the Pleistocene Paleo-Agulhas plain of the Greater Cape floristic region, South Africa. Quaternary Science Reviews, 141, pp.65-84.",,,0.71612,1.5e-05,"unknown","unknown","https://doi.org/10.1016/j.quascirev.2016.04.002","DOI","LIT","A162","ARDUOUS-04254","A162"
"A163","","SRM987",0.71024,"MC-ICP-MS","bulk solid","bulk solid",4e-05,"organism : plant : plant tissue : leaf","","","","","other","","","field","S. Copeland","sandicopeland@gmail.com","","Bokkeveld",-33.87447,20.75668,"","","","","Copeland, S.R., et al., 2016. Strontium isotope investigation of ungulate movement patterns on the Pleistocene Paleo-Agulhas plain of the Greater Cape floristic region, South Africa. Quaternary Science Reviews, 141, pp.65-84.",,,0.71802,1.5e-05,"unknown","unknown","https://doi.org/10.1016/j.quascirev.2016.04.002","DOI","LIT","A163","ARDUOUS-04255","A163"
"A164","","SRM987",0.71024,"MC-ICP-MS","bulk solid","bulk solid",4e-05,"organism : plant : plant tissue : leaf","","","","","other","","","field","S. Copeland","sandicopeland@gmail.com","","Table Mountain",-33.96534,20.70458,"","","","","Copeland, S.R., et al., 2016. Strontium isotope investigation of ungulate movement patterns on the Pleistocene Paleo-Agulhas plain of the Greater Cape floristic region, South Africa. Quaternary Science Reviews, 141, pp.65-84.",,,0.71486,1.5e-05,"unknown","unknown","https://doi.org/10.1016/j.quascirev.2016.04.002","DOI","LIT","A164","ARDUOUS-04256","A164"
"A165","","SRM987",0.71024,"MC-ICP-MS","bulk solid","bulk solid",4e-05,"organism : plant : plant tissue : leaf","","","","","other","","","field","S. Copeland","sandicopeland@gmail.com","","Bokkeveld",-34.00729,20.69463,"","","","","Copeland, S.R., et al., 2016. Strontium isotope investigation of ungulate movement patterns on the Pleistocene Paleo-Agulhas plain of the Greater Cape floristic region, South Africa. Quaternary Science Reviews, 141, pp.65-84.",,,0.71567,1.5e-05,"unknown","unknown","https://doi.org/10.1016/j.quascirev.2016.04.002","DOI","LIT","A165","ARDUOUS-04257","A165"
"A19","","SRM987",0.71024,"MC-ICP-MS","bulk solid","bulk solid",4e-05,"organism : plant : plant tissue : leaf","","","","","other","","","field","S. Copeland","sandicopeland@gmail.com","","Gamtoos/Malmesbury",-33.97086,22.54819,"","","","","Copeland, S.R., et al., 2016. Strontium isotope investigation of ungulate movement patterns on the Pleistocene Paleo-Agulhas plain of the Greater Cape floristic region, South Africa. Quaternary Science Reviews, 141, pp.65-84.",,,0.71569,1.5e-05,"unknown","unknown","https://doi.org/10.1016/j.quascirev.2016.04.002","DOI","LIT","A19","ARDUOUS-04260","A19"
"A2","","SRM987",0.71024,"MC-ICP-MS","bulk solid","bulk solid",4e-05,"organism : plant : plant tissue : leaf","","","","","other","","","field","S. Copeland","sandicopeland@gmail.com","","Uitenhage",-34.09,21.9,"","","","","Copeland, S.R., et al., 2016. Strontium isotope investigation of ungulate movement patterns on the Pleistocene Paleo-Agulhas plain of the Greater Cape floristic region, South Africa. Quaternary Science Reviews, 141, pp.65-84.",,,0.7113,1.5e-05,"unknown","unknown","https://doi.org/10.1016/j.quascirev.2016.04.002","DOI","LIT","A2","ARDUOUS-04261","A2"
"A20","","SRM987",0.71024,"MC-ICP-MS","bulk solid","bulk solid",4e-05,"organism : plant : plant tissue : leaf","","","","","other","","","field","S. Copeland","sandicopeland@gmail.com","","Gamtoos/Malmesbury",-33.98086,22.57753,"","","","","Copeland, S.R., et al., 2016. Strontium isotope investigation of ungulate movement patterns on the Pleistocene Paleo-Agulhas plain of the Greater Cape floristic region, South Africa. Quaternary Science Reviews, 141, pp.65-84.",,,0.71178,1.5e-05,"unknown","unknown","https://doi.org/10.1016/j.quascirev.2016.04.002","DOI","LIT","A20","ARDUOUS-04262","A20"
"A21","","SRM987",0.71024,"MC-ICP-MS","bulk solid","bulk solid",4e-05,"organism : plant : plant tissue : leaf","","","","","other","","","field","S. Copeland","sandicopeland@gmail.com","","Gamtoos/Malmesbury",-33.97256,22.57525,"","","","","Copeland, S.R., et al., 2016. Strontium isotope investigation of ungulate movement patterns on the Pleistocene Paleo-Agulhas plain of the Greater Cape floristic region, South Africa. Quaternary Science Reviews, 141, pp.65-84.",,,0.71085,1.5e-05,"unknown","unknown","https://doi.org/10.1016/j.quascirev.2016.04.002","DOI","LIT","A21","ARDUOUS-04263","A21"
"A22","","SRM987",0.71024,"MC-ICP-MS","bulk solid","bulk solid",4e-05,"organism : plant : plant tissue : leaf","","","","","other","","","field","S. Copeland","sandicopeland@gmail.com","","Gamtoos/Malmesbury",-33.996,22.55681,"","","","","Copeland, S.R., et al., 2016. Strontium isotope investigation of ungulate movement patterns on the Pleistocene Paleo-Agulhas plain of the Greater Cape floristic region, South Africa. Quaternary Science Reviews, 141, pp.65-84.",,,0.71268,1.5e-05,"unknown","unknown","https://doi.org/10.1016/j.quascirev.2016.04.002","DOI","LIT","A22","ARDUOUS-04264","A22"
"A23","","SRM987",0.71024,"MC-ICP-MS","bulk solid","bulk solid",4e-05,"organism : plant : plant tissue : leaf","","","","","other","","","field","S. Copeland","sandicopeland@gmail.com","","Table Mountain",-33.88314,22.43114,"","","","","Copeland, S.R., et al., 2016. Strontium isotope investigation of ungulate movement patterns on the Pleistocene Paleo-Agulhas plain of the Greater Cape floristic region, South Africa. Quaternary Science Reviews, 141, pp.65-84.",,,0.71607,1.5e-05,"unknown","unknown","https://doi.org/10.1016/j.quascirev.2016.04.002","DOI","LIT","A23","ARDUOUS-04265","A23"
"A24","","SRM987",0.71024,"MC-ICP-MS","bulk solid","bulk solid",4e-05,"organism : plant : plant tissue : leaf","","","","","other","","","field","S. Copeland","sandicopeland@gmail.com","","Table Mountain",-33.89322,22.42278,"","","","","Copeland, S.R., et al., 2016. Strontium isotope investigation of ungulate movement patterns on the Pleistocene Paleo-Agulhas plain of the Greater Cape floristic region, South Africa. Quaternary Science Reviews, 141, pp.65-84.",,,0.71581,1.5e-05,"unknown","unknown","https://doi.org/10.1016/j.quascirev.2016.04.002","DOI","LIT","A24","ARDUOUS-04266","A24"
"A26","","SRM987",0.71024,"MC-ICP-MS","bulk solid","bulk solid",4e-05,"organism : plant : plant tissue : leaf","","","","","other","","","field","S. Copeland","sandicopeland@gmail.com","","General Neogene/Quaternary",-33.53492,22.27769,"","","","","Copeland, S.R., et al., 2016. Strontium isotope investigation of ungulate movement patterns on the Pleistocene Paleo-Agulhas plain of the Greater Cape floristic region, South Africa. Quaternary Science Reviews, 141, pp.65-84.",,,0.71424,1.5e-05,"unknown","unknown","https://doi.org/10.1016/j.quascirev.2016.04.002","DOI","LIT","A26","ARDUOUS-04268","A26"
"A27","","SRM987",0.71024,"MC-ICP-MS","bulk solid","bulk solid",4e-05,"organism : plant : plant tissue : leaf","","","","","other","","","field","S. Copeland","sandicopeland@gmail.com","","Uitenhage",-33.51817,22.32253,"","","","","Copeland, S.R., et al., 2016. Strontium isotope investigation of ungulate movement patterns on the Pleistocene Paleo-Agulhas plain of the Greater Cape floristic region, South Africa. Quaternary Science Reviews, 141, pp.65-84.",,,0.7145,1.5e-05,"unknown","unknown","https://doi.org/10.1016/j.quascirev.2016.04.002","DOI","LIT","A27","ARDUOUS-04269","A27"
"A28","","SRM987",0.71024,"MC-ICP-MS","bulk solid","bulk solid",4e-05,"organism : plant : plant tissue : leaf","","","","","other","","","field","S. Copeland","sandicopeland@gmail.com","","Cango Caves",-33.46089,22.25492,"","","","","Copeland, S.R., et al., 2016. Strontium isotope investigation of ungulate movement patterns on the Pleistocene Paleo-Agulhas plain of the Greater Cape floristic region, South Africa. Quaternary Science Reviews, 141, pp.65-84.",,,0.71872,1.5e-05,"unknown","unknown","https://doi.org/10.1016/j.quascirev.2016.04.002","DOI","LIT","A28","ARDUOUS-04270","A28"
"A29","","SRM987",0.71024,"MC-ICP-MS","bulk solid","bulk solid",4e-05,"organism : plant : plant tissue : leaf","","","","","other","","","field","S. Copeland","sandicopeland@gmail.com","","Cango Caves",-33.42719,22.25128,"","","","","Copeland, S.R., et al., 2016. Strontium isotope investigation of ungulate movement patterns on the Pleistocene Paleo-Agulhas plain of the Greater Cape floristic region, South Africa. Quaternary Science Reviews, 141, pp.65-84.",,,0.71954,1.5e-05,"unknown","unknown","https://doi.org/10.1016/j.quascirev.2016.04.002","DOI","LIT","A29","ARDUOUS-04271","A29"
"A3","","SRM987",0.71024,"MC-ICP-MS","bulk solid","bulk solid",4e-05,"organism : plant : plant tissue : leaf","","","","","other","","","field","S. Copeland","sandicopeland@gmail.com","","Uitenhage",-34.07372,21.7655,"","","","","Copeland, S.R., et al., 2016. Strontium isotope investigation of ungulate movement patterns on the Pleistocene Paleo-Agulhas plain of the Greater Cape floristic region, South Africa. Quaternary Science Reviews, 141, pp.65-84.",,,0.71274,1.5e-05,"unknown","unknown","https://doi.org/10.1016/j.quascirev.2016.04.002","DOI","LIT","A3","ARDUOUS-04272","A3"
"A30","","SRM987",0.71024,"MC-ICP-MS","bulk solid","bulk solid",4e-05,"organism : plant : plant tissue : leaf","","","","","other","","","field","S. Copeland","sandicopeland@gmail.com","","Cape Granite Suite",-33.39644,22.11922,"","","","","Copeland, S.R., et al., 2016. Strontium isotope investigation of ungulate movement patterns on the Pleistocene Paleo-Agulhas plain of the Greater Cape floristic region, South Africa. Quaternary Science Reviews, 141, pp.65-84.",,,0.71772,1.5e-05,"unknown","unknown","https://doi.org/10.1016/j.quascirev.2016.04.002","DOI","LIT","A30","ARDUOUS-04273","A30"
"A31","","SRM987",0.71024,"MC-ICP-MS","bulk solid","bulk solid",4e-05,"organism : plant : plant tissue : leaf","","","","","other","","","field","S. Copeland","sandicopeland@gmail.com","","Table Mountain",-33.36447,22.09286,"","","","","Copeland, S.R., et al., 2016. Strontium isotope investigation of ungulate movement patterns on the Pleistocene Paleo-Agulhas plain of the Greater Cape floristic region, South Africa. Quaternary Science Reviews, 141, pp.65-84.",,,0.71686,1.5e-05,"unknown","unknown","https://doi.org/10.1016/j.quascirev.2016.04.002","DOI","LIT","A31","ARDUOUS-04274","A31"
"A32","","SRM987",0.71024,"MC-ICP-MS","bulk solid","bulk solid",4e-05,"organism : plant : plant tissue : leaf","","","","","other","","","field","S. Copeland","sandicopeland@gmail.com","","Bokkeveld",-33.65625,22.16019,"","","","","Copeland, S.R., et al., 2016. Strontium isotope investigation of ungulate movement patterns on the Pleistocene Paleo-Agulhas plain of the Greater Cape floristic region, South Africa. Quaternary Science Reviews, 141, pp.65-84.",,,0.71658,1.5e-05,"unknown","unknown","https://doi.org/10.1016/j.quascirev.2016.04.002","DOI","LIT","A32","ARDUOUS-04275","A32"
"A33","","SRM987",0.71024,"MC-ICP-MS","bulk solid","bulk solid",4e-05,"organism : plant : plant tissue : leaf","","","","","other","","","field","S. Copeland","sandicopeland@gmail.com","","Bokkeveld",-33.68458,22.14847,"","","","","Copeland, S.R., et al., 2016. Strontium isotope investigation of ungulate movement patterns on the Pleistocene Paleo-Agulhas plain of the Greater Cape floristic region, South Africa. Quaternary Science Reviews, 141, pp.65-84.",,,0.71521,1.5e-05,"unknown","unknown","https://doi.org/10.1016/j.quascirev.2016.04.002","DOI","LIT","A33","ARDUOUS-04276","A33"
"A34","","SRM987",0.71024,"MC-ICP-MS","bulk solid","bulk solid",4e-05,"organism : plant : plant tissue : leaf","","","","","other","","","field","S. Copeland","sandicopeland@gmail.com","","Bokkeveld",-33.72347,22.11733,"","","","","Copeland, S.R., et al., 2016. Strontium isotope investigation of ungulate movement patterns on the Pleistocene Paleo-Agulhas plain of the Greater Cape floristic region, South Africa. Quaternary Science Reviews, 141, pp.65-84.",,,0.71545,1.5e-05,"unknown","unknown","https://doi.org/10.1016/j.quascirev.2016.04.002","DOI","LIT","A34","ARDUOUS-04277","A34"
"A35","","SRM987",0.71024,"MC-ICP-MS","bulk solid","bulk solid",4e-05,"organism : plant : plant tissue : leaf","","","","","other","","","field","S. Copeland","sandicopeland@gmail.com","","Bokkeveld",-33.75025,22.092,"","","","","Copeland, S.R., et al., 2016. Strontium isotope investigation of ungulate movement patterns on the Pleistocene Paleo-Agulhas plain of the Greater Cape floristic region, South Africa. Quaternary Science Reviews, 141, pp.65-84.",,,0.71459,1.5e-05,"unknown","unknown","https://doi.org/10.1016/j.quascirev.2016.04.002","DOI","LIT","A35","ARDUOUS-04278","A35"
"A36","","SRM987",0.71024,"MC-ICP-MS","bulk solid","bulk solid",4e-05,"organism : plant : plant tissue : leaf","","","","","other","","","field","S. Copeland","sandicopeland@gmail.com","","Bredasdorp",-34.21,22,"","","","","Copeland, S.R., et al., 2016. Strontium isotope investigation of ungulate movement patterns on the Pleistocene Paleo-Agulhas plain of the Greater Cape floristic region, South Africa. Quaternary Science Reviews, 141, pp.65-84.",,,0.70928,1.5e-05,"unknown","unknown","https://doi.org/10.1016/j.quascirev.2016.04.002","DOI","LIT","A36","ARDUOUS-04279","A36"
"A39","","SRM987",0.71024,"MC-ICP-MS","bulk solid","bulk solid",4e-05,"organism : plant : plant tissue : leaf","","","","","other","","","field","S. Copeland","sandicopeland@gmail.com","","Table Mountain",-34.20767,22.01156,"","","","","Copeland, S.R., et al., 2016. Strontium isotope investigation of ungulate movement patterns on the Pleistocene Paleo-Agulhas plain of the Greater Cape floristic region, South Africa. Quaternary Science Reviews, 141, pp.65-84.",,,0.70934,1.5e-05,"unknown","unknown","https://doi.org/10.1016/j.quascirev.2016.04.002","DOI","LIT","A39","ARDUOUS-04282","A39"
"A4","","SRM987",0.71024,"MC-ICP-MS","bulk solid","bulk solid",4e-05,"organism : plant : plant tissue : leaf","","","","","other","","","field","S. Copeland","sandicopeland@gmail.com","","Uitenhage",-34.05275,21.75194,"","","","","Copeland, S.R., et al., 2016. Strontium isotope investigation of ungulate movement patterns on the Pleistocene Paleo-Agulhas plain of the Greater Cape floristic region, South Africa. Quaternary Science Reviews, 141, pp.65-84.",,,0.71166,1.5e-05,"unknown","unknown","https://doi.org/10.1016/j.quascirev.2016.04.002","DOI","LIT","A4","ARDUOUS-04283","A4"
"A40","","SRM987",0.71024,"MC-ICP-MS","bulk solid","bulk solid",4e-05,"organism : plant : plant tissue : leaf","","","","","other","","","field","S. Copeland","sandicopeland@gmail.com","","Uitenhage",-34.06603,22.05486,"","","","","Copeland, S.R., et al., 2016. Strontium isotope investigation of ungulate movement patterns on the Pleistocene Paleo-Agulhas plain of the Greater Cape floristic region, South Africa. Quaternary Science Reviews, 141, pp.65-84.",,,0.71284,1.5e-05,"unknown","unknown","https://doi.org/10.1016/j.quascirev.2016.04.002","DOI","LIT","A40","ARDUOUS-04284","A40"
"A41","","SRM987",0.71024,"MC-ICP-MS","bulk solid","bulk solid",4e-05,"organism : plant : plant tissue : leaf","","","","","other","","","field","S. Copeland","sandicopeland@gmail.com","","Bokkeveld",-33.995,21.97792,"","","","","Copeland, S.R., et al., 2016. Strontium isotope investigation of ungulate movement patterns on the Pleistocene Paleo-Agulhas plain of the Greater Cape floristic region, South Africa. Quaternary Science Reviews, 141, pp.65-84.",,,0.71588,1.5e-05,"unknown","unknown","https://doi.org/10.1016/j.quascirev.2016.04.002","DOI","LIT","A41","ARDUOUS-04285","A41"
"A42","","SRM987",0.71024,"MC-ICP-MS","bulk solid","bulk solid",4e-05,"organism : plant : plant tissue : leaf","","","","","other","","","field","S. Copeland","sandicopeland@gmail.com","","Uitenhage",-34.07225,21.90767,"","","","","Copeland, S.R., et al., 2016. Strontium isotope investigation of ungulate movement patterns on the Pleistocene Paleo-Agulhas plain of the Greater Cape floristic region, South Africa. Quaternary Science Reviews, 141, pp.65-84.",,,0.71045,1.5e-05,"unknown","unknown","https://doi.org/10.1016/j.quascirev.2016.04.002","DOI","LIT","A42","ARDUOUS-04286","A42"
"A43","","SRM987",0.71024,"MC-ICP-MS","bulk solid","bulk solid",4e-05,"organism : plant : plant tissue : leaf","","","","","other","","","field","S. Copeland","sandicopeland@gmail.com","","Uitenhage",-34.07628,21.77039,"","","","","Copeland, S.R., et al., 2016. Strontium isotope investigation of ungulate movement patterns on the Pleistocene Paleo-Agulhas plain of the Greater Cape floristic region, South Africa. Quaternary Science Reviews, 141, pp.65-84.",,,0.714,1.5e-05,"unknown","unknown","https://doi.org/10.1016/j.quascirev.2016.04.002","DOI","LIT","A43","ARDUOUS-04287","A43"
"A44-1","","SRM987",0.71024,"MC-ICP-MS","bulk solid","bulk solid",4e-05,"organism : plant : plant tissue : leaf","","","","","other","","","field","S. Copeland","sandicopeland@gmail.com","","Cape Granite Suite",-34.0345,22.32164,"","","","","Copeland, S.R., et al., 2016. Strontium isotope investigation of ungulate movement patterns on the Pleistocene Paleo-Agulhas plain of the Greater Cape floristic region, South Africa. Quaternary Science Reviews, 141, pp.65-84.",,,0.71103,1.5e-05,"unknown","unknown","https://doi.org/10.1016/j.quascirev.2016.04.002","DOI","LIT","A44-1","ARDUOUS-04288","A44-1"
"A44-2","","SRM987",0.71024,"MC-ICP-MS","bulk solid","bulk solid",4e-05,"organism : plant : plant tissue : leaf","","","","","other","","","field","S. Copeland","sandicopeland@gmail.com","","Cape Granite Suite",-34.0345,22.32164,"","","","","Copeland, S.R., et al., 2016. Strontium isotope investigation of ungulate movement patterns on the Pleistocene Paleo-Agulhas plain of the Greater Cape floristic region, South Africa. Quaternary Science Reviews, 141, pp.65-84.",,,0.71042,1.5e-05,"unknown","unknown","https://doi.org/10.1016/j.quascirev.2016.04.002","DOI","LIT","A44-2","ARDUOUS-04289","A44-2"
"A45","","SRM987",0.71024,"MC-ICP-MS","bulk solid","bulk solid",4e-05,"organism : plant : plant tissue : leaf","","","","","other","","","field","S. Copeland","sandicopeland@gmail.com","","Cape Granite Suite",-34.02019,22.35578,"","","","","Copeland, S.R., et al., 2016. Strontium isotope investigation of ungulate movement patterns on the Pleistocene Paleo-Agulhas plain of the Greater Cape floristic region, South Africa. Quaternary Science Reviews, 141, pp.65-84.",,,0.71188,1.5e-05,"unknown","unknown","https://doi.org/10.1016/j.quascirev.2016.04.002","DOI","LIT","A45","ARDUOUS-04290","A45"
"A46","","SRM987",0.71024,"MC-ICP-MS","bulk solid","bulk solid",4e-05,"organism : plant : plant tissue : leaf","","","","","other","","","field","S. Copeland","sandicopeland@gmail.com","","Gamtoos/Malmesbury",-33.99631,22.56172,"","","","","Copeland, S.R., et al., 2016. Strontium isotope investigation of ungulate movement patterns on the Pleistocene Paleo-Agulhas plain of the Greater Cape floristic region, South Africa. Quaternary Science Reviews, 141, pp.65-84.",,,0.71002,1.5e-05,"unknown","unknown","https://doi.org/10.1016/j.quascirev.2016.04.002","DOI","LIT","A46","ARDUOUS-04291","A46"
"A47","","SRM987",0.71024,"MC-ICP-MS","bulk solid","bulk solid",4e-05,"organism : plant : plant tissue : leaf","","","","","other","","","field","S. Copeland","sandicopeland@gmail.com","","Bredasdorp",-33.99158,22.64639,"","","","","Copeland, S.R., et al., 2016. Strontium isotope investigation of ungulate movement patterns on the Pleistocene Paleo-Agulhas plain of the Greater Cape floristic region, South Africa. Quaternary Science Reviews, 141, pp.65-84.",,,0.70971,1.5e-05,"unknown","unknown","https://doi.org/10.1016/j.quascirev.2016.04.002","DOI","LIT","A47","ARDUOUS-04292","A47"
"A48","","SRM987",0.71024,"MC-ICP-MS","bulk solid","bulk solid",4e-05,"organism : plant : plant tissue : leaf","","","","","other","","","field","S. Copeland","sandicopeland@gmail.com","","General Neogene/Quaternary",-33.99003,22.83461,"","","","","Copeland, S.R., et al., 2016. Strontium isotope investigation of ungulate movement patterns on the Pleistocene Paleo-Agulhas plain of the Greater Cape floristic region, South Africa. Quaternary Science Reviews, 141, pp.65-84.",,,0.7106,1.5e-05,"unknown","unknown","https://doi.org/10.1016/j.quascirev.2016.04.002","DOI","LIT","A48","ARDUOUS-04293","A48"
"A5","","SRM987",0.71024,"MC-ICP-MS","bulk solid","bulk solid",4e-05,"organism : plant : plant tissue : leaf","","","","","other","","","field","S. Copeland","sandicopeland@gmail.com","","Bokkeveld",-34.1725,21.8035,"","","","","Copeland, S.R., et al., 2016. Strontium isotope investigation of ungulate movement patterns on the Pleistocene Paleo-Agulhas plain of the Greater Cape floristic region, South Africa. Quaternary Science Reviews, 141, pp.65-84.",,,0.71117,1.5e-05,"unknown","unknown","https://doi.org/10.1016/j.quascirev.2016.04.002","DOI","LIT","A5","ARDUOUS-04295","A5"
"A51","","SRM987",0.71024,"MC-ICP-MS","bulk solid","bulk solid",4e-05,"organism : plant : plant tissue : leaf","","","","","other","","","field","S. Copeland","sandicopeland@gmail.com","","Table Mountain",-34.07949,23.06161,"","","","","Copeland, S.R., et al., 2016. Strontium isotope investigation of ungulate movement patterns on the Pleistocene Paleo-Agulhas plain of the Greater Cape floristic region, South Africa. Quaternary Science Reviews, 141, pp.65-84.",,,0.70932,1.5e-05,"unknown","unknown","https://doi.org/10.1016/j.quascirev.2016.04.002","DOI","LIT","A51","ARDUOUS-04297","A51"
"A53","","SRM987",0.71024,"MC-ICP-MS","bulk solid","bulk solid",4e-05,"organism : plant : plant tissue : leaf","","","","","other","","","field","S. Copeland","sandicopeland@gmail.com","","Bokkeveld",-34.181,22.13378,"","","","","Copeland, S.R., et al., 2016. Strontium isotope investigation of ungulate movement patterns on the Pleistocene Paleo-Agulhas plain of the Greater Cape floristic region, South Africa. Quaternary Science Reviews, 141, pp.65-84.",,,0.71145,1.5e-05,"unknown","unknown","https://doi.org/10.1016/j.quascirev.2016.04.002","DOI","LIT","A53","ARDUOUS-04299","A53"
"A54","","SRM987",0.71024,"MC-ICP-MS","bulk solid","bulk solid",4e-05,"organism : plant : plant tissue : leaf","","","","","other","","","field","S. Copeland","sandicopeland@gmail.com","","Bokkeveld",-34.17431,22.12767,"","","","","Copeland, S.R., et al., 2016. Strontium isotope investigation of ungulate movement patterns on the Pleistocene Paleo-Agulhas plain of the Greater Cape floristic region, South Africa. Quaternary Science Reviews, 141, pp.65-84.",,,0.71052,1.5e-05,"unknown","unknown","https://doi.org/10.1016/j.quascirev.2016.04.002","DOI","LIT","A54","ARDUOUS-04300","A54"
"A55","","SRM987",0.71024,"MC-ICP-MS","bulk solid","bulk solid",4e-05,"organism : plant : plant tissue : leaf","","","","","other","","","field","S. Copeland","sandicopeland@gmail.com","","Bokkeveld",-34.16558,22.11011,"","","","","Copeland, S.R., et al., 2016. Strontium isotope investigation of ungulate movement patterns on the Pleistocene Paleo-Agulhas plain of the Greater Cape floristic region, South Africa. Quaternary Science Reviews, 141, pp.65-84.",,,0.71165,1.5e-05,"unknown","unknown","https://doi.org/10.1016/j.quascirev.2016.04.002","DOI","LIT","A55","ARDUOUS-04301","A55"
"A56","","SRM987",0.71024,"MC-ICP-MS","bulk solid","bulk solid",4e-05,"organism : plant : plant tissue : leaf","","","","","other","","","field","S. Copeland","sandicopeland@gmail.com","","Uitenhage",-34.12192,22.09886,"","","","","Copeland, S.R., et al., 2016. Strontium isotope investigation of ungulate movement patterns on the Pleistocene Paleo-Agulhas plain of the Greater Cape floristic region, South Africa. Quaternary Science Reviews, 141, pp.65-84.",,,0.71014,1.5e-05,"unknown","unknown","https://doi.org/10.1016/j.quascirev.2016.04.002","DOI","LIT","A56","ARDUOUS-04302","A56"
"A58","","SRM987",0.71024,"MC-ICP-MS","bulk solid","bulk solid",4e-05,"organism : plant : plant tissue : leaf","","","","","other","","","field","S. Copeland","sandicopeland@gmail.com","","Table Mountain",-34.11644,22.01769,"","","","","Copeland, S.R., et al., 2016. Strontium isotope investigation of ungulate movement patterns on the Pleistocene Paleo-Agulhas plain of the Greater Cape floristic region, South Africa. Quaternary Science Reviews, 141, pp.65-84.",,,0.71082,1.5e-05,"unknown","unknown","https://doi.org/10.1016/j.quascirev.2016.04.002","DOI","LIT","A58","ARDUOUS-04304","A58"
"A6","","SRM987",0.71024,"MC-ICP-MS","bulk solid","bulk solid",4e-05,"organism : plant : plant tissue : leaf","","","","","other","","","field","S. Copeland","sandicopeland@gmail.com","","Uitenhage",-34.04764,22.04581,"","","","","Copeland, S.R., et al., 2016. Strontium isotope investigation of ungulate movement patterns on the Pleistocene Paleo-Agulhas plain of the Greater Cape floristic region, South Africa. Quaternary Science Reviews, 141, pp.65-84.",,,0.71208,1.5e-05,"unknown","unknown","https://doi.org/10.1016/j.quascirev.2016.04.002","DOI","LIT","A6","ARDUOUS-04306","A6"
"A63","","SRM987",0.71024,"MC-ICP-MS","bulk solid","bulk solid",4e-05,"organism : plant : plant tissue : leaf","","","","","other","","","field","S. Copeland","sandicopeland@gmail.com","","Table Mountain",-34.21,22.09,"","","","","Copeland, S.R., et al., 2016. Strontium isotope investigation of ungulate movement patterns on the Pleistocene Paleo-Agulhas plain of the Greater Cape floristic region, South Africa. Quaternary Science Reviews, 141, pp.65-84.",,,0.70924,1.5e-05,"unknown","unknown","https://doi.org/10.1016/j.quascirev.2016.04.002","DOI","LIT","A63","ARDUOUS-04310","A63"
"A64","","SRM987",0.71024,"MC-ICP-MS","bulk solid","bulk solid",4e-05,"organism : plant : plant tissue : leaf","","","","","other","","","field","S. Copeland","sandicopeland@gmail.com","","Table Mountain",-34.21,22.09,"","","","","Copeland, S.R., et al., 2016. Strontium isotope investigation of ungulate movement patterns on the Pleistocene Paleo-Agulhas plain of the Greater Cape floristic region, South Africa. Quaternary Science Reviews, 141, pp.65-84.",,,0.70944,1.5e-05,"unknown","unknown","https://doi.org/10.1016/j.quascirev.2016.04.002","DOI","LIT","A64","ARDUOUS-04311","A64"
"A65","","SRM987",0.71024,"MC-ICP-MS","bulk solid","bulk solid",4e-05,"organism : plant : plant tissue : leaf","","","","","other","","","field","S. Copeland","sandicopeland@gmail.com","","Bredasdorp",-34.19861,22.09903,"","","","","Copeland, S.R., et al., 2016. Strontium isotope investigation of ungulate movement patterns on the Pleistocene Paleo-Agulhas plain of the Greater Cape floristic region, South Africa. Quaternary Science Reviews, 141, pp.65-84.",,,0.7096,1.5e-05,"unknown","unknown","https://doi.org/10.1016/j.quascirev.2016.04.002","DOI","LIT","A65","ARDUOUS-04312","A65"
"A66","","SRM987",0.71024,"MC-ICP-MS","bulk solid","bulk solid",4e-05,"organism : plant : plant tissue : leaf","","","","","other","","","field","S. Copeland","sandicopeland@gmail.com","","Table Mountain",-34.15592,22.09844,"","","","","Copeland, S.R., et al., 2016. Strontium isotope investigation of ungulate movement patterns on the Pleistocene Paleo-Agulhas plain of the Greater Cape floristic region, South Africa. Quaternary Science Reviews, 141, pp.65-84.",,,0.71014,1.5e-05,"unknown","unknown","https://doi.org/10.1016/j.quascirev.2016.04.002","DOI","LIT","A66","ARDUOUS-04313","A66"
"A67","","SRM987",0.71024,"MC-ICP-MS","bulk solid","bulk solid",4e-05,"organism : plant : plant tissue : leaf","","","","","other","","","field","S. Copeland","sandicopeland@gmail.com","","Table Mountain",-34.15403,22.0955,"","","","","Copeland, S.R., et al., 2016. Strontium isotope investigation of ungulate movement patterns on the Pleistocene Paleo-Agulhas plain of the Greater Cape floristic region, South Africa. Quaternary Science Reviews, 141, pp.65-84.",,,0.71067,1.5e-05,"unknown","unknown","https://doi.org/10.1016/j.quascirev.2016.04.002","DOI","LIT","A67","ARDUOUS-04314","A67"
"A68","","SRM987",0.71024,"MC-ICP-MS","bulk solid","bulk solid",4e-05,"organism : plant : plant tissue : leaf","","","","","other","","","field","S. Copeland","sandicopeland@gmail.com","","Table Mountain",-34.17975,21.98494,"","","","","Copeland, S.R., et al., 2016. Strontium isotope investigation of ungulate movement patterns on the Pleistocene Paleo-Agulhas plain of the Greater Cape floristic region, South Africa. Quaternary Science Reviews, 141, pp.65-84.",,,0.71018,1.5e-05,"unknown","unknown","https://doi.org/10.1016/j.quascirev.2016.04.002","DOI","LIT","A68","ARDUOUS-04315","A68"
"A7","","SRM987",0.71024,"MC-ICP-MS","bulk solid","bulk solid",4e-05,"organism : plant : plant tissue : leaf","","","","","other","","","field","S. Copeland","sandicopeland@gmail.com","","Cape Granite Suite",-34.03444,22.03964,"","","","","Copeland, S.R., et al., 2016. Strontium isotope investigation of ungulate movement patterns on the Pleistocene Paleo-Agulhas plain of the Greater Cape floristic region, South Africa. Quaternary Science Reviews, 141, pp.65-84.",,,0.71394,1.5e-05,"unknown","unknown","https://doi.org/10.1016/j.quascirev.2016.04.002","DOI","LIT","A7","ARDUOUS-04317","A7"
"A71","","SRM987",0.71024,"MC-ICP-MS","bulk solid","bulk solid",4e-05,"organism : plant : plant tissue : leaf","","","","","other","","","field","S. Copeland","sandicopeland@gmail.com","","Bredasdorp",-34.29122,21.89503,"","","","","Copeland, S.R., et al., 2016. Strontium isotope investigation of ungulate movement patterns on the Pleistocene Paleo-Agulhas plain of the Greater Cape floristic region, South Africa. Quaternary Science Reviews, 141, pp.65-84.",,,0.70978,1.5e-05,"unknown","unknown","https://doi.org/10.1016/j.quascirev.2016.04.002","DOI","LIT","A71","ARDUOUS-04319","A71"
"A72","","SRM987",0.71024,"MC-ICP-MS","bulk solid","bulk solid",4e-05,"organism : plant : plant tissue : leaf","","","","","other","","","field","S. Copeland","sandicopeland@gmail.com","","Bredasdorp",-34.28815,21.39893,"","","","","Copeland, S.R., et al., 2016. Strontium isotope investigation of ungulate movement patterns on the Pleistocene Paleo-Agulhas plain of the Greater Cape floristic region, South Africa. Quaternary Science Reviews, 141, pp.65-84.",,,0.70952,1.5e-05,"unknown","unknown","https://doi.org/10.1016/j.quascirev.2016.04.002","DOI","LIT","A72","ARDUOUS-04320","A72"
"A73","","SRM987",0.71024,"MC-ICP-MS","bulk solid","bulk solid",4e-05,"organism : plant : plant tissue : leaf","","","","","other","","","field","S. Copeland","sandicopeland@gmail.com","","Bredasdorp",-34.30615,21.3502,"","","","","Copeland, S.R., et al., 2016. Strontium isotope investigation of ungulate movement patterns on the Pleistocene Paleo-Agulhas plain of the Greater Cape floristic region, South Africa. Quaternary Science Reviews, 141, pp.65-84.",,,0.70976,1.5e-05,"unknown","unknown","https://doi.org/10.1016/j.quascirev.2016.04.002","DOI","LIT","A73","ARDUOUS-04321","A73"
"A74","","SRM987",0.71024,"MC-ICP-MS","bulk solid","bulk solid",4e-05,"organism : plant : plant tissue : leaf","","","","","other","","","field","S. Copeland","sandicopeland@gmail.com","","Bokkeveld",-34.30478,21.3426,"","","","","Copeland, S.R., et al., 2016. Strontium isotope investigation of ungulate movement patterns on the Pleistocene Paleo-Agulhas plain of the Greater Cape floristic region, South Africa. Quaternary Science Reviews, 141, pp.65-84.",,,0.71003,1.5e-05,"unknown","unknown","https://doi.org/10.1016/j.quascirev.2016.04.002","DOI","LIT","A74","ARDUOUS-04322","A74"
"A75-1","","SRM987",0.71024,"MC-ICP-MS","bulk solid","bulk solid",4e-05,"organism : plant : plant tissue : leaf","","","","","other","","","field","S. Copeland","sandicopeland@gmail.com","","Bokkeveld",-34.3518,21.41393,"","","","","Copeland, S.R., et al., 2016. Strontium isotope investigation of ungulate movement patterns on the Pleistocene Paleo-Agulhas plain of the Greater Cape floristic region, South Africa. Quaternary Science Reviews, 141, pp.65-84.",,,0.70932,1.5e-05,"unknown","unknown","https://doi.org/10.1016/j.quascirev.2016.04.002","DOI","LIT","A75-1","ARDUOUS-04323","A75-1"
"A75-2","","SRM987",0.71024,"MC-ICP-MS","bulk solid","bulk solid",4e-05,"organism : plant : plant tissue : leaf","","","","","other","","","field","S. Copeland","sandicopeland@gmail.com","","Bokkeveld",-34.3518,21.41393,"","","","","Copeland, S.R., et al., 2016. Strontium isotope investigation of ungulate movement patterns on the Pleistocene Paleo-Agulhas plain of the Greater Cape floristic region, South Africa. Quaternary Science Reviews, 141, pp.65-84.",,,0.70951,1.5e-05,"unknown","unknown","https://doi.org/10.1016/j.quascirev.2016.04.002","DOI","LIT","A75-2","ARDUOUS-04324","A75-2"
"A76","","SRM987",0.71024,"MC-ICP-MS","bulk solid","bulk solid",4e-05,"organism : plant : plant tissue : leaf","","","","","other","","","field","S. Copeland","sandicopeland@gmail.com","","Bredasdorp",-34.41567,21.32251,"","","","","Copeland, S.R., et al., 2016. Strontium isotope investigation of ungulate movement patterns on the Pleistocene Paleo-Agulhas plain of the Greater Cape floristic region, South Africa. Quaternary Science Reviews, 141, pp.65-84.",,,0.70949,1.5e-05,"unknown","unknown","https://doi.org/10.1016/j.quascirev.2016.04.002","DOI","LIT","A76","ARDUOUS-04325","A76"
"A77","","SRM987",0.71024,"MC-ICP-MS","bulk solid","bulk solid",4e-05,"organism : plant : plant tissue : leaf","","","","","other","","","field","S. Copeland","sandicopeland@gmail.com","","Bredasdorp",-34.42227,21.34846,"","","","","Copeland, S.R., et al., 2016. Strontium isotope investigation of ungulate movement patterns on the Pleistocene Paleo-Agulhas plain of the Greater Cape floristic region, South Africa. Quaternary Science Reviews, 141, pp.65-84.",,,0.70924,1.5e-05,"unknown","unknown","https://doi.org/10.1016/j.quascirev.2016.04.002","DOI","LIT","A77","ARDUOUS-04326","A77"
"A78","","SRM987",0.71024,"MC-ICP-MS","bulk solid","bulk solid",4e-05,"organism : plant : plant tissue : leaf","","","","","other","","","field","S. Copeland","sandicopeland@gmail.com","","Bredasdorp",-34.21874,21.35583,"","","","","Copeland, S.R., et al., 2016. Strontium isotope investigation of ungulate movement patterns on the Pleistocene Paleo-Agulhas plain of the Greater Cape floristic region, South Africa. Quaternary Science Reviews, 141, pp.65-84.",,,0.71012,1.5e-05,"unknown","unknown","https://doi.org/10.1016/j.quascirev.2016.04.002","DOI","LIT","A78","ARDUOUS-04327","A78"
"A79","","SRM987",0.71024,"MC-ICP-MS","bulk solid","bulk solid",4e-05,"organism : plant : plant tissue : leaf","","","","","other","","","field","S. Copeland","sandicopeland@gmail.com","","Bokkeveld",-34.16281,21.30804,"","","","","Copeland, S.R., et al., 2016. Strontium isotope investigation of ungulate movement patterns on the Pleistocene Paleo-Agulhas plain of the Greater Cape floristic region, South Africa. Quaternary Science Reviews, 141, pp.65-84.",,,0.71292,1.5e-05,"unknown","unknown","https://doi.org/10.1016/j.quascirev.2016.04.002","DOI","LIT","A79","ARDUOUS-04328","A79"
"A8","","SRM987",0.71024,"MC-ICP-MS","bulk solid","bulk solid",4e-05,"organism : plant : plant tissue : leaf","","","","","other","","","field","S. Copeland","sandicopeland@gmail.com","","General Neogene/Quaternary",-34.00469,21.99261,"","","","","Copeland, S.R., et al., 2016. Strontium isotope investigation of ungulate movement patterns on the Pleistocene Paleo-Agulhas plain of the Greater Cape floristic region, South Africa. Quaternary Science Reviews, 141, pp.65-84.",,,0.71108,1.5e-05,"unknown","unknown","https://doi.org/10.1016/j.quascirev.2016.04.002","DOI","LIT","A8","ARDUOUS-04329","A8"
"A80","","SRM987",0.71024,"MC-ICP-MS","bulk solid","bulk solid",4e-05,"organism : plant : plant tissue : leaf","","","","","other","","","field","S. Copeland","sandicopeland@gmail.com","","Bokkeveld",-34.15661,21.12836,"","","","","Copeland, S.R., et al., 2016. Strontium isotope investigation of ungulate movement patterns on the Pleistocene Paleo-Agulhas plain of the Greater Cape floristic region, South Africa. Quaternary Science Reviews, 141, pp.65-84.",,,0.71199,1.5e-05,"unknown","unknown","https://doi.org/10.1016/j.quascirev.2016.04.002","DOI","LIT","A80","ARDUOUS-04330","A80"
"A81","","SRM987",0.71024,"MC-ICP-MS","bulk solid","bulk solid",4e-05,"organism : plant : plant tissue : leaf","","","","","other","","","field","S. Copeland","sandicopeland@gmail.com","","Bokkeveld",-34.18539,21.05481,"","","","","Copeland, S.R., et al., 2016. Strontium isotope investigation of ungulate movement patterns on the Pleistocene Paleo-Agulhas plain of the Greater Cape floristic region, South Africa. Quaternary Science Reviews, 141, pp.65-84.",,,0.71314,1.5e-05,"unknown","unknown","https://doi.org/10.1016/j.quascirev.2016.04.002","DOI","LIT","A81","ARDUOUS-04331","A81"
"A82","","SRM987",0.71024,"MC-ICP-MS","bulk solid","bulk solid",4e-05,"organism : plant : plant tissue : leaf","","","","","other","","","field","S. Copeland","sandicopeland@gmail.com","","Bokkeveld",-34.25174,20.99251,"","","","","Copeland, S.R., et al., 2016. Strontium isotope investigation of ungulate movement patterns on the Pleistocene Paleo-Agulhas plain of the Greater Cape floristic region, South Africa. Quaternary Science Reviews, 141, pp.65-84.",,,0.71422,1.5e-05,"unknown","unknown","https://doi.org/10.1016/j.quascirev.2016.04.002","DOI","LIT","A82","ARDUOUS-04332","A82"
"A83","","SRM987",0.71024,"MC-ICP-MS","bulk solid","bulk solid",4e-05,"organism : plant : plant tissue : leaf","","","","","other","","","field","S. Copeland","sandicopeland@gmail.com","","Table Mountain",-34.41722,20.80147,"","","","","Copeland, S.R., et al., 2016. Strontium isotope investigation of ungulate movement patterns on the Pleistocene Paleo-Agulhas plain of the Greater Cape floristic region, South Africa. Quaternary Science Reviews, 141, pp.65-84.",,,0.71019,1.5e-05,"unknown","unknown","https://doi.org/10.1016/j.quascirev.2016.04.002","DOI","LIT","A83","ARDUOUS-04333","A83"
"A84","","SRM987",0.71024,"MC-ICP-MS","bulk solid","bulk solid",4e-05,"organism : plant : plant tissue : leaf","","","","","other","","","field","S. Copeland","sandicopeland@gmail.com","","Table Mountain",-34.42434,20.85718,"","","","","Copeland, S.R., et al., 2016. Strontium isotope investigation of ungulate movement patterns on the Pleistocene Paleo-Agulhas plain of the Greater Cape floristic region, South Africa. Quaternary Science Reviews, 141, pp.65-84.",,,0.70977,1.5e-05,"unknown","unknown","https://doi.org/10.1016/j.quascirev.2016.04.002","DOI","LIT","A84","ARDUOUS-04334","A84"
"A85","","SRM987",0.71024,"MC-ICP-MS","bulk solid","bulk solid",4e-05,"organism : plant : plant tissue : leaf","","","","","other","","","field","S. Copeland","sandicopeland@gmail.com","","Table Mountain",-34.42387,20.77439,"","","","","Copeland, S.R., et al., 2016. Strontium isotope investigation of ungulate movement patterns on the Pleistocene Paleo-Agulhas plain of the Greater Cape floristic region, South Africa. Quaternary Science Reviews, 141, pp.65-84.",,,0.70948,1.5e-05,"unknown","unknown","https://doi.org/10.1016/j.quascirev.2016.04.002","DOI","LIT","A85","ARDUOUS-04335","A85"
"A86","","SRM987",0.71024,"MC-ICP-MS","bulk solid","bulk solid",4e-05,"organism : plant : plant tissue : leaf","","","","","other","","","field","S. Copeland","sandicopeland@gmail.com","","Table Mountain",-34.42532,20.77479,"","","","","Copeland, S.R., et al., 2016. Strontium isotope investigation of ungulate movement patterns on the Pleistocene Paleo-Agulhas plain of the Greater Cape floristic region, South Africa. Quaternary Science Reviews, 141, pp.65-84.",,,0.70953,1.5e-05,"unknown","unknown","https://doi.org/10.1016/j.quascirev.2016.04.002","DOI","LIT","A86","ARDUOUS-04336","A86"
"A87","","SRM987",0.71024,"MC-ICP-MS","bulk solid","bulk solid",4e-05,"organism : plant : plant tissue : leaf","","","","","other","","","field","S. Copeland","sandicopeland@gmail.com","","Bokkeveld",-34.35448,20.60041,"","","","","Copeland, S.R., et al., 2016. Strontium isotope investigation of ungulate movement patterns on the Pleistocene Paleo-Agulhas plain of the Greater Cape floristic region, South Africa. Quaternary Science Reviews, 141, pp.65-84.",,,0.71169,1.5e-05,"unknown","unknown","https://doi.org/10.1016/j.quascirev.2016.04.002","DOI","LIT","A87","ARDUOUS-04337","A87"
"A88","","SRM987",0.71024,"MC-ICP-MS","bulk solid","bulk solid",4e-05,"organism : plant : plant tissue : leaf","","","","","other","","","field","S. Copeland","sandicopeland@gmail.com","","General Neogene/Quaternary",-34.35334,20.60034,"","","","","Copeland, S.R., et al., 2016. Strontium isotope investigation of ungulate movement patterns on the Pleistocene Paleo-Agulhas plain of the Greater Cape floristic region, South Africa. Quaternary Science Reviews, 141, pp.65-84.",,,0.71322,1.5e-05,"unknown","unknown","https://doi.org/10.1016/j.quascirev.2016.04.002","DOI","LIT","A88","ARDUOUS-04338","A88"
"A89","","SRM987",0.71024,"MC-ICP-MS","bulk solid","bulk solid",4e-05,"organism : plant : plant tissue : leaf","","","","","other","","","field","S. Copeland","sandicopeland@gmail.com","","Uitenhage",-34.42058,20.23291,"","","","","Copeland, S.R., et al., 2016. Strontium isotope investigation of ungulate movement patterns on the Pleistocene Paleo-Agulhas plain of the Greater Cape floristic region, South Africa. Quaternary Science Reviews, 141, pp.65-84.",,,0.71208,1.5e-05,"unknown","unknown","https://doi.org/10.1016/j.quascirev.2016.04.002","DOI","LIT","A89","ARDUOUS-04339","A89"
"A9","","SRM987",0.71024,"MC-ICP-MS","bulk solid","bulk solid",4e-05,"organism : plant : plant tissue : leaf","","","","","other","","","field","S. Copeland","sandicopeland@gmail.com","","Table Mountain",-33.88978,22.02447,"","","","","Copeland, S.R., et al., 2016. Strontium isotope investigation of ungulate movement patterns on the Pleistocene Paleo-Agulhas plain of the Greater Cape floristic region, South Africa. Quaternary Science Reviews, 141, pp.65-84.",,,0.71232,1.5e-05,"unknown","unknown","https://doi.org/10.1016/j.quascirev.2016.04.002","DOI","LIT","A9","ARDUOUS-04340","A9"
"A90","","SRM987",0.71024,"MC-ICP-MS","bulk solid","bulk solid",4e-05,"organism : plant : plant tissue : leaf","","","","","other","","","field","S. Copeland","sandicopeland@gmail.com","","Bredasdorp",-34.51284,20.0719,"","","","","Copeland, S.R., et al., 2016. Strontium isotope investigation of ungulate movement patterns on the Pleistocene Paleo-Agulhas plain of the Greater Cape floristic region, South Africa. Quaternary Science Reviews, 141, pp.65-84.",,,0.70949,1.5e-05,"unknown","unknown","https://doi.org/10.1016/j.quascirev.2016.04.002","DOI","LIT","A90","ARDUOUS-04341","A90"
"A92","","SRM987",0.71024,"MC-ICP-MS","bulk solid","bulk solid",4e-05,"organism : plant : plant tissue : leaf","","","","","other","","","field","S. Copeland","sandicopeland@gmail.com","","Bredasdorp",-34.64742,20.20946,"","","","","Copeland, S.R., et al., 2016. Strontium isotope investigation of ungulate movement patterns on the Pleistocene Paleo-Agulhas plain of the Greater Cape floristic region, South Africa. Quaternary Science Reviews, 141, pp.65-84.",,,0.70933,1.5e-05,"unknown","unknown","https://doi.org/10.1016/j.quascirev.2016.04.002","DOI","LIT","A92","ARDUOUS-04342","A92"
"A93","","SRM987",0.71024,"MC-ICP-MS","bulk solid","bulk solid",4e-05,"organism : plant : plant tissue : leaf","","","","","other","","","field","S. Copeland","sandicopeland@gmail.com","","Bredasdorp",-34.66859,20.22796,"","","","","Copeland, S.R., et al., 2016. Strontium isotope investigation of ungulate movement patterns on the Pleistocene Paleo-Agulhas plain of the Greater Cape floristic region, South Africa. Quaternary Science Reviews, 141, pp.65-84.",,,0.70922,1.5e-05,"unknown","unknown","https://doi.org/10.1016/j.quascirev.2016.04.002","DOI","LIT","A93","ARDUOUS-04343","A93"
"A94","","SRM987",0.71024,"MC-ICP-MS","bulk solid","bulk solid",4e-05,"organism : plant : plant tissue : leaf","","","","","other","","","field","S. Copeland","sandicopeland@gmail.com","","Bokkeveld",-34.64209,20.20302,"","","","","Copeland, S.R., et al., 2016. Strontium isotope investigation of ungulate movement patterns on the Pleistocene Paleo-Agulhas plain of the Greater Cape floristic region, South Africa. Quaternary Science Reviews, 141, pp.65-84.",,,0.7096,1.5e-05,"unknown","unknown","https://doi.org/10.1016/j.quascirev.2016.04.002","DOI","LIT","A94","ARDUOUS-04344","A94"
"A95","","SRM987",0.71024,"MC-ICP-MS","bulk solid","bulk solid",4e-05,"organism : plant : plant tissue : leaf","","","","","other","","","field","S. Copeland","sandicopeland@gmail.com","","Bredasdorp",-34.72469,20.02952,"","","","","Copeland, S.R., et al., 2016. Strontium isotope investigation of ungulate movement patterns on the Pleistocene Paleo-Agulhas plain of the Greater Cape floristic region, South Africa. Quaternary Science Reviews, 141, pp.65-84.",,,0.70941,1.5e-05,"unknown","unknown","https://doi.org/10.1016/j.quascirev.2016.04.002","DOI","LIT","A95","ARDUOUS-04345","A95"
"A96","","SRM987",0.71024,"MC-ICP-MS","bulk solid","bulk solid",4e-05,"organism : plant : plant tissue : leaf","","","","","other","","","field","S. Copeland","sandicopeland@gmail.com","","Table Mountain",-34.83299,20.00032,"","","","","Copeland, S.R., et al., 2016. Strontium isotope investigation of ungulate movement patterns on the Pleistocene Paleo-Agulhas plain of the Greater Cape floristic region, South Africa. Quaternary Science Reviews, 141, pp.65-84.",,,0.70924,1.5e-05,"unknown","unknown","https://doi.org/10.1016/j.quascirev.2016.04.002","DOI","LIT","A96","ARDUOUS-04346","A96"
"A97","","SRM987",0.71024,"MC-ICP-MS","bulk solid","bulk solid",4e-05,"organism : plant : plant tissue : leaf","","","","","other","","","field","S. Copeland","sandicopeland@gmail.com","","Bokkeveld",-33.76803,22.34217,"","","","","Copeland, S.R., et al., 2016. Strontium isotope investigation of ungulate movement patterns on the Pleistocene Paleo-Agulhas plain of the Greater Cape floristic region, South Africa. Quaternary Science Reviews, 141, pp.65-84.",,,0.71301,1.5e-05,"unknown","unknown","https://doi.org/10.1016/j.quascirev.2016.04.002","DOI","LIT","A97","ARDUOUS-04347","A97"
"A98","","SRM987",0.71024,"MC-ICP-MS","bulk solid","bulk solid",4e-05,"organism : plant : plant tissue : leaf","","","","","other","","","field","S. Copeland","sandicopeland@gmail.com","","Uitenhage",-33.57545,22.21759,"","","","","Copeland, S.R., et al., 2016. Strontium isotope investigation of ungulate movement patterns on the Pleistocene Paleo-Agulhas plain of the Greater Cape floristic region, South Africa. Quaternary Science Reviews, 141, pp.65-84.",,,0.7146,1.5e-05,"unknown","unknown","https://doi.org/10.1016/j.quascirev.2016.04.002","DOI","LIT","A98","ARDUOUS-04348","A98"
"A99","","SRM987",0.71024,"MC-ICP-MS","bulk solid","bulk solid",4e-05,"organism : plant : plant tissue : leaf","","","","","other","","","field","S. Copeland","sandicopeland@gmail.com","","Cango Caves",-33.4267,22.25354,"","","","","Copeland, S.R., et al., 2016. Strontium isotope investigation of ungulate movement patterns on the Pleistocene Paleo-Agulhas plain of the Greater Cape floristic region, South Africa. Quaternary Science Reviews, 141, pp.65-84.",,,0.71985,1.5e-05,"unknown","unknown","https://doi.org/10.1016/j.quascirev.2016.04.002","DOI","LIT","A99","ARDUOUS-04349","A99"
"Kny 1","","SRM987",0.71024,"MC-ICP-MS","bulk solid","bulk solid",4e-05,"organism : plant : plant tissue : leaf","","","","","other","","","field","S. Copeland","sandicopeland@gmail.com","","Table Mountain",-33.96333,23.1538,"","","","","Copeland, S.R., et al., 2016. Strontium isotope investigation of ungulate movement patterns on the Pleistocene Paleo-Agulhas plain of the Greater Cape floristic region, South Africa. Quaternary Science Reviews, 141, pp.65-84.",,,0.71101,1.5e-05,"unknown","unknown","https://doi.org/10.1016/j.quascirev.2016.04.002","DOI","LIT","Kny 1","ARDUOUS-04350","Kny 1"
"Kny 2","","SRM987",0.71024,"MC-ICP-MS","bulk solid","bulk solid",4e-05,"organism : plant : plant tissue : leaf","","","","","other","","","field","S. Copeland","sandicopeland@gmail.com","","Table Mountain",-33.96158,23.15144,"","","","","Copeland, S.R., et al., 2016. Strontium isotope investigation of ungulate movement patterns on the Pleistocene Paleo-Agulhas plain of the Greater Cape floristic region, South Africa. Quaternary Science Reviews, 141, pp.65-84.",,,0.71062,1.5e-05,"unknown","unknown","https://doi.org/10.1016/j.quascirev.2016.04.002","DOI","LIT","Kny 2","ARDUOUS-04351","Kny 2"
"Kny 3","","SRM987",0.71024,"MC-ICP-MS","bulk solid","bulk solid",4e-05,"organism : plant : plant tissue : leaf","","","","","other","","","field","S. Copeland","sandicopeland@gmail.com","","Table Mountain",-33.94934,23.15626,"","","","","Copeland, S.R., et al., 2016. Strontium isotope investigation of ungulate movement patterns on the Pleistocene Paleo-Agulhas plain of the Greater Cape floristic region, South Africa. Quaternary Science Reviews, 141, pp.65-84.",,,0.71054,1.5e-05,"unknown","unknown","https://doi.org/10.1016/j.quascirev.2016.04.002","DOI","LIT","Kny 3","ARDUOUS-04352","Kny 3"
"Sand 1","","SRM987",0.71024,"MC-ICP-MS","bulk solid","bulk solid",4e-05,"organism : plant : plant tissue : leaf","","","","","other","","","field","S. Copeland","sandicopeland@gmail.com","","Gamtoos/Malmesbury",-34.02098,22.52864,"","","","","Copeland, S.R., et al., 2016. Strontium isotope investigation of ungulate movement patterns on the Pleistocene Paleo-Agulhas plain of the Greater Cape floristic region, South Africa. Quaternary Science Reviews, 141, pp.65-84.",,,0.70979,1.5e-05,"unknown","unknown","https://doi.org/10.1016/j.quascirev.2016.04.002","DOI","LIT","Sand 1","ARDUOUS-04353","Sand 1"
"Sand 2","","SRM987",0.71024,"MC-ICP-MS","bulk solid","bulk solid",4e-05,"organism : plant : plant tissue : leaf","","","","","other","","","field","S. Copeland","sandicopeland@gmail.com","","Gamtoos/Malmesbury",-34.02236,22.526,"","","","","Copeland, S.R., et al., 2016. Strontium isotope investigation of ungulate movement patterns on the Pleistocene Paleo-Agulhas plain of the Greater Cape floristic region, South Africa. Quaternary Science Reviews, 141, pp.65-84.",,,0.70949,1.5e-05,"unknown","unknown","https://doi.org/10.1016/j.quascirev.2016.04.002","DOI","LIT","Sand 2","ARDUOUS-04354","Sand 2"
"Sand 3","","SRM987",0.71024,"MC-ICP-MS","bulk solid","bulk solid",4e-05,"organism : plant : plant tissue : leaf","","","","","other","","","field","S. Copeland","sandicopeland@gmail.com","","Gamtoos/Malmesbury",-34.01974,22.52437,"","","","","Copeland, S.R., et al., 2016. Strontium isotope investigation of ungulate movement patterns on the Pleistocene Paleo-Agulhas plain of the Greater Cape floristic region, South Africa. Quaternary Science Reviews, 141, pp.65-84.",,,0.71071,1.5e-05,"unknown","unknown","https://doi.org/10.1016/j.quascirev.2016.04.002","DOI","LIT","Sand 3","ARDUOUS-04355","Sand 3"
"H3","","SRM987",0.71024,"MC-ICP-MS","bulk solid","bulk solid",4e-05,"inorganic-organic composite : soil","","","","","other","Soil exchangeable by acetic acid","","field","Copeland, Sandi R","sandicopeland@gmail.com","","",-31.5649,25.9639,"","","","","Copeland, SR et al. ""Isotopic Evidence for the Geographic Origin, Movement and Diet of the Hofmeyr Individual."" 2023, pp. 47-68",,,0.71598,2.5e-05,"unknown","unknown","https://doi.org/10.1007/978-3-031-07426-4_5","DOI","LIT","H3","ARDUOUS-04356","H3"
"H3","","SRM987",0.71024,"MC-ICP-MS","bulk solid","bulk solid",4e-05,"inorganic-organic composite : soil","","","","","other","Soil exchangeable in water","","field","Copeland, Sandi R","sandicopeland@gmail.com","","",-31.56,25.96,"","","","","Copeland, SR et al. ""Isotopic Evidence for the Geographic Origin, Movement and Diet of the Hofmeyr Individual."" 2023, pp. 47-68",,,0.71613,2.5e-05,"unknown","unknown","https://doi.org/10.1007/978-3-031-07426-4_5","DOI","LIT","H3","ARDUOUS-04357","H3"
"H6","","SRM987",0.71024,"MC-ICP-MS","bulk solid","bulk solid",4e-05,"inorganic-organic composite : soil","","","","","other","Soil exchangeable by acetic acid","","field","Copeland, Sandi R","sandicopeland@gmail.com","","",-31.47,26.13,"","","","","Copeland, SR et al. ""Isotopic Evidence for the Geographic Origin, Movement and Diet of the Hofmeyr Individual."" 2023, pp. 47-68",,,0.71749,2.5e-05,"unknown","unknown","https://doi.org/10.1007/978-3-031-07426-4_5","DOI","LIT","H6","ARDUOUS-04358","H6"
"H6","","SRM987",0.71024,"MC-ICP-MS","bulk solid","bulk solid",4e-05,"inorganic-organic composite : soil","","","","","other","Soil exchangeable in water","","field","Copeland, Sandi R","sandicopeland@gmail.com","","",-31.47,26.13,"","","","","Copeland, SR et al. ""Isotopic Evidence for the Geographic Origin, Movement and Diet of the Hofmeyr Individual."" 2023, pp. 47-68",,,0.71792,2.5e-05,"unknown","unknown","https://doi.org/10.1007/978-3-031-07426-4_5","DOI","LIT","H6","ARDUOUS-04359","H6"
"H8","","SRM987",0.71024,"MC-ICP-MS","bulk solid","bulk solid",4e-05,"inorganic-organic composite : soil","","","","","other","Soil exchangeable by acetic acid","","field","Copeland, Sandi R","sandicopeland@gmail.com","","",-32.13,25.63,"","","","","Copeland, SR et al. ""Isotopic Evidence for the Geographic Origin, Movement and Diet of the Hofmeyr Individual."" 2023, pp. 47-68",,,0.713,2.5e-05,"unknown","unknown","https://doi.org/10.1007/978-3-031-07426-4_5","DOI","LIT","H8","ARDUOUS-04360","H8"
"H8","","SRM987",0.71024,"MC-ICP-MS","bulk solid","bulk solid",4e-05,"inorganic-organic composite : soil","","","","","other","Soil exchangeable in water","","field","Copeland, Sandi R","sandicopeland@gmail.com","","",-32.13,25.63,"","","","","Copeland, SR et al. ""Isotopic Evidence for the Geographic Origin, Movement and Diet of the Hofmeyr Individual."" 2023, pp. 47-68",,,0.71323,2.5e-05,"unknown","unknown","https://doi.org/10.1007/978-3-031-07426-4_5","DOI","LIT","H8","ARDUOUS-04361","H8"
"H10","","SRM987",0.71024,"MC-ICP-MS","bulk solid","bulk solid",4e-05,"organism : plant : plant tissue : leaf","","","","","other","","","field","Copeland, Sandi R","sandicopeland@gmail.com","","",-31.59,26.01,"Poaceae","family","","","Copeland, SR et al. ""Isotopic Evidence for the Geographic Origin, Movement and Diet of the Hofmeyr Individual."" 2023, pp. 47-68",,,0.71562,2.5e-05,"unknown","unknown","https://doi.org/10.1007/978-3-031-07426-4_5","DOI","LIT","H10","ARDUOUS-04362","H10"
"H10","","SRM987",0.71024,"MC-ICP-MS","bulk solid","bulk solid",4e-05,"organism : plant : plant tissue : leaf","","","","","other","","","field","Copeland, Sandi R","sandicopeland@gmail.com","","",-31.59,26.01,"Angiospermae","clade","","","Copeland, SR et al. ""Isotopic Evidence for the Geographic Origin, Movement and Diet of the Hofmeyr Individual."" 2023, pp. 47-68",,,0.71566,2.5e-05,"unknown","unknown","https://doi.org/10.1007/978-3-031-07426-4_5","DOI","LIT","H10","ARDUOUS-04363","H10"
"H10","","SRM987",0.71024,"MC-ICP-MS","bulk solid","bulk solid",4e-05,"organism : plant : plant tissue : leaf","","","","","other","","","field","Copeland, Sandi R","sandicopeland@gmail.com","","",-31.59,26.01,"Poaceae","family","","","Copeland, SR et al. ""Isotopic Evidence for the Geographic Origin, Movement and Diet of the Hofmeyr Individual."" 2023, pp. 47-68",,,0.71582,2.5e-05,"unknown","unknown","https://doi.org/10.1007/978-3-031-07426-4_5","DOI","LIT","H10","ARDUOUS-04364","H10"
"H11","","SRM987",0.71024,"MC-ICP-MS","bulk solid","bulk solid",4e-05,"organism : plant : plant tissue : leaf","","","","","other","","","field","Copeland, Sandi R","sandicopeland@gmail.com","","",-31.5949,26.0395,"Angiospermae","clade","","","Copeland, SR et al. ""Isotopic Evidence for the Geographic Origin, Movement and Diet of the Hofmeyr Individual."" 2023, pp. 47-68",,,0.71577,2.5e-05,"unknown","unknown","https://doi.org/10.1007/978-3-031-07426-4_5","DOI","LIT","H11","ARDUOUS-04365","H11"
"H11","","SRM987",0.71024,"MC-ICP-MS","bulk solid","bulk solid",4e-05,"organism : plant : plant tissue : leaf","","","","","other","","","field","Copeland, Sandi R","sandicopeland@gmail.com","","",-31.5949,26.0395,"Poaceae","family","","","Copeland, SR et al. ""Isotopic Evidence for the Geographic Origin, Movement and Diet of the Hofmeyr Individual."" 2023, pp. 47-68",,,0.71596,2.5e-05,"unknown","unknown","https://doi.org/10.1007/978-3-031-07426-4_5","DOI","LIT","H11","ARDUOUS-04366","H11"
"H11","","SRM987",0.71024,"MC-ICP-MS","bulk solid","bulk solid",4e-05,"organism : plant : plant tissue : leaf","","","","","other","","","field","Copeland, Sandi R","sandicopeland@gmail.com","","",-31.5949,26.0395,"Poaceae","family","","","Copeland, SR et al. ""Isotopic Evidence for the Geographic Origin, Movement and Diet of the Hofmeyr Individual."" 2023, pp. 47-68",,,0.71626,2.5e-05,"unknown","unknown","https://doi.org/10.1007/978-3-031-07426-4_5","DOI","LIT","H11","ARDUOUS-04367","H11"
"H12","","SRM987",0.71024,"MC-ICP-MS","bulk solid","bulk solid",4e-05,"organism : plant : plant tissue : leaf","","","","","other","","","field","Copeland, Sandi R","sandicopeland@gmail.com","","",-31.4651,26.013,"Acacia","genus","","","Copeland, SR et al. ""Isotopic Evidence for the Geographic Origin, Movement and Diet of the Hofmeyr Individual."" 2023, pp. 47-68",,,0.7156,2.5e-05,"unknown","unknown","https://doi.org/10.1007/978-3-031-07426-4_5","DOI","LIT","H12","ARDUOUS-04368","H12"
"H12","","SRM987",0.71024,"MC-ICP-MS","bulk solid","bulk solid",4e-05,"organism : plant : plant tissue : leaf","","","","","other","","","field","Copeland, Sandi R","sandicopeland@gmail.com","","",-31.4651,26.013,"Angiospermae","clade","","","Copeland, SR et al. ""Isotopic Evidence for the Geographic Origin, Movement and Diet of the Hofmeyr Individual."" 2023, pp. 47-68",,,0.71613,2.5e-05,"unknown","unknown","https://doi.org/10.1007/978-3-031-07426-4_5","DOI","LIT","H12","ARDUOUS-04369","H12"
"H12","","SRM987",0.71024,"MC-ICP-MS","bulk solid","bulk solid",4e-05,"organism : plant : plant tissue : leaf","","","","","other","","","field","Copeland, Sandi R","sandicopeland@gmail.com","","",-31.4651,26.013,"Angiospermae","clade","","","Copeland, SR et al. ""Isotopic Evidence for the Geographic Origin, Movement and Diet of the Hofmeyr Individual."" 2023, pp. 47-68",,,0.71673,2.5e-05,"unknown","unknown","https://doi.org/10.1007/978-3-031-07426-4_5","DOI","LIT","H12","ARDUOUS-04370","H12"
"H13","","SRM987",0.71024,"MC-ICP-MS","bulk solid","bulk solid",4e-05,"organism : plant : plant tissue : leaf","","","","","other","","","field","Copeland, Sandi R","sandicopeland@gmail.com","","",-31.5014,26.175,"Poaceae","family","","","Copeland, SR et al. ""Isotopic Evidence for the Geographic Origin, Movement and Diet of the Hofmeyr Individual."" 2023, pp. 47-68",,,0.71099,2.5e-05,"unknown","unknown","https://doi.org/10.1007/978-3-031-07426-4_5","DOI","LIT","H13","ARDUOUS-04371","H13"
"H13","","SRM987",0.71024,"MC-ICP-MS","bulk solid","bulk solid",4e-05,"organism : plant : plant tissue : leaf","","","","","other","","","field","Copeland, Sandi R","sandicopeland@gmail.com","","",-31.5014,26.175,"Poaceae","family","","","Copeland, SR et al. ""Isotopic Evidence for the Geographic Origin, Movement and Diet of the Hofmeyr Individual."" 2023, pp. 47-68",,,0.71135,2.5e-05,"unknown","unknown","https://doi.org/10.1007/978-3-031-07426-4_5","DOI","LIT","H13","ARDUOUS-04372","H13"
"H13","","SRM987",0.71024,"MC-ICP-MS","bulk solid","bulk solid",4e-05,"organism : plant : plant tissue : leaf","","","","","other","","","field","Copeland, Sandi R","sandicopeland@gmail.com","","",-31.5014,26.175,"Poaceae","family","","","Copeland, SR et al. ""Isotopic Evidence for the Geographic Origin, Movement and Diet of the Hofmeyr Individual."" 2023, pp. 47-68",,,0.71187,2.5e-05,"unknown","unknown","https://doi.org/10.1007/978-3-031-07426-4_5","DOI","LIT","H13","ARDUOUS-04373","H13"
"H14","","SRM987",0.71024,"MC-ICP-MS","bulk solid","bulk solid",4e-05,"organism : plant : plant tissue : leaf","","","","","other","","","field","Copeland, Sandi R","sandicopeland@gmail.com","","",-31.452,26.1026,"","","","","Copeland, SR et al. ""Isotopic Evidence for the Geographic Origin, Movement and Diet of the Hofmeyr Individual."" 2023, pp. 47-68",,,0.71108,2.5e-05,"unknown","unknown","https://doi.org/10.1007/978-3-031-07426-4_5","DOI","LIT","H14","ARDUOUS-04374","H14"
"H14","","SRM987",0.71024,"MC-ICP-MS","bulk solid","bulk solid",4e-05,"organism : plant : plant tissue : leaf","","","","","other","","","field","Copeland, Sandi R","sandicopeland@gmail.com","","",-31.452,26.1026,"Poaceae","family","","","Copeland, SR et al. ""Isotopic Evidence for the Geographic Origin, Movement and Diet of the Hofmeyr Individual."" 2023, pp. 47-68",,,0.71147,2.5e-05,"unknown","unknown","https://doi.org/10.1007/978-3-031-07426-4_5","DOI","LIT","H14","ARDUOUS-04375","H14"
"H14","","SRM987",0.71024,"MC-ICP-MS","bulk solid","bulk solid",4e-05,"organism : plant : plant tissue : leaf","","","","","other","","","field","Copeland, Sandi R","sandicopeland@gmail.com","","",-31.452,26.1026,"","","","","Copeland, SR et al. ""Isotopic Evidence for the Geographic Origin, Movement and Diet of the Hofmeyr Individual."" 2023, pp. 47-68",,,0.71157,2.5e-05,"unknown","unknown","https://doi.org/10.1007/978-3-031-07426-4_5","DOI","LIT","H14","ARDUOUS-04376","H14"
"H15","","SRM987",0.71024,"MC-ICP-MS","bulk solid","bulk solid",4e-05,"organism : plant : plant tissue : leaf","","","","","other","","","field","Copeland, Sandi R","sandicopeland@gmail.com","","",-31.4468,25.9588,"Poaceae","family","","","Copeland, SR et al. ""Isotopic Evidence for the Geographic Origin, Movement and Diet of the Hofmeyr Individual."" 2023, pp. 47-68",,,0.71443,2.5e-05,"unknown","unknown","https://doi.org/10.1007/978-3-031-07426-4_5","DOI","LIT","H15","ARDUOUS-04377","H15"
"H15","","SRM987",0.71024,"MC-ICP-MS","bulk solid","bulk solid",4e-05,"organism : plant : plant tissue : leaf","","","","","other","","","field","Copeland, Sandi R","sandicopeland@gmail.com","","",-31.4468,25.9588,"Angiospermae","clade","","","Copeland, SR et al. ""Isotopic Evidence for the Geographic Origin, Movement and Diet of the Hofmeyr Individual."" 2023, pp. 47-68",,,0.71456,2.5e-05,"unknown","unknown","https://doi.org/10.1007/978-3-031-07426-4_5","DOI","LIT","H15","ARDUOUS-04378","H15"
"H15","","SRM987",0.71024,"MC-ICP-MS","bulk solid","bulk solid",4e-05,"organism : plant : plant tissue : leaf","","","","","other","","","field","Copeland, Sandi R","sandicopeland@gmail.com","","",-31.4468,25.9588,"Poaceae","family","","","Copeland, SR et al. ""Isotopic Evidence for the Geographic Origin, Movement and Diet of the Hofmeyr Individual."" 2023, pp. 47-68",,,0.71569,2.5e-05,"unknown","unknown","https://doi.org/10.1007/978-3-031-07426-4_5","DOI","LIT","H15","ARDUOUS-04379","H15"
"H16","","SRM987",0.71024,"MC-ICP-MS","bulk solid","bulk solid",4e-05,"organism : plant : plant tissue : leaf","","","","","other","","","field","Copeland, Sandi R","sandicopeland@gmail.com","","",-31.6494,25.8077,"Angiospermae","clade","","","Copeland, SR et al. ""Isotopic Evidence for the Geographic Origin, Movement and Diet of the Hofmeyr Individual."" 2023, pp. 47-68",,,0.71382,2.5e-05,"unknown","unknown","https://doi.org/10.1007/978-3-031-07426-4_5","DOI","LIT","H16","ARDUOUS-04380","H16"
"H16","","SRM987",0.71024,"MC-ICP-MS","bulk solid","bulk solid",4e-05,"organism : plant : plant tissue : leaf","","","","","other","","","field","Copeland, Sandi R","sandicopeland@gmail.com","","",-31.6494,25.8077,"Poaceae","family","","","Copeland, SR et al. ""Isotopic Evidence for the Geographic Origin, Movement and Diet of the Hofmeyr Individual."" 2023, pp. 47-68",,,0.71463,2.5e-05,"unknown","unknown","https://doi.org/10.1007/978-3-031-07426-4_5","DOI","LIT","H16","ARDUOUS-04381","H16"
"H16","","SRM987",0.71024,"MC-ICP-MS","bulk solid","bulk solid",4e-05,"organism : plant : plant tissue : leaf","","","","","other","","","field","Copeland, Sandi R","sandicopeland@gmail.com","","",-31.6494,25.8077,"Poaceae","family","","","Copeland, SR et al. ""Isotopic Evidence for the Geographic Origin, Movement and Diet of the Hofmeyr Individual."" 2023, pp. 47-68",,,0.71466,2.5e-05,"unknown","unknown","https://doi.org/10.1007/978-3-031-07426-4_5","DOI","LIT","H16","ARDUOUS-04382","H16"
"H17","","SRM987",0.71024,"MC-ICP-MS","bulk solid","bulk solid",4e-05,"organism : plant : plant tissue : leaf","","","","","other","","","field","Copeland, Sandi R","sandicopeland@gmail.com","","",-32.1281,25.519,"Poaceae","family","","","Copeland, SR et al. ""Isotopic Evidence for the Geographic Origin, Movement and Diet of the Hofmeyr Individual."" 2023, pp. 47-68",,,0.71241,2.5e-05,"unknown","unknown","https://doi.org/10.1007/978-3-031-07426-4_5","DOI","LIT","H17","ARDUOUS-04383","H17"
"H17","","SRM987",0.71024,"MC-ICP-MS","bulk solid","bulk solid",4e-05,"organism : plant : plant tissue : leaf","","","","","other","","","field","Copeland, Sandi R","sandicopeland@gmail.com","","",-32.1281,25.519,"Poaceae","family","","","Copeland, SR et al. ""Isotopic Evidence for the Geographic Origin, Movement and Diet of the Hofmeyr Individual."" 2023, pp. 47-68",,,0.7128,2.5e-05,"unknown","unknown","https://doi.org/10.1007/978-3-031-07426-4_5","DOI","LIT","H17","ARDUOUS-04384","H17"
"H17","","SRM987",0.71024,"MC-ICP-MS","bulk solid","bulk solid",4e-05,"organism : plant : plant tissue : leaf","","","","","other","","","field","Copeland, Sandi R","sandicopeland@gmail.com","","",-32.1281,25.519,"Angiospermae","clade","","","Copeland, SR et al. ""Isotopic Evidence for the Geographic Origin, Movement and Diet of the Hofmeyr Individual."" 2023, pp. 47-68",,,0.71322,2.5e-05,"unknown","unknown","https://doi.org/10.1007/978-3-031-07426-4_5","DOI","LIT","H17","ARDUOUS-04385","H17"
"H18","","SRM987",0.71024,"MC-ICP-MS","bulk solid","bulk solid",4e-05,"organism : plant : plant tissue : leaf","","","","","other","","","field","Copeland, Sandi R","sandicopeland@gmail.com","","",-31.9922,25.6744,"Angiospermae","clade","","","Copeland, SR et al. ""Isotopic Evidence for the Geographic Origin, Movement and Diet of the Hofmeyr Individual."" 2023, pp. 47-68",,,0.71484,2.5e-05,"unknown","unknown","https://doi.org/10.1007/978-3-031-07426-4_5","DOI","LIT","H18","ARDUOUS-04386","H18"
"H18","","SRM987",0.71024,"MC-ICP-MS","bulk solid","bulk solid",4e-05,"organism : plant : plant tissue : leaf","","","","","other","","","field","Copeland, Sandi R","sandicopeland@gmail.com","","",-31.99,25.67,"Poaceae","family","","","Copeland, SR et al. ""Isotopic Evidence for the Geographic Origin, Movement and Diet of the Hofmeyr Individual."" 2023, pp. 47-68",,,0.71489,2.5e-05,"unknown","unknown","https://doi.org/10.1007/978-3-031-07426-4_5","DOI","LIT","H18","ARDUOUS-04387","H18"
"H19","","SRM987",0.71024,"MC-ICP-MS","bulk solid","bulk solid",4e-05,"organism : plant : plant tissue : leaf","","","","","other","","","field","Copeland, Sandi R","sandicopeland@gmail.com","","",-31.9,25.77,"Poaceae","family","","","Copeland, SR et al. ""Isotopic Evidence for the Geographic Origin, Movement and Diet of the Hofmeyr Individual."" 2023, pp. 47-68",,,0.71413,2.5e-05,"unknown","unknown","https://doi.org/10.1007/978-3-031-07426-4_5","DOI","LIT","H19","ARDUOUS-04389","H19"
"H19","","SRM987",0.71024,"MC-ICP-MS","bulk solid","bulk solid",4e-05,"organism : plant : plant tissue : leaf","","","","","other","","","field","Copeland, Sandi R","sandicopeland@gmail.com","","",-31.9,25.77,"Poaceae","family","","","Copeland, SR et al. ""Isotopic Evidence for the Geographic Origin, Movement and Diet of the Hofmeyr Individual."" 2023, pp. 47-68",,,0.71429,2.5e-05,"unknown","unknown","https://doi.org/10.1007/978-3-031-07426-4_5","DOI","LIT","H19","ARDUOUS-04390","H19"
"H19","","SRM987",0.71024,"MC-ICP-MS","bulk solid","bulk solid",4e-05,"organism : plant : plant tissue : leaf","","","","","other","","","field","Copeland, Sandi R","sandicopeland@gmail.com","","",-31.9,25.77,"Angiospermae","clade","","","Copeland, SR et al. ""Isotopic Evidence for the Geographic Origin, Movement and Diet of the Hofmeyr Individual."" 2023, pp. 47-68",,,0.71439,2.5e-05,"unknown","unknown","https://doi.org/10.1007/978-3-031-07426-4_5","DOI","LIT","H19","ARDUOUS-04391","H19"
"H2","","SRM987",0.71024,"MC-ICP-MS","bulk solid","bulk solid",4e-05,"organism : plant : plant tissue : leaf","","","","","other","","","field","Copeland, Sandi R","sandicopeland@gmail.com","","",-31.5652,25.9646,"Poaceae","family","","","Copeland, SR et al. ""Isotopic Evidence for the Geographic Origin, Movement and Diet of the Hofmeyr Individual."" 2023, pp. 47-68",,,0.71594,2.5e-05,"unknown","unknown","https://doi.org/10.1007/978-3-031-07426-4_5","DOI","LIT","H2","ARDUOUS-04392","H2"
"H2","","SRM987",0.71024,"MC-ICP-MS","bulk solid","bulk solid",4e-05,"organism : plant : plant tissue : leaf","","","","","other","","","field","Copeland, Sandi R","sandicopeland@gmail.com","","",-31.5652,25.9646,"Poaceae","family","","","Copeland, SR et al. ""Isotopic Evidence for the Geographic Origin, Movement and Diet of the Hofmeyr Individual."" 2023, pp. 47-68",,,0.71596,2.5e-05,"unknown","unknown","https://doi.org/10.1007/978-3-031-07426-4_5","DOI","LIT","H2","ARDUOUS-04393","H2"
"H3","","SRM987",0.71024,"MC-ICP-MS","bulk solid","bulk solid",4e-05,"organism : plant : plant tissue : leaf","","","","","other","","","field","Copeland, Sandi R","sandicopeland@gmail.com","","",-31.5649,25.9639,"Poaceae","family","","","Copeland, SR et al. ""Isotopic Evidence for the Geographic Origin, Movement and Diet of the Hofmeyr Individual."" 2023, pp. 47-68",,,0.71622,2.5e-05,"unknown","unknown","https://doi.org/10.1007/978-3-031-07426-4_5","DOI","LIT","H3","ARDUOUS-04396","H3"
"H3","","SRM987",0.71024,"MC-ICP-MS","bulk solid","bulk solid",4e-05,"organism : plant : plant tissue : leaf","","","","","other","","","field","Copeland, Sandi R","sandicopeland@gmail.com","","",-31.5649,25.9639,"Angiospermae","clade","","","Copeland, SR et al. ""Isotopic Evidence for the Geographic Origin, Movement and Diet of the Hofmeyr Individual."" 2023, pp. 47-68",,,0.71652,2.5e-05,"unknown","unknown","https://doi.org/10.1007/978-3-031-07426-4_5","DOI","LIT","H3","ARDUOUS-04397","H3"
"H5","","SRM987",0.71024,"MC-ICP-MS","bulk solid","bulk solid",4e-05,"organism : plant : plant tissue : leaf","","","","","other","","","field","Copeland, Sandi R","sandicopeland@gmail.com","","",-31.5641,25.964,"Angiospermae","clade","","","Copeland, SR et al. ""Isotopic Evidence for the Geographic Origin, Movement and Diet of the Hofmeyr Individual."" 2023, pp. 47-68",,,0.71357,2.5e-05,"unknown","unknown","https://doi.org/10.1007/978-3-031-07426-4_5","DOI","LIT","H5","ARDUOUS-04400","H5"
"H5","","SRM987",0.71024,"MC-ICP-MS","bulk solid","bulk solid",4e-05,"organism : plant : plant tissue : leaf","","","","","other","","","field","Copeland, Sandi R","sandicopeland@gmail.com","","",-31.5641,25.964,"Angiospermae","clade","","","Copeland, SR et al. ""Isotopic Evidence for the Geographic Origin, Movement and Diet of the Hofmeyr Individual."" 2023, pp. 47-68",,,0.71424,2.5e-05,"unknown","unknown","https://doi.org/10.1007/978-3-031-07426-4_5","DOI","LIT","H5","ARDUOUS-04401","H5"
"H5","","SRM987",0.71024,"MC-ICP-MS","bulk solid","bulk solid",4e-05,"organism : plant : plant tissue : leaf","","","","","other","","","field","Copeland, Sandi R","sandicopeland@gmail.com","","",-31.5641,25.964,"Angiospermae","clade","","","Copeland, SR et al. ""Isotopic Evidence for the Geographic Origin, Movement and Diet of the Hofmeyr Individual."" 2023, pp. 47-68",,,0.71475,2.5e-05,"unknown","unknown","https://doi.org/10.1007/978-3-031-07426-4_5","DOI","LIT","H5","ARDUOUS-04402","H5"
"H6","","SRM987",0.71024,"MC-ICP-MS","bulk solid","bulk solid",4e-05,"organism : plant : plant tissue : leaf","","","","","other","","","field","Copeland, Sandi R","sandicopeland@gmail.com","","",-31.4716,26.1336,"Angiospermae","clade","","","Copeland, SR et al. ""Isotopic Evidence for the Geographic Origin, Movement and Diet of the Hofmeyr Individual."" 2023, pp. 47-68",,,0.71852,2.5e-05,"unknown","unknown","https://doi.org/10.1007/978-3-031-07426-4_5","DOI","LIT","H6","ARDUOUS-04403","H6"
"H6","","SRM987",0.71024,"MC-ICP-MS","bulk solid","bulk solid",4e-05,"organism : plant : plant tissue : leaf","","","","","other","","","field","Copeland, Sandi R","sandicopeland@gmail.com","","",-31.4716,26.1336,"Poaceae","family","","","Copeland, SR et al. ""Isotopic Evidence for the Geographic Origin, Movement and Diet of the Hofmeyr Individual."" 2023, pp. 47-68",,,0.71879,2.5e-05,"unknown","unknown","https://doi.org/10.1007/978-3-031-07426-4_5","DOI","LIT","H6","ARDUOUS-04404","H6"
"H6","","SRM987",0.71024,"MC-ICP-MS","bulk solid","bulk solid",4e-05,"organism : plant : plant tissue : leaf","","","","","other","","","field","Copeland, Sandi R","sandicopeland@gmail.com","","",-31.4716,26.1336,"Poaceae","family","","","Copeland, SR et al. ""Isotopic Evidence for the Geographic Origin, Movement and Diet of the Hofmeyr Individual."" 2023, pp. 47-68",,,0.71886,2.5e-05,"unknown","unknown","https://doi.org/10.1007/978-3-031-07426-4_5","DOI","LIT","H6","ARDUOUS-04405","H6"
"H7","","SRM987",0.71024,"MC-ICP-MS","bulk solid","bulk solid",4e-05,"organism : plant : plant tissue : leaf","","","","","other","","","field","Copeland, Sandi R","sandicopeland@gmail.com","","",-31.47,26.13,"Angiospermae","clade","","","Copeland, SR et al. ""Isotopic Evidence for the Geographic Origin, Movement and Diet of the Hofmeyr Individual."" 2023, pp. 47-68",,,0.71651,2.5e-05,"unknown","unknown","https://doi.org/10.1007/978-3-031-07426-4_5","DOI","LIT","H7","ARDUOUS-04406","H7"
"H8","","SRM987",0.71024,"MC-ICP-MS","bulk solid","bulk solid",4e-05,"organism : plant : plant tissue : leaf","","","","","other","","","field","Copeland, Sandi R","sandicopeland@gmail.com","","",-32.1335,25.6303,"Poaceae","family","","","Copeland, SR et al. ""Isotopic Evidence for the Geographic Origin, Movement and Diet of the Hofmeyr Individual."" 2023, pp. 47-68",,,0.71269,2.5e-05,"unknown","unknown","https://doi.org/10.1007/978-3-031-07426-4_5","DOI","LIT","H8","ARDUOUS-04407","H8"
"H8","","SRM987",0.71024,"MC-ICP-MS","bulk solid","bulk solid",4e-05,"organism : plant : plant tissue : leaf","","","","","other","","","field","Copeland, Sandi R","sandicopeland@gmail.com","","",-32.1335,25.6303,"Angiospermae","clade","","","Copeland, SR et al. ""Isotopic Evidence for the Geographic Origin, Movement and Diet of the Hofmeyr Individual."" 2023, pp. 47-68",,,0.71289,2.5e-05,"unknown","unknown","https://doi.org/10.1007/978-3-031-07426-4_5","DOI","LIT","H8","ARDUOUS-04408","H8"
"H9","","SRM987",0.71024,"MC-ICP-MS","bulk solid","bulk solid",4e-05,"organism : plant : plant tissue : leaf","","","","","other","","","field","Copeland, Sandi R","sandicopeland@gmail.com","","",-31.558,25.943,"Poaceae","family","","","Copeland, SR et al. ""Isotopic Evidence for the Geographic Origin, Movement and Diet of the Hofmeyr Individual."" 2023, pp. 47-68",,,0.71497,2.5e-05,"unknown","unknown","https://doi.org/10.1007/978-3-031-07426-4_5","DOI","LIT","H9","ARDUOUS-04410","H9"
"H9","","SRM987",0.71024,"MC-ICP-MS","bulk solid","bulk solid",4e-05,"organism : plant : plant tissue : leaf","","","","","other","","","field","Copeland, Sandi R","sandicopeland@gmail.com","","",-31.56,25.94,"Angiospermae","clade","","","Copeland, SR et al. ""Isotopic Evidence for the Geographic Origin, Movement and Diet of the Hofmeyr Individual."" 2023, pp. 47-68",,,0.7152,2.5e-05,"unknown","unknown","https://doi.org/10.1007/978-3-031-07426-4_5","DOI","LIT","H9","ARDUOUS-04411","H9"
"H9","","SRM987",0.71024,"MC-ICP-MS","bulk solid","bulk solid",4e-05,"organism : plant : plant tissue : leaf","","","","","other","","","field","Copeland, Sandi R","sandicopeland@gmail.com","","",-31.558,25.943,"Poaceae","family","","","Copeland, SR et al. ""Isotopic Evidence for the Geographic Origin, Movement and Diet of the Hofmeyr Individual."" 2023, pp. 47-68",,,0.71529,2.5e-05,"unknown","unknown","https://doi.org/10.1007/978-3-031-07426-4_5","DOI","LIT","H9","ARDUOUS-04412","H9"
"TM3220","","SRM987",0.71023,"MC-ICP-MS","bulk solid","bulk tissue",3e-05,"organism : animal : animal tissue : tooth : enamel","","","","","other","other","","existing collection","Danae Guiserix","danae.guiserix@ens-lyon.fr","","",-34.033,23.05,"Tragelaphus scriptus","species","male","","Guiserix, D., et al., 2022. Simultaneous analysis of stable and radiogenic strontium isotopes in reference materials, plants and modern tooth enamel. Chemical Geology, 606, p.121000.",,,0.70934,2e-06,"unknown","unknown","https://doi.org/10.1016/j.chemgeo.2022.121000","DOI","LIT","TM3220","ARDUOUS-09110","TM3220"
"TM4081 M1g","","SRM987",0.71023,"MC-ICP-MS","bulk solid","bulk tissue",3e-05,"organism : animal : animal tissue : tooth : enamel","","molar","Left M1","","other","other","","existing collection","Danae Guiserix","danae.guiserix@ens-lyon.fr","","",-24.904,30.753,"Sylvicapra grimmia","species","male","","Guiserix, D., et al., 2022. Simultaneous analysis of stable and radiogenic strontium isotopes in reference materials, plants and modern tooth enamel. Chemical Geology, 606, p.121000.",,,0.76008,1e-05,"unknown","unknown","https://doi.org/10.1016/j.chemgeo.2022.121000","DOI","LIT","TM4081 M1g","ARDUOUS-09116","TM4081 M1g"
"TM16998 PR+B","","SRM987",0.71023,"MC-ICP-MS","bulk solid","bulk tissue",3e-05,"organism : plant : whole plant","","","","","other","other","","existing collection","Danae Guiserix","danae.guiserix@ens-lyon.fr","","",-22.75,31.266,"","","","","Guiserix, D., et al., 2022. Simultaneous analysis of stable and radiogenic strontium isotopes in reference materials, plants and modern tooth enamel. Chemical Geology, 606, p.121000.",,,0.70987,1e-05,"unknown","unknown","https://doi.org/10.1016/j.chemgeo.2022.121000","DOI","LIT","TM16998 PR+B","ARDUOUS-09117","TM16998 PR+B"
"TM3220 PR","","SRM987",0.71023,"MC-ICP-MS","bulk solid","bulk tissue",3e-05,"organism : plant : whole plant","","","","","other","other","","existing collection","Danae Guiserix","danae.guiserix@ens-lyon.fr","","",-34.033,23.05,"","","","","Guiserix, D., et al., 2022. Simultaneous analysis of stable and radiogenic strontium isotopes in reference materials, plants and modern tooth enamel. Chemical Geology, 606, p.121000.",,,0.72607,1e-05,"unknown","unknown","https://doi.org/10.1016/j.chemgeo.2022.121000","DOI","LIT","TM3220 PR","ARDUOUS-09118","TM3220 PR"
"TM16661 PR","","SRM987",0.71023,"MC-ICP-MS","bulk solid","bulk tissue",3e-05,"organism : plant : whole plant","","","","","other","other","","existing collection","Danae Guiserix","danae.guiserix@ens-lyon.fr","","",-24.904,30.753,"","","","","Guiserix, D., et al., 2022. Simultaneous analysis of stable and radiogenic strontium isotopes in reference materials, plants and modern tooth enamel. Chemical Geology, 606, p.121000.",,,0.71672,8e-05,"unknown","unknown","https://doi.org/10.1016/j.chemgeo.2022.121000","DOI","LIT","TM16661 PR","ARDUOUS-09126","TM16661 PR"
"30","","SRM987",0.710255,"MC-ICP-MS","bulk solid","bulk solid",2e-05,"organism : plant : plant tissue : leaf","","","","","other","","","field","P. Le Roux","petrus.leroux@uct.ac.za","","southern Zimbabwe",-21.86,29.9,"Poaceae","family","","","House Michelle, Sealy Judith, Chirikure Shadreck, le Roux Petrus. Investigating Cattle Procurement at Great Zimbabwe Using 87Sr/86Sr. Journal of African Archaeology, vol. 19, no. 2, 2021, pp. 146-58, https://doi.org/10.1163/21915784-20210008.",,,0.706713057,4.46e-06,"unknown","unknown","https://doi.org/10.1163/21915784-20210008","DOI","LIT","30","ARDUOUS-11587","30"
"29","","SRM987",0.710255,"MC-ICP-MS","bulk solid","bulk solid",2e-05,"organism : plant : plant tissue : leaf","","","","","other","","","field","P. Le Roux","petrus.leroux@uct.ac.za","","southern Zimbabwe",-21.79,29.91,"Poaceae","family","","","House Michelle, Sealy Judith, Chirikure Shadreck, le Roux Petrus. Investigating Cattle Procurement at Great Zimbabwe Using 87Sr/86Sr. Journal of African Archaeology, vol. 19, no. 2, 2021, pp. 146-58, https://doi.org/10.1163/21915784-20210008.",,,0.706287118,5.25e-06,"unknown","unknown","https://doi.org/10.1163/21915784-20210008","DOI","LIT","29","ARDUOUS-11593","29"
"","","SRM987",0.710267,"MC-ICP-MS","bulk solid","bulk solid",2e-05,"organism : animal : animal tissue : tooth : enamel","","","","","other","","","field","F. Radloff","rad@sun.ac.za","","De Hoop Nature Reserve",-34.444433,20.45727,"Rodentia","order","","","Radloff, F. G. T., Mucina, L., Bond, W. J., & Le Roux, P. J. (2010). Strontium isotope analyses of large herbivore habitat use in the Cape Fynbos region of South Africa. Oecologia, 164(2), 567-578.",,,0.70923,5e-06,"unknown","unknown","https://doi.org/10.1007/s00442-010-1731-0","DOI","LIT","ARDUOUS-19059","ARDUOUS-19059","ARDUOUS-19059"
"","","SRM987",0.710267,"MC-ICP-MS","bulk solid","bulk solid",2e-05,"organism : animal : animal tissue : tooth : enamel","","","","","other","","","field","F. Radloff","rad@sun.ac.za","","De Hoop Nature Reserve",-34.4234583,20.566092,"Rodentia","order","","","Radloff, F. G. T., Mucina, L., Bond, W. J., & Le Roux, P. J. (2010). Strontium isotope analyses of large herbivore habitat use in the Cape Fynbos region of South Africa. Oecologia, 164(2), 567-578.",,,0.70926,5e-06,"unknown","unknown","https://doi.org/10.1007/s00442-010-1731-0","DOI","LIT","ARDUOUS-19060","ARDUOUS-19060","ARDUOUS-19060"
"","","SRM987",0.710267,"MC-ICP-MS","bulk solid","bulk solid",2e-05,"organism : animal : animal tissue : tooth : enamel","","","","","other","","","field","F. Radloff","rad@sun.ac.za","","De Hoop Nature Reserve",-34.4249722,20.487386,"Rodentia","order","","","Radloff, F. G. T., Mucina, L., Bond, W. J., & Le Roux, P. J. (2010). Strontium isotope analyses of large herbivore habitat use in the Cape Fynbos region of South Africa. Oecologia, 164(2), 567-578.",,,0.70926,5e-06,"unknown","unknown","https://doi.org/10.1007/s00442-010-1731-0","DOI","LIT","ARDUOUS-19062","ARDUOUS-19062","ARDUOUS-19062"
"","","SRM987",0.710267,"MC-ICP-MS","bulk solid","bulk solid",2e-05,"organism : animal : animal tissue : tooth : enamel","","","","","other","","","field","F. Radloff","rad@sun.ac.za","","De Hoop Nature Reserve",-34.420775,20.603133,"Rodentia","order","","","Radloff, F. G. T., Mucina, L., Bond, W. J., & Le Roux, P. J. (2010). Strontium isotope analyses of large herbivore habitat use in the Cape Fynbos region of South Africa. Oecologia, 164(2), 567-578.",,,0.70928,5e-06,"unknown","unknown","https://doi.org/10.1007/s00442-010-1731-0","DOI","LIT","ARDUOUS-19063","ARDUOUS-19063","ARDUOUS-19063"
"","","SRM987",0.710267,"MC-ICP-MS","bulk solid","bulk solid",2e-05,"organism : animal : animal tissue : tooth : enamel","","","","","other","","","field","F. Radloff","rad@sun.ac.za","","De Hoop Nature Reserve",-34.4184556,20.448039,"Rodentia","order","","","Radloff, F. G. T., Mucina, L., Bond, W. J., & Le Roux, P. J. (2010). Strontium isotope analyses of large herbivore habitat use in the Cape Fynbos region of South Africa. Oecologia, 164(2), 567-578.",,,0.7093,5e-06,"unknown","unknown","https://doi.org/10.1007/s00442-010-1731-0","DOI","LIT","ARDUOUS-19064","ARDUOUS-19064","ARDUOUS-19064"
"","","SRM987",0.710267,"MC-ICP-MS","bulk solid","bulk solid",2e-05,"organism : animal : animal tissue : tooth : enamel","","","","","other","","","field","F. Radloff","rad@sun.ac.za","","De Hoop Nature Reserve",-34.425347,20.473496,"Rodentia","order","","","Radloff, F. G. T., Mucina, L., Bond, W. J., & Le Roux, P. J. (2010). Strontium isotope analyses of large herbivore habitat use in the Cape Fynbos region of South Africa. Oecologia, 164(2), 567-578.",,,0.70937,5e-06,"unknown","unknown","https://doi.org/10.1007/s00442-010-1731-0","DOI","LIT","ARDUOUS-19065","ARDUOUS-19065","ARDUOUS-19065"
"","","SRM987",0.710267,"MC-ICP-MS","bulk solid","bulk solid",2e-05,"organism : animal : animal tissue : tooth : enamel","","","","","other","","","field","F. Radloff","rad@sun.ac.za","","De Hoop Nature Reserve",-34.39481667,20.53970278,"Rodentia","order","","","Radloff, F. G. T., Mucina, L., Bond, W. J., & Le Roux, P. J. (2010). Strontium isotope analyses of large herbivore habitat use in the Cape Fynbos region of South Africa. Oecologia, 164(2), 567-578.",,,0.70982,5e-06,"unknown","unknown","https://doi.org/10.1007/s00442-010-1731-0","DOI","LIT","ARDUOUS-19066","ARDUOUS-19066","ARDUOUS-19066"
"","","SRM987",0.710267,"MC-ICP-MS","bulk solid","bulk solid",2e-05,"organism : animal : animal tissue : tooth : enamel","","","","","other","","","field","F. Radloff","rad@sun.ac.za","","De Hoop Nature Reserve",-34.3864139,20.523044,"Rodentia","order","","","Radloff, F. G. T., Mucina, L., Bond, W. J., & Le Roux, P. J. (2010). Strontium isotope analyses of large herbivore habitat use in the Cape Fynbos region of South Africa. Oecologia, 164(2), 567-578.",,,0.70992,5e-06,"unknown","unknown","https://doi.org/10.1007/s00442-010-1731-0","DOI","LIT","ARDUOUS-19067","ARDUOUS-19067","ARDUOUS-19067"
"","","SRM987",0.710267,"MC-ICP-MS","bulk solid","bulk solid",2e-05,"organism : animal : animal tissue : tooth : enamel","","","","","other","","","field","F. Radloff","rad@sun.ac.za","","De Hoop Nature Reserve",-34.4024417,20.605897,"Rodentia","order","","","Radloff, F. G. T., Mucina, L., Bond, W. J., & Le Roux, P. J. (2010). Strontium isotope analyses of large herbivore habitat use in the Cape Fynbos region of South Africa. Oecologia, 164(2), 567-578.",,,0.70994,5e-06,"unknown","unknown","https://doi.org/10.1007/s00442-010-1731-0","DOI","LIT","ARDUOUS-19068","ARDUOUS-19068","ARDUOUS-19068"
"","","SRM987",0.710267,"MC-ICP-MS","bulk solid","bulk solid",2e-05,"organism : animal : animal tissue : tooth : enamel","","","","","other","","","field","F. Radloff","rad@sun.ac.za","","De Hoop Nature Reserve",-34.39176389,20.54062778,"Rodentia","order","","","Radloff, F. G. T., Mucina, L., Bond, W. J., & Le Roux, P. J. (2010). Strontium isotope analyses of large herbivore habitat use in the Cape Fynbos region of South Africa. Oecologia, 164(2), 567-578.",,,0.70996,5e-06,"unknown","unknown","https://doi.org/10.1007/s00442-010-1731-0","DOI","LIT","ARDUOUS-19069","ARDUOUS-19069","ARDUOUS-19069"
"","","SRM987",0.710267,"MC-ICP-MS","bulk solid","bulk solid",2e-05,"organism : animal : animal tissue : tooth : enamel","","","","","other","","","field","F. Radloff","rad@sun.ac.za","","De Hoop Nature Reserve",-34.385264,20.504997,"Rodentia","order","","","Radloff, F. G. T., Mucina, L., Bond, W. J., & Le Roux, P. J. (2010). Strontium isotope analyses of large herbivore habitat use in the Cape Fynbos region of South Africa. Oecologia, 164(2), 567-578.",,,0.71013,5e-06,"unknown","unknown","https://doi.org/10.1007/s00442-010-1731-0","DOI","LIT","ARDUOUS-19072","ARDUOUS-19072","ARDUOUS-19072"
"","","SRM987",0.710267,"MC-ICP-MS","bulk solid","bulk solid",2e-05,"organism : animal : animal tissue : tooth : enamel","","","","","other","","","field","F. Radloff","rad@sun.ac.za","","De Hoop Nature Reserve",-34.438708,20.462833,"Rodentia","order","","","Radloff, F. G. T., Mucina, L., Bond, W. J., & Le Roux, P. J. (2010). Strontium isotope analyses of large herbivore habitat use in the Cape Fynbos region of South Africa. Oecologia, 164(2), 567-578.",,,0.70935,1e-05,"unknown","unknown","https://doi.org/10.1007/s00442-010-1731-0","DOI","LIT","ARDUOUS-19075","ARDUOUS-19075","ARDUOUS-19075"
"","","SRM987",0.710267,"MC-ICP-MS","bulk solid","bulk solid",2e-05,"organism : animal : animal tissue : tooth : enamel","","","","","other","","","field","F. Radloff","rad@sun.ac.za","","De Hoop Nature Reserve",-34.445978,20.487834,"Rodentia","order","","","Radloff, F. G. T., Mucina, L., Bond, W. J., & Le Roux, P. J. (2010). Strontium isotope analyses of large herbivore habitat use in the Cape Fynbos region of South Africa. Oecologia, 164(2), 567-578.",,,0.70919,1.5e-05,"unknown","unknown","https://doi.org/10.1007/s00442-010-1731-0","DOI","LIT","ARDUOUS-19082","ARDUOUS-19082","ARDUOUS-19082"
"","","SRM987",0.710267,"MC-ICP-MS","bulk solid","bulk solid",2e-05,"organism : animal : animal tissue : tooth : enamel","","","","","other","","","field","F. Radloff","rad@sun.ac.za","","De Hoop Nature Reserve",-34.4054944,20.611456,"Rodentia","order","","","Radloff, F. G. T., Mucina, L., Bond, W. J., & Le Roux, P. J. (2010). Strontium isotope analyses of large herbivore habitat use in the Cape Fynbos region of South Africa. Oecologia, 164(2), 567-578.",,,0.70941,1.5e-05,"unknown","unknown","https://doi.org/10.1007/s00442-010-1731-0","DOI","LIT","ARDUOUS-19083","ARDUOUS-19083","ARDUOUS-19083"
"","","SRM987",0.710267,"MC-ICP-MS","bulk solid","bulk solid",2e-05,"organism : animal : animal tissue : tooth : enamel","","","","","other","","","field","F. Radloff","rad@sun.ac.za","","De Hoop Nature Reserve",-34.445978,20.487834,"Rodentia","order","","","Radloff, F. G. T., Mucina, L., Bond, W. J., & Le Roux, P. J. (2010). Strontium isotope analyses of large herbivore habitat use in the Cape Fynbos region of South Africa. Oecologia, 164(2), 567-578.",,,0.70927,2e-05,"unknown","unknown","https://doi.org/10.1007/s00442-010-1731-0","DOI","LIT","ARDUOUS-19097","ARDUOUS-19097","ARDUOUS-19097"
"","","SRM987",0.710267,"MC-ICP-MS","bulk solid","bulk solid",2e-05,"organism : animal : animal tissue : tooth : enamel","","","","","other","","","field","F. Radloff","rad@sun.ac.za","","De Hoop Nature Reserve",-34.45,20.56,"Rodentia","order","","","Radloff, F. G. T., Mucina, L., Bond, W. J., & Le Roux, P. J. (2010). Strontium isotope analyses of large herbivore habitat use in the Cape Fynbos region of South Africa. Oecologia, 164(2), 567-578.",,,0.7093,2e-05,"unknown","unknown","https://doi.org/10.1007/s00442-010-1731-0","DOI","LIT","ARDUOUS-19098","ARDUOUS-19098","ARDUOUS-19098"
"","","SRM987",0.710267,"MC-ICP-MS","bulk solid","bulk solid",2e-05,"organism : animal : animal tissue : tooth : enamel","","","","","other","","","field","F. Radloff","rad@sun.ac.za","","De Hoop Nature Reserve",-34.4367861,20.65735,"Rodentia","order","","","Radloff, F. G. T., Mucina, L., Bond, W. J., & Le Roux, P. J. (2010). Strontium isotope analyses of large herbivore habitat use in the Cape Fynbos region of South Africa. Oecologia, 164(2), 567-578.",,,0.70942,2e-05,"unknown","unknown","https://doi.org/10.1007/s00442-010-1731-0","DOI","LIT","ARDUOUS-19099","ARDUOUS-19099","ARDUOUS-19099"
"","","SRM987",0.710267,"MC-ICP-MS","bulk solid","bulk solid",2e-05,"organism : animal : animal tissue : tooth : enamel","","","","","other","","","field","F. Radloff","rad@sun.ac.za","","De Hoop Nature Reserve",-34.4249722,20.487386,"Rodentia","order","","","Radloff, F. G. T., Mucina, L., Bond, W. J., & Le Roux, P. J. (2010). Strontium isotope analyses of large herbivore habitat use in the Cape Fynbos region of South Africa. Oecologia, 164(2), 567-578.",,,0.70954,2e-05,"unknown","unknown","https://doi.org/10.1007/s00442-010-1731-0","DOI","LIT","ARDUOUS-19100","ARDUOUS-19100","ARDUOUS-19100"
"","","SRM987",0.710267,"MC-ICP-MS","bulk solid","bulk solid",2e-05,"organism : animal : animal tissue : tooth : enamel","","","","","other","","","field","F. Radloff","rad@sun.ac.za","","De Hoop Nature Reserve",-34.4367861,20.65735,"Rodentia","order","","","Radloff, F. G. T., Mucina, L., Bond, W. J., & Le Roux, P. J. (2010). Strontium isotope analyses of large herbivore habitat use in the Cape Fynbos region of South Africa. Oecologia, 164(2), 567-578.",,,0.70955,2e-05,"unknown","unknown","https://doi.org/10.1007/s00442-010-1731-0","DOI","LIT","ARDUOUS-19101","ARDUOUS-19101","ARDUOUS-19101"
"","","SRM987",0.710267,"MC-ICP-MS","bulk solid","bulk solid",2e-05,"organism : animal : animal tissue : tooth : enamel","","","","","other","","","field","F. Radloff","rad@sun.ac.za","","De Hoop Nature Reserve",-34.39901944,20.53785,"Rodentia","order","","","Radloff, F. G. T., Mucina, L., Bond, W. J., & Le Roux, P. J. (2010). Strontium isotope analyses of large herbivore habitat use in the Cape Fynbos region of South Africa. Oecologia, 164(2), 567-578.",,,0.70978,2e-05,"unknown","unknown","https://doi.org/10.1007/s00442-010-1731-0","DOI","LIT","ARDUOUS-19102","ARDUOUS-19102","ARDUOUS-19102"
"","","SRM987",0.710267,"MC-ICP-MS","bulk solid","bulk solid",2e-05,"organism : animal : animal tissue : tooth : enamel","","","","","other","","","field","F. Radloff","rad@sun.ac.za","","De Hoop Nature Reserve",-34.38565,20.517956,"Rodentia","order","","","Radloff, F. G. T., Mucina, L., Bond, W. J., & Le Roux, P. J. (2010). Strontium isotope analyses of large herbivore habitat use in the Cape Fynbos region of South Africa. Oecologia, 164(2), 567-578.",,,0.7102,2e-05,"unknown","unknown","https://doi.org/10.1007/s00442-010-1731-0","DOI","LIT","ARDUOUS-19103","ARDUOUS-19103","ARDUOUS-19103"
"","","SRM987",0.710267,"MC-ICP-MS","bulk solid","bulk solid",2e-05,"organism : animal : animal tissue : tooth : enamel","","","","","other","","","field","F. Radloff","rad@sun.ac.za","","De Hoop Nature Reserve",-34.41,20.61,"Rodentia","order","","","Radloff, F. G. T., Mucina, L., Bond, W. J., & Le Roux, P. J. (2010). Strontium isotope analyses of large herbivore habitat use in the Cape Fynbos region of South Africa. Oecologia, 164(2), 567-578.",,,0.70949,2.5e-05,"unknown","unknown","https://doi.org/10.1007/s00442-010-1731-0","DOI","LIT","ARDUOUS-19114","ARDUOUS-19114","ARDUOUS-19114"
"","","SRM987",0.710267,"MC-ICP-MS","bulk solid","bulk solid",2e-05,"organism : animal : animal tissue : tooth : enamel","","","","","other","","","field","F. Radloff","rad@sun.ac.za","","De Hoop Nature Reserve",-34.438708,20.462833,"Rodentia","order","","","Radloff, F. G. T., Mucina, L., Bond, W. J., & Le Roux, P. J. (2010). Strontium isotope analyses of large herbivore habitat use in the Cape Fynbos region of South Africa. Oecologia, 164(2), 567-578.",,,0.70957,2.5e-05,"unknown","unknown","https://doi.org/10.1007/s00442-010-1731-0","DOI","LIT","ARDUOUS-19115","ARDUOUS-19115","ARDUOUS-19115"
"","","SRM987",0.710267,"MC-ICP-MS","bulk solid","bulk solid",2e-05,"organism : animal : animal tissue : tooth : enamel","","","","","other","","","field","F. Radloff","rad@sun.ac.za","","De Hoop Nature Reserve",-34.425347,20.473496,"Rodentia","order","","","Radloff, F. G. T., Mucina, L., Bond, W. J., & Le Roux, P. J. (2010). Strontium isotope analyses of large herbivore habitat use in the Cape Fynbos region of South Africa. Oecologia, 164(2), 567-578.",,,0.7096,2.5e-05,"unknown","unknown","https://doi.org/10.1007/s00442-010-1731-0","DOI","LIT","ARDUOUS-19116","ARDUOUS-19116","ARDUOUS-19116"
"","","SRM987",0.710267,"MC-ICP-MS","bulk solid","bulk solid",2e-05,"organism : animal : animal tissue : tooth : enamel","","","","","other","","","field","F. Radloff","rad@sun.ac.za","","De Hoop Nature Reserve",-34.38565,20.517956,"Rodentia","order","","","Radloff, F. G. T., Mucina, L., Bond, W. J., & Le Roux, P. J. (2010). Strontium isotope analyses of large herbivore habitat use in the Cape Fynbos region of South Africa. Oecologia, 164(2), 567-578.",,,0.71042,2.5e-05,"unknown","unknown","https://doi.org/10.1007/s00442-010-1731-0","DOI","LIT","ARDUOUS-19117","ARDUOUS-19117","ARDUOUS-19117"
"","","SRM987",0.710267,"MC-ICP-MS","bulk solid","bulk solid",2e-05,"organism : animal : animal tissue : tooth : enamel","","","","","other","","","field","F. Radloff","rad@sun.ac.za","","De Hoop Nature Reserve",-34.425347,20.473496,"Rodentia","order","","","Radloff, F. G. T., Mucina, L., Bond, W. J., & Le Roux, P. J. (2010). Strontium isotope analyses of large herbivore habitat use in the Cape Fynbos region of South Africa. Oecologia, 164(2), 567-578.",,,0.70994,3e-05,"unknown","unknown","https://doi.org/10.1007/s00442-010-1731-0","DOI","LIT","ARDUOUS-19121","ARDUOUS-19121","ARDUOUS-19121"
"","","SRM987",0.710267,"MC-ICP-MS","bulk solid","bulk solid",2e-05,"organism : animal : animal tissue : tooth : enamel","","","","","other","","","field","F. Radloff","rad@sun.ac.za","","De Hoop Nature Reserve",-34.445229,20.561931,"Rodentia","order","","","Radloff, F. G. T., Mucina, L., Bond, W. J., & Le Roux, P. J. (2010). Strontium isotope analyses of large herbivore habitat use in the Cape Fynbos region of South Africa. Oecologia, 164(2), 567-578.",,,0.70921,3.5e-05,"unknown","unknown","https://doi.org/10.1007/s00442-010-1731-0","DOI","LIT","ARDUOUS-19125","ARDUOUS-19125","ARDUOUS-19125"
"","","SRM987",0.710267,"MC-ICP-MS","bulk solid","bulk solid",2e-05,"organism : animal : animal tissue : tooth : enamel","","","","","other","","","field","F. Radloff","rad@sun.ac.za","","De Hoop Nature Reserve",-34.4249722,20.487386,"Rodentia","order","","","Radloff, F. G. T., Mucina, L., Bond, W. J., & Le Roux, P. J. (2010). Strontium isotope analyses of large herbivore habitat use in the Cape Fynbos region of South Africa. Oecologia, 164(2), 567-578.",,,0.70944,3.5e-05,"unknown","unknown","https://doi.org/10.1007/s00442-010-1731-0","DOI","LIT","ARDUOUS-19126","ARDUOUS-19126","ARDUOUS-19126"
"","","SRM987",0.710267,"MC-ICP-MS","bulk solid","bulk solid",2e-05,"organism : animal : animal tissue : tooth : enamel","","","","","other","","","field","F. Radloff","rad@sun.ac.za","","De Hoop Nature Reserve",-34.423052,20.067942,"Rodentia","order","","","Radloff, F. G. T., Mucina, L., Bond, W. J., & Le Roux, P. J. (2010). Strontium isotope analyses of large herbivore habitat use in the Cape Fynbos region of South Africa. Oecologia, 164(2), 567-578.",,,0.70988,3.5e-05,"unknown","unknown","https://doi.org/10.1007/s00442-010-1731-0","DOI","LIT","ARDUOUS-19127","ARDUOUS-19127","ARDUOUS-19127"
"","","SRM987",0.710267,"MC-ICP-MS","bulk solid","bulk solid",2e-05,"organism : animal : animal tissue : tooth : enamel","","","","","other","","","field","F. Radloff","rad@sun.ac.za","","De Hoop Nature Reserve",-34.38565,20.517956,"Rodentia","order","","","Radloff, F. G. T., Mucina, L., Bond, W. J., & Le Roux, P. J. (2010). Strontium isotope analyses of large herbivore habitat use in the Cape Fynbos region of South Africa. Oecologia, 164(2), 567-578.",,,0.71009,3.5e-05,"unknown","unknown","https://doi.org/10.1007/s00442-010-1731-0","DOI","LIT","ARDUOUS-19128","ARDUOUS-19128","ARDUOUS-19128"
"","","SRM987",0.710267,"MC-ICP-MS","bulk solid","bulk solid",2e-05,"organism : animal : animal tissue : tooth : enamel","","","","","other","","","field","F. Radloff","rad@sun.ac.za","","De Hoop Nature Reserve",-34.385264,20.504997,"Rodentia","order","","","Radloff, F. G. T., Mucina, L., Bond, W. J., & Le Roux, P. J. (2010). Strontium isotope analyses of large herbivore habitat use in the Cape Fynbos region of South Africa. Oecologia, 164(2), 567-578.",,,0.71028,3.5e-05,"unknown","unknown","https://doi.org/10.1007/s00442-010-1731-0","DOI","LIT","ARDUOUS-19129","ARDUOUS-19129","ARDUOUS-19129"
"","","SRM987",0.710267,"MC-ICP-MS","bulk solid","bulk solid",2e-05,"organism : animal : animal tissue : tooth : enamel","","","","","other","","","field","F. Radloff","rad@sun.ac.za","","De Hoop Nature Reserve",-34.437953,20.47811,"Rodentia","order","","","Radloff, F. G. T., Mucina, L., Bond, W. J., & Le Roux, P. J. (2010). Strontium isotope analyses of large herbivore habitat use in the Cape Fynbos region of South Africa. Oecologia, 164(2), 567-578.",,,0.7094,4e-05,"unknown","unknown","https://doi.org/10.1007/s00442-010-1731-0","DOI","LIT","ARDUOUS-19130","ARDUOUS-19130","ARDUOUS-19130"
"","","SRM987",0.710267,"MC-ICP-MS","bulk solid","bulk solid",2e-05,"organism : animal : animal tissue : tooth : enamel","","","","","other","","","field","F. Radloff","rad@sun.ac.za","","De Hoop Nature Reserve",-34.438708,20.462833,"Rodentia","order","","","Radloff, F. G. T., Mucina, L., Bond, W. J., & Le Roux, P. J. (2010). Strontium isotope analyses of large herbivore habitat use in the Cape Fynbos region of South Africa. Oecologia, 164(2), 567-578.",,,0.70975,4e-05,"unknown","unknown","https://doi.org/10.1007/s00442-010-1731-0","DOI","LIT","ARDUOUS-19131","ARDUOUS-19131","ARDUOUS-19131"
"","","SRM987",0.710267,"MC-ICP-MS","bulk solid","bulk solid",2e-05,"organism : animal : animal tissue : tooth : enamel","","","","","other","","","field","F. Radloff","rad@sun.ac.za","","De Hoop Nature Reserve",-34.4367861,20.65735,"Rodentia","order","","","Radloff, F. G. T., Mucina, L., Bond, W. J., & Le Roux, P. J. (2010). Strontium isotope analyses of large herbivore habitat use in the Cape Fynbos region of South Africa. Oecologia, 164(2), 567-578.",,,0.70929,4.5e-05,"unknown","unknown","https://doi.org/10.1007/s00442-010-1731-0","DOI","LIT","ARDUOUS-19134","ARDUOUS-19134","ARDUOUS-19134"
"","","SRM987",0.710267,"MC-ICP-MS","bulk solid","bulk solid",2e-05,"organism : animal : animal tissue : tooth : enamel","","","","","other","","","field","F. Radloff","rad@sun.ac.za","","De Hoop Nature Reserve",-34.437953,20.47811,"Rodentia","order","","","Radloff, F. G. T., Mucina, L., Bond, W. J., & Le Roux, P. J. (2010). Strontium isotope analyses of large herbivore habitat use in the Cape Fynbos region of South Africa. Oecologia, 164(2), 567-578.",,,0.70906,5e-05,"unknown","unknown","https://doi.org/10.1007/s00442-010-1731-0","DOI","LIT","ARDUOUS-19136","ARDUOUS-19136","ARDUOUS-19136"
"SG20","","SRM987",0.71025,"MC-ICP-MS","bulk solid","bulk solid",2e-05,"organism : plant : plant tissue : leaf","","","","","other","","","field","C. P. Bataille","cbataill@uottawa.ca","","Malmesbury Farm",-33.47,18.47,"Poaceae","family","","","Reich, MS, Ghouri S, Zabudsky S, Hu L, Le Corre M, Ng'iru I, Benyamini D, Shipilina S, Collins SC, Martins DJ, Vila R, Talavera G, Bataille CP. Trans-Saharan migratory patterns in Vanessa cardui and evidence for a southward leapfrog migration. iScience",,,0.71292185,3e-05,"unknown","unknown","","","LIT","SG20","ARDUOUS-19242","SG20"
"SG21","","SRM987",0.71025,"MC-ICP-MS","bulk solid","bulk solid",2e-05,"organism : plant : plant tissue : leaf","","","","","other","","","field","C. P. Bataille","cbataill@uottawa.ca","","Western Cape",-34.52,19.56,"Poaceae","family","","","Reich, MS, Ghouri S, Zabudsky S, Hu L, Le Corre M, Ng'iru I, Benyamini D, Shipilina S, Collins SC, Martins DJ, Vila R, Talavera G, Bataille CP. Trans-Saharan migratory patterns in Vanessa cardui and evidence for a southward leapfrog migration. iScience",,,0.7105643,3e-05,"unknown","unknown","","","LIT","SG21","ARDUOUS-19243","SG21"
"SG25","","SRM987",0.71025,"MC-ICP-MS","bulk solid","bulk solid",2e-05,"organism : plant : plant tissue : leaf","","","","","other","","","field","C. P. Bataille","cbataill@uottawa.ca","","",-27.31,28.73,"Poaceae","family","","","Reich, MS, Ghouri S, Zabudsky S, Hu L, Le Corre M, Ng'iru I, Benyamini D, Shipilina S, Collins SC, Martins DJ, Vila R, Talavera G, Bataille CP. Trans-Saharan migratory patterns in Vanessa cardui and evidence for a southward leapfrog migration. iScience",,,0.7126712,3e-05,"unknown","unknown","","","LIT","SG25","ARDUOUS-19244","SG25"
"SG26","","SRM987",0.71025,"MC-ICP-MS","bulk solid","bulk solid",2e-05,"organism : plant : plant tissue : leaf","","","","","other","","","field","C. P. Bataille","cbataill@uottawa.ca","","",-28.64,28.27,"Poaceae","family","","","Reich, MS, Ghouri S, Zabudsky S, Hu L, Le Corre M, Ng'iru I, Benyamini D, Shipilina S, Collins SC, Martins DJ, Vila R, Talavera G, Bataille CP. Trans-Saharan migratory patterns in Vanessa cardui and evidence for a southward leapfrog migration. iScience",,,0.7133362,3e-05,"unknown","unknown","","","LIT","SG26","ARDUOUS-19245","SG26"
"SG27","","SRM987",0.71025,"MC-ICP-MS","bulk solid","bulk solid",2e-05,"organism : plant : plant tissue : leaf","","","","","other","","","field","C. P. Bataille","cbataill@uottawa.ca","","",-29.01,29.49,"Poaceae","family","","","Reich, MS, Ghouri S, Zabudsky S, Hu L, Le Corre M, Ng'iru I, Benyamini D, Shipilina S, Collins SC, Martins DJ, Vila R, Talavera G, Bataille CP. Trans-Saharan migratory patterns in Vanessa cardui and evidence for a southward leapfrog migration. iScience",,,0.7170605,3e-05,"unknown","unknown","","","LIT","SG27","ARDUOUS-19246","SG27"
"UCT 1074","","SRM987",0.71023,"TIMS","bulk solid","bulk solid",4e-05,"organism : animal : animal tissue : bone","","","","","other","","","field","Lehmann S.B.","slehmann@pitt.edu","","Coastal area",-32.42,18.57,"Raphicerus campestris","species","","","Sealy, J. C., van der Merwe, N. J., Sillen, A., Kruger, F. J., & Krueger, H. W. (1991). 87Sr86Sr as a dietary indicator in modern and archaeological bone. Journal of Archaeological Science, 18(3), 399-416.",,,0.71169,1.5e-05,"unknown","unknown","https://doi.org/10.1016/0305-4403(91)90074-Y","DOI","LIT","UCT 1074","ARDUOUS-20323","UCT 1074"
"UCT 2074","","SRM987",0.71023,"TIMS","bulk solid","bulk solid",4e-05,"organism : animal : animal tissue : bone","","","","","other","","","field","Lehmann S.B.","slehmann@pitt.edu","","Boontjieskloof (Sevilla, Boontjieskloof)",-32.07,19.08,"Sylvicapra grimmia","species","","","Sealy, J. C., van der Merwe, N. J., Sillen, A., Kruger, F. J., & Krueger, H. W. (1991). 87Sr86Sr as a dietary indicator in modern and archaeological bone. Journal of Archaeological Science, 18(3), 399-416.",,,0.71543,1.5e-05,"unknown","unknown","https://doi.org/10.1016/0305-4403(91)90074-Y","DOI","LIT","UCT 2074","ARDUOUS-20325","UCT 2074"
"UCT 876","","SRM987",0.71023,"TIMS","bulk solid","bulk solid",4e-05,"organism : animal : animal tissue : bone","","","","","other","","","field","Lehmann S.B.","slehmann@pitt.edu","","Coastal area",-32.23,18.42,"Raphicerus campestris","species","","","Sealy, J. C., van der Merwe, N. J., Sillen, A., Kruger, F. J., & Krueger, H. W. (1991). 87Sr86Sr as a dietary indicator in modern and archaeological bone. Journal of Archaeological Science, 18(3), 399-416.",,,0.71124,1.5e-05,"unknown","unknown","https://doi.org/10.1016/0305-4403(91)90074-Y","DOI","LIT","UCT 876","ARDUOUS-20328","UCT 876"
"876","","SRM987",0.71023,"TIMS","bulk solid","bulk solid",4e-05,"organism : animal : animal tissue : bone","","","","","other","","","field","J. Sealy","none provided","","Marine sands",-32.99,18.12,"Raphicerus campestris steenbok","species","","","Sealy, J. C., van der Merwe, N. J., Sillen, A., Kruger, F. J., & Krueger, H. W. (1991). 87Sr86Sr as a dietary indicator in modern and archaeological bone. Journal of Archaeological Science, 18(3), 399-416.",,,0.71124,1.5e-05,"unknown","unknown","https://doi.org/10.1016/0305-4403(91)90074-Y","DOI","LIT","876","ARDUOUS-20330","876"
"1074","","SRM987",0.71023,"TIMS","bulk solid","bulk solid",4e-05,"organism : animal : animal tissue : bone","","","","","other","","","field","J. Sealy","none provided","","Marine sands",-32.99,18.12,"Raphicerus campestris steenbok","species","","","Sealy, J. C., van der Merwe, N. J., Sillen, A., Kruger, F. J., & Krueger, H. W. (1991). 87Sr86Sr as a dietary indicator in modern and archaeological bone. Journal of Archaeological Science, 18(3), 399-416.",,,0.71169,1.5e-05,"unknown","unknown","https://doi.org/10.1016/0305-4403(91)90074-Y","DOI","LIT","1074","ARDUOUS-20331","1074"
"2074","","SRM987",0.71023,"TIMS","bulk solid","bulk solid",4e-05,"organism : animal : animal tissue : bone","","","","","other","","","field","J. Sealy","none provided","","Table Mt. Sandstones/quartzites",-34.31,18.95,"Sylvicapra grimmia","species","","","Sealy, J. C., van der Merwe, N. J., Sillen, A., Kruger, F. J., & Krueger, H. W. (1991). 87Sr86Sr as a dietary indicator in modern and archaeological bone. Journal of Archaeological Science, 18(3), 399-416.",,,0.71543,1.5e-05,"unknown","unknown","https://doi.org/10.1016/0305-4403(91)90074-Y","DOI","LIT","2074","ARDUOUS-20333","2074"
"2801","","SRM987",0.71023,"TIMS","bulk solid","bulk solid",4e-05,"organism : animal : animal tissue : bone","","","","","other","","","field","J. Sealy","none provided","","Malmesbury shales",-33.48,18.77,"Macroscelides/Elephaniuius sp. elephant shrew","species","","","Sealy, J. C., van der Merwe, N. J., Sillen, A., Kruger, F. J., & Krueger, H. W. (1991). 87Sr86Sr as a dietary indicator in modern and archaeological bone. Journal of Archaeological Science, 18(3), 399-416.",,,0.71794,1.5e-05,"unknown","unknown","https://doi.org/10.1016/0305-4403(91)90074-Y","DOI","LIT","2801","ARDUOUS-20335","2801"
"UCT 1192","","SRM987",0.71023,"TIMS","bulk solid","bulk solid",4e-05,"organism : animal : animal tissue : bone","","","","","other","","","field","Lehmann S.B.","slehmann@pitt.edu","","Coastal area",-32.22,18.35,"Sylvicapra grimmia","species","","","Sealy, J. C., van der Merwe, N. J., Sillen, A., Kruger, F. J., & Krueger, H. W. (1991). 87Sr86Sr as a dietary indicator in modern and archaeological bone. Journal of Archaeological Science, 18(3), 399-416.",,,0.71041,2e-05,"unknown","unknown","https://doi.org/10.1016/0305-4403(91)90074-Y","DOI","LIT","UCT 1192","ARDUOUS-20341","UCT 1192"
"UCT 2247","","SRM987",0.71023,"TIMS","bulk solid","bulk solid",4e-05,"organism : animal : animal tissue : bone","","","","","other","","","field","Lehmann S.B.","slehmann@pitt.edu","","Voelvlei, Tulbagh",-33.37,19.03,"Otocyon megalotis","species","","","Sealy, J. C., van der Merwe, N. J., Sillen, A., Kruger, F. J., & Krueger, H. W. (1991). 87Sr86Sr as a dietary indicator in modern and archaeological bone. Journal of Archaeological Science, 18(3), 399-416.",,,0.71777,2e-05,"unknown","unknown","https://doi.org/10.1016/0305-4403(91)90074-Y","DOI","LIT","UCT 2247","ARDUOUS-20342","UCT 2247"
"UCT 732","","SRM987",0.71023,"TIMS","bulk solid","bulk solid",4e-05,"organism : animal : animal tissue : bone","","","","","other","","","field","Lehmann S.B.","slehmann@pitt.edu","","Coastal area",-32.87,18.27,"Raphicerus campestris","species","","","Sealy, J. C., van der Merwe, N. J., Sillen, A., Kruger, F. J., & Krueger, H. W. (1991). 87Sr86Sr as a dietary indicator in modern and archaeological bone. Journal of Archaeological Science, 18(3), 399-416.",,,0.71024,2e-05,"unknown","unknown","https://doi.org/10.1016/0305-4403(91)90074-Y","DOI","LIT","UCT 732","ARDUOUS-20343","UCT 732"
"732","","SRM987",0.71023,"TIMS","bulk solid","bulk solid",4e-05,"organism : animal : animal tissue : bone","","","","","other","","","field","J. Sealy","none provided","","Marine sands",-32.99,18.12,"Raphicerus campestris steenbok","species","","","Sealy, J. C., van der Merwe, N. J., Sillen, A., Kruger, F. J., & Krueger, H. W. (1991). 87Sr86Sr as a dietary indicator in modern and archaeological bone. Journal of Archaeological Science, 18(3), 399-416.",,,0.71024,2e-05,"unknown","unknown","https://doi.org/10.1016/0305-4403(91)90074-Y","DOI","LIT","732","ARDUOUS-20344","732"
"1192","","SRM987",0.71023,"TIMS","bulk solid","bulk solid",4e-05,"organism : animal : animal tissue : bone","","","","","other","","","field","J. Sealy","none provided","","Marine sands",-32.99,18.12,"Sylvicapra grimmia","species","","","Sealy, J. C., van der Merwe, N. J., Sillen, A., Kruger, F. J., & Krueger, H. W. (1991). 87Sr86Sr as a dietary indicator in modern and archaeological bone. Journal of Archaeological Science, 18(3), 399-416.",,,0.71041,2e-05,"unknown","unknown","https://doi.org/10.1016/0305-4403(91)90074-Y","DOI","LIT","1192","ARDUOUS-20345","1192"
"2247","","SRM987",0.71023,"TIMS","bulk solid","bulk solid",4e-05,"organism : animal : animal tissue : bone","","","","","other","","","field","J. Sealy","none provided","","Malmesbury shales",-33.48,18.77,"Otocyon megalotis","species","","","Sealy, J. C., van der Merwe, N. J., Sillen, A., Kruger, F. J., & Krueger, H. W. (1991). 87Sr86Sr as a dietary indicator in modern and archaeological bone. Journal of Archaeological Science, 18(3), 399-416.",,,0.71777,2e-05,"unknown","unknown","https://doi.org/10.1016/0305-4403(91)90074-Y","DOI","LIT","2247","ARDUOUS-20346","2247"
"MMK3158","","SRM987",0.71025,"TIMS","bulk solid","bulk solid",1.6e-05,"organism : animal : animal tissue : tooth : enamel","","","","","other","","","field","Brian A. Stewart","bastew@umich.edu","","",-29.8,25.38,"Pronolagys rupestris","species","","","Stewart Brian A., et al. Ostrich Eggshell Bead Strontium Isotopes Reveal Persistent Macroscale Social Networking Across Late Quaternary Southern Africa. Proceedings of the National Academy of Sciences - PNAS, vol. 117, no. 12, 2020, pp. 6453-62",,,0.7126,8e-06,"unknown","unknown","https://doi.org/10.1073/pnas.1921037117","DOI","LIT","MMK3158","ARDUOUS-21519","MMK3158"
"MMK3164","","SRM987",0.71025,"TIMS","bulk solid","bulk solid",1.6e-05,"organism : animal : animal tissue : tooth : enamel","","","","","other","","","field","Brian A. Stewart","bastew@umich.edu","","",-28.9,23.65,"Pronolagys rupestris","species","","","Stewart Brian A., et al. Ostrich Eggshell Bead Strontium Isotopes Reveal Persistent Macroscale Social Networking Across Late Quaternary Southern Africa. Proceedings of the National Academy of Sciences - PNAS, vol. 117, no. 12, 2020, pp. 6453-62",,,0.71567,8e-06,"unknown","unknown","https://doi.org/10.1073/pnas.1921037117","DOI","LIT","MMK3164","ARDUOUS-21520","MMK3164"
"MMK322","","SRM987",0.71025,"TIMS","bulk solid","bulk solid",1.6e-05,"organism : animal : animal tissue : tooth : enamel","","","","","other","","","field","Brian A. Stewart","bastew@umich.edu","","",-28.83,24.82,"Cryptomys hottentotus","species","","","Stewart Brian A., et al. Ostrich Eggshell Bead Strontium Isotopes Reveal Persistent Macroscale Social Networking Across Late Quaternary Southern Africa. Proceedings of the National Academy of Sciences - PNAS, vol. 117, no. 12, 2020, pp. 6453-62",,,0.71513,8e-06,"unknown","unknown","https://doi.org/10.1073/pnas.1921037117","DOI","LIT","MMK322","ARDUOUS-21521","MMK322"
"MMK3411","","SRM987",0.71025,"TIMS","bulk solid","bulk solid",1.6e-05,"organism : animal : animal tissue : tooth : enamel","","","","","other","","","field","Brian A. Stewart","bastew@umich.edu","","",-28.6,24.08,"Pedetes capensis","species","","","Stewart Brian A., et al. Ostrich Eggshell Bead Strontium Isotopes Reveal Persistent Macroscale Social Networking Across Late Quaternary Southern Africa. Proceedings of the National Academy of Sciences - PNAS, vol. 117, no. 12, 2020, pp. 6453-62",,,0.71679,8e-06,"unknown","unknown","https://doi.org/10.1073/pnas.1921037117","DOI","LIT","MMK3411","ARDUOUS-21522","MMK3411"
"MMK3432","","SRM987",0.71025,"TIMS","bulk solid","bulk solid",1.6e-05,"organism : animal : animal tissue : tooth : enamel","","","","","other","","","field","Brian A. Stewart","bastew@umich.edu","","",-30.33,25.03,"Pedetes capensis","species","","","Stewart Brian A., et al. Ostrich Eggshell Bead Strontium Isotopes Reveal Persistent Macroscale Social Networking Across Late Quaternary Southern Africa. Proceedings of the National Academy of Sciences - PNAS, vol. 117, no. 12, 2020, pp. 6453-62",,,0.71377,8e-06,"unknown","unknown","https://doi.org/10.1073/pnas.1921037117","DOI","LIT","MMK3432","ARDUOUS-21523","MMK3432"
"MMK3459","","SRM987",0.71025,"TIMS","bulk solid","bulk solid",1.6e-05,"organism : animal : animal tissue : tooth : enamel","","","","","other","","","field","Brian A. Stewart","bastew@umich.edu","","",-30.17,20.8,"Xerus inauris","species","","","Stewart Brian A., et al. Ostrich Eggshell Bead Strontium Isotopes Reveal Persistent Macroscale Social Networking Across Late Quaternary Southern Africa. Proceedings of the National Academy of Sciences - PNAS, vol. 117, no. 12, 2020, pp. 6453-62",,,0.71576,8e-06,"unknown","unknown","https://doi.org/10.1073/pnas.1921037117","DOI","LIT","MMK3459","ARDUOUS-21524","MMK3459"
"MMK3466","","SRM987",0.71025,"TIMS","bulk solid","bulk solid",1.6e-05,"organism : animal : animal tissue : tooth : enamel","","","","","other","","","field","Brian A. Stewart","bastew@umich.edu","","",-29.95,22.05,"Xerus inauris","species","","","Stewart Brian A., et al. Ostrich Eggshell Bead Strontium Isotopes Reveal Persistent Macroscale Social Networking Across Late Quaternary Southern Africa. Proceedings of the National Academy of Sciences - PNAS, vol. 117, no. 12, 2020, pp. 6453-62",,,0.71732,8e-06,"unknown","unknown","https://doi.org/10.1073/pnas.1921037117","DOI","LIT","MMK3466","ARDUOUS-21525","MMK3466"
"MMK3551","","SRM987",0.71025,"TIMS","bulk solid","bulk solid",1.6e-05,"organism : animal : animal tissue : tooth : enamel","","","","","other","","","field","Brian A. Stewart","bastew@umich.edu","","",-31.52,19.93,"Otomys unisulcatus","species","","","Stewart Brian A., et al. Ostrich Eggshell Bead Strontium Isotopes Reveal Persistent Macroscale Social Networking Across Late Quaternary Southern Africa. Proceedings of the National Academy of Sciences - PNAS, vol. 117, no. 12, 2020, pp. 6453-62",,,0.71322,8e-06,"unknown","unknown","https://doi.org/10.1073/pnas.1921037117","DOI","LIT","MMK3551","ARDUOUS-21526","MMK3551"
"NMB1434","","SRM987",0.71025,"TIMS","bulk solid","bulk solid",1.6e-05,"organism : animal : animal tissue : tooth : enamel","","","","","other","","","field","Brian A. Stewart","bastew@umich.edu","","",-28.07,26.33,"Lepus saxatilis","species","","","Stewart Brian A., et al. Ostrich Eggshell Bead Strontium Isotopes Reveal Persistent Macroscale Social Networking Across Late Quaternary Southern Africa. Proceedings of the National Academy of Sciences - PNAS, vol. 117, no. 12, 2020, pp. 6453-62",,,0.71394,8e-06,"unknown","unknown","https://doi.org/10.1073/pnas.1921037117","DOI","LIT","NMB1434","ARDUOUS-21527","NMB1434"
"NMB1576","","SRM987",0.71025,"TIMS","bulk solid","bulk solid",1.6e-05,"organism : animal : animal tissue : tooth : enamel","","","","","other","","","field","Brian A. Stewart","bastew@umich.edu","","",-28.87,25.69,"Xerus inauris","species","","","Stewart Brian A., et al. Ostrich Eggshell Bead Strontium Isotopes Reveal Persistent Macroscale Social Networking Across Late Quaternary Southern Africa. Proceedings of the National Academy of Sciences - PNAS, vol. 117, no. 12, 2020, pp. 6453-62",,,0.71617,8e-06,"unknown","unknown","https://doi.org/10.1073/pnas.1921037117","DOI","LIT","NMB1576","ARDUOUS-21528","NMB1576"
"NMB1674","","SRM987",0.71025,"TIMS","bulk solid","bulk solid",1.6e-05,"organism : animal : animal tissue : tooth : enamel","","","","","other","","","field","Brian A. Stewart","bastew@umich.edu","","",-29.04,27.37,"Lepus saxatilis","species","","","Stewart Brian A., et al. Ostrich Eggshell Bead Strontium Isotopes Reveal Persistent Macroscale Social Networking Across Late Quaternary Southern Africa. Proceedings of the National Academy of Sciences - PNAS, vol. 117, no. 12, 2020, pp. 6453-62",,,0.71382,8e-06,"unknown","unknown","https://doi.org/10.1073/pnas.1921037117","DOI","LIT","NMB1674","ARDUOUS-21529","NMB1674"
"NMB1781","","SRM987",0.71025,"TIMS","bulk solid","bulk solid",1.6e-05,"organism : animal : animal tissue : tooth : enamel","","","","","other","","","field","Brian A. Stewart","bastew@umich.edu","","",-28.85,27.91,"Procavia capensis","species","","","Stewart Brian A., et al. Ostrich Eggshell Bead Strontium Isotopes Reveal Persistent Macroscale Social Networking Across Late Quaternary Southern Africa. Proceedings of the National Academy of Sciences - PNAS, vol. 117, no. 12, 2020, pp. 6453-62",,,0.71275,8e-06,"unknown","unknown","https://doi.org/10.1073/pnas.1921037117","DOI","LIT","NMB1781","ARDUOUS-21530","NMB1781"
"NMB2608","","SRM987",0.71025,"TIMS","bulk solid","bulk solid",1.6e-05,"organism : animal : animal tissue : tooth : enamel","","","","","other","","","field","Brian A. Stewart","bastew@umich.edu","","",-29.57,26.72,"Pedetes capensis","species","","","Stewart Brian A., et al. Ostrich Eggshell Bead Strontium Isotopes Reveal Persistent Macroscale Social Networking Across Late Quaternary Southern Africa. Proceedings of the National Academy of Sciences - PNAS, vol. 117, no. 12, 2020, pp. 6453-62",,,0.71198,8e-06,"unknown","unknown","https://doi.org/10.1073/pnas.1921037117","DOI","LIT","NMB2608","ARDUOUS-21531","NMB2608"
"NMB2886","","SRM987",0.71025,"TIMS","bulk solid","bulk solid",1.6e-05,"organism : animal : animal tissue : tooth : enamel","","","","","other","","","field","Brian A. Stewart","bastew@umich.edu","","",-30.2,25.63,"Pedetes capensis","species","","","Stewart Brian A., et al. Ostrich Eggshell Bead Strontium Isotopes Reveal Persistent Macroscale Social Networking Across Late Quaternary Southern Africa. Proceedings of the National Academy of Sciences - PNAS, vol. 117, no. 12, 2020, pp. 6453-62",,,0.71326,8e-06,"unknown","unknown","https://doi.org/10.1073/pnas.1921037117","DOI","LIT","NMB2886","ARDUOUS-21532","NMB2886"
"NMB3107","","SRM987",0.71025,"TIMS","bulk solid","bulk solid",1.6e-05,"organism : animal : animal tissue : tooth : enamel","","","","","other","","","field","Brian A. Stewart","bastew@umich.edu","","",-28.2,29.15,"Lepus saxatilis","species","","","Stewart Brian A., et al. Ostrich Eggshell Bead Strontium Isotopes Reveal Persistent Macroscale Social Networking Across Late Quaternary Southern Africa. Proceedings of the National Academy of Sciences - PNAS, vol. 117, no. 12, 2020, pp. 6453-62",,,0.71422,8e-06,"unknown","unknown","https://doi.org/10.1073/pnas.1921037117","DOI","LIT","NMB3107","ARDUOUS-21533","NMB3107"
"NMB3126","","SRM987",0.71025,"TIMS","bulk solid","bulk solid",1.6e-05,"organism : animal : animal tissue : tooth : enamel","","","","","other","","","field","Brian A. Stewart","bastew@umich.edu","","",-28.33,27.75,"Lepus saxatilis","species","","","Stewart Brian A., et al. Ostrich Eggshell Bead Strontium Isotopes Reveal Persistent Macroscale Social Networking Across Late Quaternary Southern Africa. Proceedings of the National Academy of Sciences - PNAS, vol. 117, no. 12, 2020, pp. 6453-62",,,0.71494,8e-06,"unknown","unknown","https://doi.org/10.1073/pnas.1921037117","DOI","LIT","NMB3126","ARDUOUS-21534","NMB3126"
"NMB3263","","SRM987",0.71025,"TIMS","bulk solid","bulk solid",1.6e-05,"organism : animal : animal tissue : tooth : enamel","","","","","other","","","field","Brian A. Stewart","bastew@umich.edu","","",-27.81,26.97,"Xerus inauris","species","","","Stewart Brian A., et al. Ostrich Eggshell Bead Strontium Isotopes Reveal Persistent Macroscale Social Networking Across Late Quaternary Southern Africa. Proceedings of the National Academy of Sciences - PNAS, vol. 117, no. 12, 2020, pp. 6453-62",,,0.71468,8e-06,"unknown","unknown","https://doi.org/10.1073/pnas.1921037117","DOI","LIT","NMB3263","ARDUOUS-21535","NMB3263"
"NMB3273","","SRM987",0.71025,"TIMS","bulk solid","bulk solid",1.6e-05,"organism : animal : animal tissue : tooth : enamel","","","","","other","","","field","Brian A. Stewart","bastew@umich.edu","","",-27.98,27.59,"Pedetes capensis","species","","","Stewart Brian A., et al. Ostrich Eggshell Bead Strontium Isotopes Reveal Persistent Macroscale Social Networking Across Late Quaternary Southern Africa. Proceedings of the National Academy of Sciences - PNAS, vol. 117, no. 12, 2020, pp. 6453-62",,,0.71358,8e-06,"unknown","unknown","https://doi.org/10.1073/pnas.1921037117","DOI","LIT","NMB3273","ARDUOUS-21536","NMB3273"
"NMB3448","","SRM987",0.71025,"TIMS","bulk solid","bulk solid",1.6e-05,"organism : animal : animal tissue : tooth : enamel","","","","","other","","","field","Brian A. Stewart","bastew@umich.edu","","",-28.74,28.06,"Lepus saxatilis","species","","","Stewart Brian A., et al. Ostrich Eggshell Bead Strontium Isotopes Reveal Persistent Macroscale Social Networking Across Late Quaternary Southern Africa. Proceedings of the National Academy of Sciences - PNAS, vol. 117, no. 12, 2020, pp. 6453-62",,,0.71273,8e-06,"unknown","unknown","https://doi.org/10.1073/pnas.1921037117","DOI","LIT","NMB3448","ARDUOUS-21537","NMB3448"
"NMB3518","","SRM987",0.71025,"TIMS","bulk solid","bulk solid",1.6e-05,"organism : animal : animal tissue : tooth : enamel","","","","","other","","","field","Brian A. Stewart","bastew@umich.edu","","",-27.83,28.41,"Procavia capensis","species","","","Stewart Brian A., et al. Ostrich Eggshell Bead Strontium Isotopes Reveal Persistent Macroscale Social Networking Across Late Quaternary Southern Africa. Proceedings of the National Academy of Sciences - PNAS, vol. 117, no. 12, 2020, pp. 6453-62",,,0.71623,8e-06,"unknown","unknown","https://doi.org/10.1073/pnas.1921037117","DOI","LIT","NMB3518","ARDUOUS-21538","NMB3518"
"NMB3705","","SRM987",0.71025,"TIMS","bulk solid","bulk solid",1.6e-05,"organism : animal : animal tissue : tooth : enamel","","","","","other","","","field","Brian A. Stewart","bastew@umich.edu","","",-30.55,25.35,"Lepus saxatilis","species","","","Stewart Brian A., et al. Ostrich Eggshell Bead Strontium Isotopes Reveal Persistent Macroscale Social Networking Across Late Quaternary Southern Africa. Proceedings of the National Academy of Sciences - PNAS, vol. 117, no. 12, 2020, pp. 6453-62",,,0.71232,8e-06,"unknown","unknown","https://doi.org/10.1073/pnas.1921037117","DOI","LIT","NMB3705","ARDUOUS-21539","NMB3705"
"NMB3739","","SRM987",0.71025,"TIMS","bulk solid","bulk solid",1.6e-05,"organism : animal : animal tissue : tooth : enamel","","","","","other","","","field","Brian A. Stewart","bastew@umich.edu","","",-30.52,25.92,"Xerus inauris","species","","","Stewart Brian A., et al. Ostrich Eggshell Bead Strontium Isotopes Reveal Persistent Macroscale Social Networking Across Late Quaternary Southern Africa. Proceedings of the National Academy of Sciences - PNAS, vol. 117, no. 12, 2020, pp. 6453-62",,,0.71394,8e-06,"unknown","unknown","https://doi.org/10.1073/pnas.1921037117","DOI","LIT","NMB3739","ARDUOUS-21540","NMB3739"
"NMB3862","","SRM987",0.71025,"TIMS","bulk solid","bulk solid",1.6e-05,"organism : animal : animal tissue : tooth : enamel","","","","","other","","","field","Brian A. Stewart","bastew@umich.edu","","",-27.12,28.52,"Lepus saxatilis","species","","","Stewart Brian A., et al. Ostrich Eggshell Bead Strontium Isotopes Reveal Persistent Macroscale Social Networking Across Late Quaternary Southern Africa. Proceedings of the National Academy of Sciences - PNAS, vol. 117, no. 12, 2020, pp. 6453-62",,,0.71551,8e-06,"unknown","unknown","https://doi.org/10.1073/pnas.1921037117","DOI","LIT","NMB3862","ARDUOUS-21541","NMB3862"
"NMB4054","","SRM987",0.71025,"TIMS","bulk solid","bulk solid",1.6e-05,"organism : animal : animal tissue : tooth : enamel","","","","","other","","","field","Brian A. Stewart","bastew@umich.edu","","",-29.11,27.64,"Pedetes capensis","species","","","Stewart Brian A., et al. Ostrich Eggshell Bead Strontium Isotopes Reveal Persistent Macroscale Social Networking Across Late Quaternary Southern Africa. Proceedings of the National Academy of Sciences - PNAS, vol. 117, no. 12, 2020, pp. 6453-62",,,0.71232,8e-06,"unknown","unknown","https://doi.org/10.1073/pnas.1921037117","DOI","LIT","NMB4054","ARDUOUS-21542","NMB4054"
"NMB4131","","SRM987",0.71025,"TIMS","bulk solid","bulk solid",1.6e-05,"organism : animal : animal tissue : tooth : enamel","","","","","other","","","field","Brian A. Stewart","bastew@umich.edu","","",-28.57,28.42,"Lepus saxatilis","species","","","Stewart Brian A., et al. Ostrich Eggshell Bead Strontium Isotopes Reveal Persistent Macroscale Social Networking Across Late Quaternary Southern Africa. Proceedings of the National Academy of Sciences - PNAS, vol. 117, no. 12, 2020, pp. 6453-62",,,0.71266,8e-06,"unknown","unknown","https://doi.org/10.1073/pnas.1921037117","DOI","LIT","NMB4131","ARDUOUS-21543","NMB4131"
"NMB4333","","SRM987",0.71025,"TIMS","bulk solid","bulk solid",1.6e-05,"organism : animal : animal tissue : tooth : enamel","","","","","other","","","field","Brian A. Stewart","bastew@umich.edu","","",-30.81,27.04,"Procavia capensis","species","","","Stewart Brian A., et al. Ostrich Eggshell Bead Strontium Isotopes Reveal Persistent Macroscale Social Networking Across Late Quaternary Southern Africa. Proceedings of the National Academy of Sciences - PNAS, vol. 117, no. 12, 2020, pp. 6453-62",,,0.71509,8e-06,"unknown","unknown","https://doi.org/10.1073/pnas.1921037117","DOI","LIT","NMB4333","ARDUOUS-21544","NMB4333"
"NMB4714","","SRM987",0.71025,"TIMS","bulk solid","bulk solid",1.6e-05,"organism : animal : animal tissue : tooth : enamel","","","","","other","","","field","Brian A. Stewart","bastew@umich.edu","","",-31.37,26.72,"Procavia capensis","species","","","Stewart Brian A., et al. Ostrich Eggshell Bead Strontium Isotopes Reveal Persistent Macroscale Social Networking Across Late Quaternary Southern Africa. Proceedings of the National Academy of Sciences - PNAS, vol. 117, no. 12, 2020, pp. 6453-62",,,0.716,8e-06,"unknown","unknown","https://doi.org/10.1073/pnas.1921037117","DOI","LIT","NMB4714","ARDUOUS-21545","NMB4714"
"NMB4858","","SRM987",0.71025,"TIMS","bulk solid","bulk solid",1.6e-05,"organism : animal : animal tissue : tooth : enamel","","","","","other","","","field","Brian A. Stewart","bastew@umich.edu","","",-31.34,28.03,"Lepus saxatilis","species","","","Stewart Brian A., et al. Ostrich Eggshell Bead Strontium Isotopes Reveal Persistent Macroscale Social Networking Across Late Quaternary Southern Africa. Proceedings of the National Academy of Sciences - PNAS, vol. 117, no. 12, 2020, pp. 6453-62",,,0.71439,8e-06,"unknown","unknown","https://doi.org/10.1073/pnas.1921037117","DOI","LIT","NMB4858","ARDUOUS-21546","NMB4858"
"NMB6667","","SRM987",0.71025,"TIMS","bulk solid","bulk solid",1.6e-05,"organism : animal : animal tissue : tooth : enamel","","","","","other","","","field","Brian A. Stewart","bastew@umich.edu","","",-29.87,29.12,"Rhabdomys pumilio","species","","","Stewart Brian A., et al. Ostrich Eggshell Bead Strontium Isotopes Reveal Persistent Macroscale Social Networking Across Late Quaternary Southern Africa. Proceedings of the National Academy of Sciences - PNAS, vol. 117, no. 12, 2020, pp. 6453-62",,,0.71206,8e-06,"unknown","unknown","https://doi.org/10.1073/pnas.1921037117","DOI","LIT","NMB6667","ARDUOUS-21547","NMB6667"
"NMB7003","","SRM987",0.71025,"TIMS","bulk solid","bulk solid",1.6e-05,"organism : animal : animal tissue : tooth : enamel","","","","","other","","","field","Brian A. Stewart","bastew@umich.edu","","",-28.78,27.3,"Gerbilliscus brantsii","species","","","Stewart Brian A., et al. Ostrich Eggshell Bead Strontium Isotopes Reveal Persistent Macroscale Social Networking Across Late Quaternary Southern Africa. Proceedings of the National Academy of Sciences - PNAS, vol. 117, no. 12, 2020, pp. 6453-62",,,0.71517,8e-06,"unknown","unknown","https://doi.org/10.1073/pnas.1921037117","DOI","LIT","NMB7003","ARDUOUS-21549","NMB7003"
"NMB7331","","SRM987",0.71025,"TIMS","bulk solid","bulk solid",1.6e-05,"organism : animal : animal tissue : tooth : enamel","","","","","other","","","field","Brian A. Stewart","bastew@umich.edu","","",-29.32,28.08,"Rhabdomys pumilio","species","","","Stewart Brian A., et al. Ostrich Eggshell Bead Strontium Isotopes Reveal Persistent Macroscale Social Networking Across Late Quaternary Southern Africa. Proceedings of the National Academy of Sciences - PNAS, vol. 117, no. 12, 2020, pp. 6453-62",,,0.70816,8e-06,"unknown","unknown","https://doi.org/10.1073/pnas.1921037117","DOI","LIT","NMB7331","ARDUOUS-21550","NMB7331"
"NMB8166","","SRM987",0.71025,"TIMS","bulk solid","bulk solid",1.6e-05,"organism : animal : animal tissue : tooth : enamel","","","","","other","","","field","Brian A. Stewart","bastew@umich.edu","","",-29.22,28.32,"Otomys irroratus","species","","","Stewart Brian A., et al. Ostrich Eggshell Bead Strontium Isotopes Reveal Persistent Macroscale Social Networking Across Late Quaternary Southern Africa. Proceedings of the National Academy of Sciences - PNAS, vol. 117, no. 12, 2020, pp. 6453-62",,,0.71161,8e-06,"unknown","unknown","https://doi.org/10.1073/pnas.1921037117","DOI","LIT","NMB8166","ARDUOUS-21551","NMB8166"
"NMB8357","","SRM987",0.71025,"TIMS","bulk solid","bulk solid",1.6e-05,"organism : animal : animal tissue : tooth : enamel","","","","","other","","","field","Brian A. Stewart","bastew@umich.edu","","",-28.47,28.41,"Otomys irroratus","species","","","Stewart Brian A., et al. Ostrich Eggshell Bead Strontium Isotopes Reveal Persistent Macroscale Social Networking Across Late Quaternary Southern Africa. Proceedings of the National Academy of Sciences - PNAS, vol. 117, no. 12, 2020, pp. 6453-62",,,0.70879,8e-06,"unknown","unknown","https://doi.org/10.1073/pnas.1921037117","DOI","LIT","NMB8357","ARDUOUS-21553","NMB8357"
"NMB9196","","SRM987",0.71025,"TIMS","bulk solid","bulk solid",1.6e-05,"organism : animal : animal tissue : tooth : enamel","","","","","other","","","field","Brian A. Stewart","bastew@umich.edu","","",-28.46,28.7,"Leptus saxatilis","species","","","Stewart Brian A., et al. Ostrich Eggshell Bead Strontium Isotopes Reveal Persistent Macroscale Social Networking Across Late Quaternary Southern Africa. Proceedings of the National Academy of Sciences - PNAS, vol. 117, no. 12, 2020, pp. 6453-62",,,0.7143,8e-06,"unknown","unknown","https://doi.org/10.1073/pnas.1921037117","DOI","LIT","NMB9196","ARDUOUS-21556","NMB9196"
"R1","","SRM987",0.71025,"ICP-MS","bulk solid","bulk solid",,"inorganic-organic composite : soil","","","","","other","Soil exchangeable","","field","Dr Clarisa Vorster","clarisav@uj.ac.za","","Western Cape: Robertson,Stellenbosch,Swartland and Walker Bay",-33.81,19.88,"","","","","Vorster, C., L. Greeff, and P. P. Coetzee. ""The determination of 11B/10B and 87Sr/86Sr isotope ratios by quadrupole-based ICP-MS for the fingerprinting of South African wine."" South African Journal of Chemistry 63 (2010): 207-214.",,,0.7133,5e-05,"unknown","unknown","","","LIT","R1","ARDUOUS-22327","R1"
"R10","","SRM987",0.71025,"ICP-MS","bulk solid","bulk solid",,"inorganic-organic composite : soil","","","","","other","Soil exchangeable","","field","Dr Clarisa Vorster","clarisav@uj.ac.za","","Western Cape: Robertson,Stellenbosch,Swartland and Walker Bay",-33.81,19.88,"","","","","Vorster, C., L. Greeff, and P. P. Coetzee. ""The determination of 11B/10B and 87Sr/86Sr isotope ratios by quadrupole-based ICP-MS for the fingerprinting of South African wine."" South African Journal of Chemistry 63 (2010): 207-214.",,,0.7152,5e-05,"unknown","unknown","","","LIT","R10","ARDUOUS-22328","R10"
"R2","","SRM987",0.71025,"ICP-MS","bulk solid","bulk solid",,"inorganic-organic composite : soil","","","","","other","Soil exchangeable","","field","Dr Clarisa Vorster","clarisav@uj.ac.za","","Western Cape: Robertson,Stellenbosch,Swartland and Walker Bay",-33.81,19.88,"","","","","Vorster, C., L. Greeff, and P. P. Coetzee. ""The determination of 11B/10B and 87Sr/86Sr isotope ratios by quadrupole-based ICP-MS for the fingerprinting of South African wine."" South African Journal of Chemistry 63 (2010): 207-214.",,,0.7128,5e-05,"unknown","unknown","","","LIT","R2","ARDUOUS-22329","R2"
"R3","","SRM987",0.71025,"ICP-MS","bulk solid","bulk solid",,"inorganic-organic composite : soil","","","","","other","Soil exchangeable","","field","Dr Clarisa Vorster","clarisav@uj.ac.za","","Western Cape: Robertson,Stellenbosch,Swartland and Walker Bay",-33.81,19.88,"","","","","Vorster, C., L. Greeff, and P. P. Coetzee. ""The determination of 11B/10B and 87Sr/86Sr isotope ratios by quadrupole-based ICP-MS for the fingerprinting of South African wine."" South African Journal of Chemistry 63 (2010): 207-214.",,,0.7144,5e-05,"unknown","unknown","","","LIT","R3","ARDUOUS-22330","R3"
"R4","","SRM987",0.71025,"ICP-MS","bulk solid","bulk solid",,"inorganic-organic composite : soil","","","","","other","Soil exchangeable","","field","Dr Clarisa Vorster","clarisav@uj.ac.za","","Western Cape: Robertson,Stellenbosch,Swartland and Walker Bay",-33.81,19.88,"","","","","Vorster, C., L. Greeff, and P. P. Coetzee. ""The determination of 11B/10B and 87Sr/86Sr isotope ratios by quadrupole-based ICP-MS for the fingerprinting of South African wine."" South African Journal of Chemistry 63 (2010): 207-214.",,,0.7136,5e-05,"unknown","unknown","","","LIT","R4","ARDUOUS-22331","R4"
"R5","","SRM987",0.71025,"ICP-MS","bulk solid","bulk solid",,"inorganic-organic composite : soil","","","","","other","Soil exchangeable","","field","Dr Clarisa Vorster","clarisav@uj.ac.za","","Western Cape: Robertson,Stellenbosch,Swartland and Walker Bay",-33.81,19.88,"","","","","Vorster, C., L. Greeff, and P. P. Coetzee. ""The determination of 11B/10B and 87Sr/86Sr isotope ratios by quadrupole-based ICP-MS for the fingerprinting of South African wine."" South African Journal of Chemistry 63 (2010): 207-214.",,,0.7134,5e-05,"unknown","unknown","","","LIT","R5","ARDUOUS-22332","R5"
"R6","","SRM987",0.71025,"ICP-MS","bulk solid","bulk solid",,"inorganic-organic composite : soil","","","","","other","Soil exchangeable","","field","Dr Clarisa Vorster","clarisav@uj.ac.za","","Western Cape: Robertson,Stellenbosch,Swartland and Walker Bay",-33.81,19.88,"","","","","Vorster, C., L. Greeff, and P. P. Coetzee. ""The determination of 11B/10B and 87Sr/86Sr isotope ratios by quadrupole-based ICP-MS for the fingerprinting of South African wine."" South African Journal of Chemistry 63 (2010): 207-214.",,,0.7139,5e-05,"unknown","unknown","","","LIT","R6","ARDUOUS-22333","R6"
"R7","","SRM987",0.71025,"ICP-MS","bulk solid","bulk solid",,"inorganic-organic composite : soil","","","","","other","Soil exchangeable","","field","Dr Clarisa Vorster","clarisav@uj.ac.za","","Western Cape: Robertson,Stellenbosch,Swartland and Walker Bay",-33.81,19.88,"","","","","Vorster, C., L. Greeff, and P. P. Coetzee. ""The determination of 11B/10B and 87Sr/86Sr isotope ratios by quadrupole-based ICP-MS for the fingerprinting of South African wine."" South African Journal of Chemistry 63 (2010): 207-214.",,,0.713,5e-05,"unknown","unknown","","","LIT","R7","ARDUOUS-22334","R7"
"R8","","SRM987",0.71025,"ICP-MS","bulk solid","bulk solid",,"inorganic-organic composite : soil","","","","","other","Soil exchangeable","","field","Dr Clarisa Vorster","clarisav@uj.ac.za","","Western Cape: Robertson,Stellenbosch,Swartland and Walker Bay",-33.81,19.88,"","","","","Vorster, C., L. Greeff, and P. P. Coetzee. ""The determination of 11B/10B and 87Sr/86Sr isotope ratios by quadrupole-based ICP-MS for the fingerprinting of South African wine."" South African Journal of Chemistry 63 (2010): 207-214.",,,0.7132,5e-05,"unknown","unknown","","","LIT","R8","ARDUOUS-22335","R8"
"R11","","SRM987",0.71025,"ICP-MS","bulk solid","bulk solid",,"inorganic-organic composite : soil","","","","","other","Soil exchangeable","","field","Dr Clarisa Vorster","clarisav@uj.ac.za","","Western Cape: Robertson,Stellenbosch,Swartland and Walker Bay",-33.81,19.88,"","","","","Vorster, C., L. Greeff, and P. P. Coetzee. ""The determination of 11B/10B and 87Sr/86Sr isotope ratios by quadrupole-based ICP-MS for the fingerprinting of South African wine."" South African Journal of Chemistry 63 (2010): 207-214.",,,0.7147,5e-05,"unknown","unknown","","","LIT","R11","ARDUOUS-22337","R11"
"R12","","SRM987",0.71025,"ICP-MS","bulk solid","bulk solid",,"inorganic-organic composite : soil","","","","","other","Soil exchangeable","","field","Dr Clarisa Vorster","clarisav@uj.ac.za","","Western Cape: Robertson,Stellenbosch,Swartland and Walker Bay",-33.81,19.88,"","","","","Vorster, C., L. Greeff, and P. P. Coetzee. ""The determination of 11B/10B and 87Sr/86Sr isotope ratios by quadrupole-based ICP-MS for the fingerprinting of South African wine."" South African Journal of Chemistry 63 (2010): 207-214.",,,0.7149,5e-05,"unknown","unknown","","","LIT","R12","ARDUOUS-22338","R12"
"R13","","SRM987",0.71025,"ICP-MS","bulk solid","bulk solid",,"inorganic-organic composite : soil","","","","","other","Soil exchangeable","","field","Dr Clarisa Vorster","clarisav@uj.ac.za","","Western Cape: Robertson,Stellenbosch,Swartland and Walker Bay",-33.81,19.88,"","","","","Vorster, C., L. Greeff, and P. P. Coetzee. ""The determination of 11B/10B and 87Sr/86Sr isotope ratios by quadrupole-based ICP-MS for the fingerprinting of South African wine."" South African Journal of Chemistry 63 (2010): 207-214.",,,0.7142,5e-05,"unknown","unknown","","","LIT","R13","ARDUOUS-22339","R13"
"R15","","SRM987",0.71025,"ICP-MS","bulk solid","bulk solid",,"inorganic-organic composite : soil","","","","","other","Soil exchangeable","","field","Dr Clarisa Vorster","clarisav@uj.ac.za","","Western Cape: Robertson,Stellenbosch,Swartland and Walker Bay",-33.81,19.88,"","","","","Vorster, C., L. Greeff, and P. P. Coetzee. ""The determination of 11B/10B and 87Sr/86Sr isotope ratios by quadrupole-based ICP-MS for the fingerprinting of South African wine."" South African Journal of Chemistry 63 (2010): 207-214.",,,0.7155,5e-05,"unknown","unknown","","","LIT","R15","ARDUOUS-22341","R15"
"R17","","SRM987",0.71025,"ICP-MS","bulk solid","bulk solid",,"inorganic-organic composite : soil","","","","","other","Soil exchangeable","","field","Dr Clarisa Vorster","clarisav@uj.ac.za","","Western Cape: Robertson,Stellenbosch,Swartland and Walker Bay",-33.81,19.88,"","","","","Vorster, C., L. Greeff, and P. P. Coetzee. ""The determination of 11B/10B and 87Sr/86Sr isotope ratios by quadrupole-based ICP-MS for the fingerprinting of South African wine."" South African Journal of Chemistry 63 (2010): 207-214.",,,0.7153,5e-05,"unknown","unknown","","","LIT","R17","ARDUOUS-22343","R17"
"ST1","","SRM987",0.71025,"ICP-MS","bulk solid","bulk solid",,"inorganic-organic composite : soil","","","","","other","Soil exchangeable","","field","Dr Clarisa Vorster","clarisav@uj.ac.za","","Western Cape: Robertson,Stellenbosch,Swartland and Walker Bay",-33.99,18.77,"","","","","Vorster, C., L. Greeff, and P. P. Coetzee. ""The determination of 11B/10B and 87Sr/86Sr isotope ratios by quadrupole-based ICP-MS for the fingerprinting of South African wine."" South African Journal of Chemistry 63 (2010): 207-214.",,,0.7119,5e-05,"unknown","unknown","","","LIT","ST1","ARDUOUS-22344","ST1"
"ST10","","SRM987",0.71025,"ICP-MS","bulk solid","bulk solid",,"inorganic-organic composite : soil","","","","","other","Soil exchangeable","","field","Dr Clarisa Vorster","clarisav@uj.ac.za","","Western Cape: Robertson,Stellenbosch,Swartland and Walker Bay",-33.99,18.77,"","","","","Vorster, C., L. Greeff, and P. P. Coetzee. ""The determination of 11B/10B and 87Sr/86Sr isotope ratios by quadrupole-based ICP-MS for the fingerprinting of South African wine."" South African Journal of Chemistry 63 (2010): 207-214.",,,0.7107,5e-05,"unknown","unknown","","","LIT","ST10","ARDUOUS-22345","ST10"
"ST2","","SRM987",0.71025,"ICP-MS","bulk solid","bulk solid",,"inorganic-organic composite : soil","","","","","other","Soil exchangeable","","field","Dr Clarisa Vorster","clarisav@uj.ac.za","","Western Cape: Robertson,Stellenbosch,Swartland and Walker Bay",-33.99,18.77,"","","","","Vorster, C., L. Greeff, and P. P. Coetzee. ""The determination of 11B/10B and 87Sr/86Sr isotope ratios by quadrupole-based ICP-MS for the fingerprinting of South African wine."" South African Journal of Chemistry 63 (2010): 207-214.",,,0.7159,5e-05,"unknown","unknown","","","LIT","ST2","ARDUOUS-22346","ST2"
"ST3","","SRM987",0.71025,"ICP-MS","bulk solid","bulk solid",,"inorganic-organic composite : soil","","","","","other","Soil exchangeable","","field","Dr Clarisa Vorster","clarisav@uj.ac.za","","Western Cape: Robertson,Stellenbosch,Swartland and Walker Bay",-33.99,18.77,"","","","","Vorster, C., L. Greeff, and P. P. Coetzee. ""The determination of 11B/10B and 87Sr/86Sr isotope ratios by quadrupole-based ICP-MS for the fingerprinting of South African wine."" South African Journal of Chemistry 63 (2010): 207-214.",,,0.7128,5e-05,"unknown","unknown","","","LIT","ST3","ARDUOUS-22347","ST3"
"ST4","","SRM987",0.71025,"ICP-MS","bulk solid","bulk solid",,"inorganic-organic composite : soil","","","","","other","Soil exchangeable","","field","Dr Clarisa Vorster","clarisav@uj.ac.za","","Western Cape: Robertson,Stellenbosch,Swartland and Walker Bay",-33.99,18.77,"","","","","Vorster, C., L. Greeff, and P. P. Coetzee. ""The determination of 11B/10B and 87Sr/86Sr isotope ratios by quadrupole-based ICP-MS for the fingerprinting of South African wine."" South African Journal of Chemistry 63 (2010): 207-214.",,,0.7089,5e-05,"unknown","unknown","","","LIT","ST4","ARDUOUS-22348","ST4"
"ST5","","SRM987",0.71025,"ICP-MS","bulk solid","bulk solid",,"inorganic-organic composite : soil","","","","","other","Soil exchangeable","","field","Dr Clarisa Vorster","clarisav@uj.ac.za","","Western Cape: Robertson,Stellenbosch,Swartland and Walker Bay",-33.99,18.77,"","","","","Vorster, C., L. Greeff, and P. P. Coetzee. ""The determination of 11B/10B and 87Sr/86Sr isotope ratios by quadrupole-based ICP-MS for the fingerprinting of South African wine."" South African Journal of Chemistry 63 (2010): 207-214.",,,0.7158,5e-05,"unknown","unknown","","","LIT","ST5","ARDUOUS-22349","ST5"
"ST7","","SRM987",0.71025,"ICP-MS","bulk solid","bulk solid",,"inorganic-organic composite : soil","","","","","other","Soil exchangeable","","field","Dr Clarisa Vorster","clarisav@uj.ac.za","","Western Cape: Robertson,Stellenbosch,Swartland and Walker Bay",-33.99,18.77,"","","","","Vorster, C., L. Greeff, and P. P. Coetzee. ""The determination of 11B/10B and 87Sr/86Sr isotope ratios by quadrupole-based ICP-MS for the fingerprinting of South African wine."" South African Journal of Chemistry 63 (2010): 207-214.",,,0.7091,5e-05,"unknown","unknown","","","LIT","ST7","ARDUOUS-22351","ST7"
"ST8","","SRM987",0.71025,"ICP-MS","bulk solid","bulk solid",,"inorganic-organic composite : soil","","","","","other","Soil exchangeable","","field","Dr Clarisa Vorster","clarisav@uj.ac.za","","Western Cape: Robertson,Stellenbosch,Swartland and Walker Bay",-33.99,18.77,"","","","","Vorster, C., L. Greeff, and P. P. Coetzee. ""The determination of 11B/10B and 87Sr/86Sr isotope ratios by quadrupole-based ICP-MS for the fingerprinting of South African wine."" South African Journal of Chemistry 63 (2010): 207-214.",,,0.71,5e-05,"unknown","unknown","","","LIT","ST8","ARDUOUS-22352","ST8"
"ST9","","SRM987",0.71025,"ICP-MS","bulk solid","bulk solid",,"inorganic-organic composite : soil","","","","","other","Soil exchangeable","","field","Dr Clarisa Vorster","clarisav@uj.ac.za","","Western Cape: Robertson,Stellenbosch,Swartland and Walker Bay",-33.99,18.77,"","","","","Vorster, C., L. Greeff, and P. P. Coetzee. ""The determination of 11B/10B and 87Sr/86Sr isotope ratios by quadrupole-based ICP-MS for the fingerprinting of South African wine."" South African Journal of Chemistry 63 (2010): 207-214.",,,0.7129,5e-05,"unknown","unknown","","","LIT","ST9","ARDUOUS-22353","ST9"
"ST11","","SRM987",0.71025,"ICP-MS","bulk solid","bulk solid",,"inorganic-organic composite : soil","","","","","other","Soil exchangeable","","field","Dr Clarisa Vorster","clarisav@uj.ac.za","","Western Cape: Robertson,Stellenbosch,Swartland and Walker Bay",-33.99,18.77,"","","","","Vorster, C., L. Greeff, and P. P. Coetzee. ""The determination of 11B/10B and 87Sr/86Sr isotope ratios by quadrupole-based ICP-MS for the fingerprinting of South African wine."" South African Journal of Chemistry 63 (2010): 207-214.",,,0.7082,5e-05,"unknown","unknown","","","LIT","ST11","ARDUOUS-22354","ST11"
"ST13","","SRM987",0.71025,"ICP-MS","bulk solid","bulk solid",,"inorganic-organic composite : soil","","","","","other","Soil exchangeable","","field","Dr Clarisa Vorster","clarisav@uj.ac.za","","Western Cape: Robertson,Stellenbosch,Swartland and Walker Bay",-33.99,18.77,"","","","","Vorster, C., L. Greeff, and P. P. Coetzee. ""The determination of 11B/10B and 87Sr/86Sr isotope ratios by quadrupole-based ICP-MS for the fingerprinting of South African wine."" South African Journal of Chemistry 63 (2010): 207-214.",,,0.7137,5e-05,"unknown","unknown","","","LIT","ST13","ARDUOUS-22356","ST13"
"ST16","","SRM987",0.71025,"ICP-MS","bulk solid","bulk solid",,"inorganic-organic composite : soil","","","","","other","Soil exchangeable","","field","Dr Clarisa Vorster","clarisav@uj.ac.za","","Western Cape: Robertson,Stellenbosch,Swartland and Walker Bay",-33.99,18.77,"","","","","Vorster, C., L. Greeff, and P. P. Coetzee. ""The determination of 11B/10B and 87Sr/86Sr isotope ratios by quadrupole-based ICP-MS for the fingerprinting of South African wine."" South African Journal of Chemistry 63 (2010): 207-214.",,,0.7121,5e-05,"unknown","unknown","","","LIT","ST16","ARDUOUS-22359","ST16"
"ST18","","SRM987",0.71025,"ICP-MS","bulk solid","bulk solid",,"inorganic-organic composite : soil","","","","","other","Soil exchangeable","","field","Dr Clarisa Vorster","clarisav@uj.ac.za","","Western Cape: Robertson,Stellenbosch,Swartland and Walker Bay",-33.99,18.77,"","","","","Vorster, C., L. Greeff, and P. P. Coetzee. ""The determination of 11B/10B and 87Sr/86Sr isotope ratios by quadrupole-based ICP-MS for the fingerprinting of South African wine."" South African Journal of Chemistry 63 (2010): 207-214.",,,0.7131,5e-05,"unknown","unknown","","","LIT","ST18","ARDUOUS-22360","ST18"
"SW1","","SRM987",0.71025,"ICP-MS","bulk solid","bulk solid",,"inorganic-organic composite : soil","","","","","other","Soil exchangeable","","field","Dr Clarisa Vorster","clarisav@uj.ac.za","","Western Cape: Robertson,Stellenbosch,Swartland and Walker Bay",-33.66,18.83,"","","","","Vorster, C., L. Greeff, and P. P. Coetzee. ""The determination of 11B/10B and 87Sr/86Sr isotope ratios by quadrupole-based ICP-MS for the fingerprinting of South African wine."" South African Journal of Chemistry 63 (2010): 207-214.",,,0.7096,5e-05,"unknown","unknown","","","LIT","SW1","ARDUOUS-22361","SW1"
"SW2","","SRM987",0.71025,"ICP-MS","bulk solid","bulk solid",,"inorganic-organic composite : soil","","","","","other","Soil exchangeable","","field","Dr Clarisa Vorster","clarisav@uj.ac.za","","Western Cape: Robertson,Stellenbosch,Swartland and Walker Bay",-33.66,18.83,"","","","","Vorster, C., L. Greeff, and P. P. Coetzee. ""The determination of 11B/10B and 87Sr/86Sr isotope ratios by quadrupole-based ICP-MS for the fingerprinting of South African wine."" South African Journal of Chemistry 63 (2010): 207-214.",,,0.7107,5e-05,"unknown","unknown","","","LIT","SW2","ARDUOUS-22362","SW2"
"SW3","","SRM987",0.71025,"ICP-MS","bulk solid","bulk solid",,"inorganic-organic composite : soil","","","","","other","Soil exchangeable","","field","Dr Clarisa Vorster","clarisav@uj.ac.za","","Western Cape: Robertson,Stellenbosch,Swartland and Walker Bay",-33.66,18.83,"","","","","Vorster, C., L. Greeff, and P. P. Coetzee. ""The determination of 11B/10B and 87Sr/86Sr isotope ratios by quadrupole-based ICP-MS for the fingerprinting of South African wine."" South African Journal of Chemistry 63 (2010): 207-214.",,,0.7133,5e-05,"unknown","unknown","","","LIT","SW3","ARDUOUS-22363","SW3"
"SW4","","SRM987",0.71025,"ICP-MS","bulk solid","bulk solid",,"inorganic-organic composite : soil","","","","","other","Soil exchangeable","","field","Dr Clarisa Vorster","clarisav@uj.ac.za","","Western Cape: Robertson,Stellenbosch,Swartland and Walker Bay",-33.66,18.83,"","","","","Vorster, C., L. Greeff, and P. P. Coetzee. ""The determination of 11B/10B and 87Sr/86Sr isotope ratios by quadrupole-based ICP-MS for the fingerprinting of South African wine."" South African Journal of Chemistry 63 (2010): 207-214.",,,0.7127,5e-05,"unknown","unknown","","","LIT","SW4","ARDUOUS-22364","SW4"
"SW5","","SRM987",0.71025,"ICP-MS","bulk solid","bulk solid",,"inorganic-organic composite : soil","","","","","other","Soil exchangeable","","field","Dr Clarisa Vorster","clarisav@uj.ac.za","","Western Cape: Robertson,Stellenbosch,Swartland and Walker Bay",-33.66,18.83,"","","","","Vorster, C., L. Greeff, and P. P. Coetzee. ""The determination of 11B/10B and 87Sr/86Sr isotope ratios by quadrupole-based ICP-MS for the fingerprinting of South African wine."" South African Journal of Chemistry 63 (2010): 207-214.",,,0.7082,5e-05,"unknown","unknown","","","LIT","SW5","ARDUOUS-22365","SW5"
"SW6","","SRM987",0.71025,"ICP-MS","bulk solid","bulk solid",,"inorganic-organic composite : soil","","","","","other","Soil exchangeable","","field","Dr Clarisa Vorster","clarisav@uj.ac.za","","Western Cape: Robertson,Stellenbosch,Swartland and Walker Bay",-33.66,18.83,"","","","","Vorster, C., L. Greeff, and P. P. Coetzee. ""The determination of 11B/10B and 87Sr/86Sr isotope ratios by quadrupole-based ICP-MS for the fingerprinting of South African wine."" South African Journal of Chemistry 63 (2010): 207-214.",,,0.7149,5e-05,"unknown","unknown","","","LIT","SW6","ARDUOUS-22366","SW6"
"SW7","","SRM987",0.71025,"ICP-MS","bulk solid","bulk solid",,"inorganic-organic composite : soil","","","","","other","Soil exchangeable","","field","Dr Clarisa Vorster","clarisav@uj.ac.za","","Western Cape: Robertson,Stellenbosch,Swartland and Walker Bay",-33.66,18.83,"","","","","Vorster, C., L. Greeff, and P. P. Coetzee. ""The determination of 11B/10B and 87Sr/86Sr isotope ratios by quadrupole-based ICP-MS for the fingerprinting of South African wine."" South African Journal of Chemistry 63 (2010): 207-214.",,,0.7081,5e-05,"unknown","unknown","","","LIT","SW7","ARDUOUS-22367","SW7"
"SW8","","SRM987",0.71025,"ICP-MS","bulk solid","bulk solid",,"inorganic-organic composite : soil","","","","","other","Soil exchangeable","","field","Dr Clarisa Vorster","clarisav@uj.ac.za","","Western Cape: Robertson,Stellenbosch,Swartland and Walker Bay",-33.66,18.83,"","","","","Vorster, C., L. Greeff, and P. P. Coetzee. ""The determination of 11B/10B and 87Sr/86Sr isotope ratios by quadrupole-based ICP-MS for the fingerprinting of South African wine."" South African Journal of Chemistry 63 (2010): 207-214.",,,0.7115,5e-05,"unknown","unknown","","","LIT","SW8","ARDUOUS-22368","SW8"
"SW9","","SRM987",0.71025,"ICP-MS","bulk solid","bulk solid",,"inorganic-organic composite : soil","","","","","other","Soil exchangeable","","field","Dr Clarisa Vorster","clarisav@uj.ac.za","","Western Cape: Robertson,Stellenbosch,Swartland and Walker Bay",-33.66,18.83,"","","","","Vorster, C., L. Greeff, and P. P. Coetzee. ""The determination of 11B/10B and 87Sr/86Sr isotope ratios by quadrupole-based ICP-MS for the fingerprinting of South African wine."" South African Journal of Chemistry 63 (2010): 207-214.",,,0.7085,5e-05,"unknown","unknown","","","LIT","SW9","ARDUOUS-22369","SW9"
"SW10","","SRM987",0.71025,"ICP-MS","bulk solid","bulk solid",,"inorganic-organic composite : soil","","","","","other","Soil exchangeable","","field","Dr Clarisa Vorster","clarisav@uj.ac.za","","Western Cape: Robertson,Stellenbosch,Swartland and Walker Bay",-33.39,18.91,"","","","","Vorster, C., L. Greeff, and P. P. Coetzee. ""The determination of 11B/10B and 87Sr/86Sr isotope ratios by quadrupole-based ICP-MS for the fingerprinting of South African wine."" South African Journal of Chemistry 63 (2010): 207-214.",,,0.7148,5e-05,"unknown","unknown","","","LIT","SW10","ARDUOUS-22370","SW10"
"SW11","","SRM987",0.71025,"ICP-MS","bulk solid","bulk solid",,"inorganic-organic composite : soil","","","","","other","Soil exchangeable","","field","Dr Clarisa Vorster","clarisav@uj.ac.za","","Western Cape: Robertson,Stellenbosch,Swartland and Walker Bay",-33.46,18.76,"","","","","Vorster, C., L. Greeff, and P. P. Coetzee. ""The determination of 11B/10B and 87Sr/86Sr isotope ratios by quadrupole-based ICP-MS for the fingerprinting of South African wine."" South African Journal of Chemistry 63 (2010): 207-214.",,,0.7137,5e-05,"unknown","unknown","","","LIT","SW11","ARDUOUS-22371","SW11"
"SW12","","SRM987",0.71025,"ICP-MS","bulk solid","bulk solid",,"inorganic-organic composite : soil","","","","","other","Soil exchangeable","","field","Dr Clarisa Vorster","clarisav@uj.ac.za","","Western Cape: Robertson,Stellenbosch,Swartland and Walker Bay",-33.46,18.76,"","","","","Vorster, C., L. Greeff, and P. P. Coetzee. ""The determination of 11B/10B and 87Sr/86Sr isotope ratios by quadrupole-based ICP-MS for the fingerprinting of South African wine."" South African Journal of Chemistry 63 (2010): 207-214.",,,0.7132,5e-05,"unknown","unknown","","","LIT","SW12","ARDUOUS-22372","SW12"
"SW13","","SRM987",0.71025,"ICP-MS","bulk solid","bulk solid",,"inorganic-organic composite : soil","","","","","other","Soil exchangeable","","field","Dr Clarisa Vorster","clarisav@uj.ac.za","","Western Cape: Robertson,Stellenbosch,Swartland and Walker Bay",-33.46,18.76,"","","","","Vorster, C., L. Greeff, and P. P. Coetzee. ""The determination of 11B/10B and 87Sr/86Sr isotope ratios by quadrupole-based ICP-MS for the fingerprinting of South African wine."" South African Journal of Chemistry 63 (2010): 207-214.",,,0.7121,5e-05,"unknown","unknown","","","LIT","SW13","ARDUOUS-22373","SW13"
"SW14","","SRM987",0.71025,"ICP-MS","bulk solid","bulk solid",,"inorganic-organic composite : soil","","","","","other","Soil exchangeable","","field","Dr Clarisa Vorster","clarisav@uj.ac.za","","Western Cape: Robertson,Stellenbosch,Swartland and Walker Bay",-33.02,18.99,"","","","","Vorster, C., L. Greeff, and P. P. Coetzee. ""The determination of 11B/10B and 87Sr/86Sr isotope ratios by quadrupole-based ICP-MS for the fingerprinting of South African wine."" South African Journal of Chemistry 63 (2010): 207-214.",,,0.7126,5e-05,"unknown","unknown","","","LIT","SW14","ARDUOUS-22374","SW14"
"SW15","","SRM987",0.71025,"ICP-MS","bulk solid","bulk solid",,"inorganic-organic composite : soil","","","","","other","Soil exchangeable","","field","Dr Clarisa Vorster","clarisav@uj.ac.za","","Western Cape: Robertson,Stellenbosch,Swartland and Walker Bay",-33.02,18.99,"","","","","Vorster, C., L. Greeff, and P. P. Coetzee. ""The determination of 11B/10B and 87Sr/86Sr isotope ratios by quadrupole-based ICP-MS for the fingerprinting of South African wine."" South African Journal of Chemistry 63 (2010): 207-214.",,,0.711,5e-05,"unknown","unknown","","","LIT","SW15","ARDUOUS-22375","SW15"
"SW16","","SRM987",0.71025,"ICP-MS","bulk solid","bulk solid",,"inorganic-organic composite : soil","","","","","other","Soil exchangeable","","field","Dr Clarisa Vorster","clarisav@uj.ac.za","","Western Cape: Robertson,Stellenbosch,Swartland and Walker Bay",-33.02,18.99,"","","","","Vorster, C., L. Greeff, and P. P. Coetzee. ""The determination of 11B/10B and 87Sr/86Sr isotope ratios by quadrupole-based ICP-MS for the fingerprinting of South African wine."" South African Journal of Chemistry 63 (2010): 207-214.",,,0.714,5e-05,"unknown","unknown","","","LIT","SW16","ARDUOUS-22376","SW16"
"SW17","","SRM987",0.71025,"ICP-MS","bulk solid","bulk solid",,"inorganic-organic composite : soil","","","","","other","Soil exchangeable","","field","Dr Clarisa Vorster","clarisav@uj.ac.za","","Western Cape: Robertson,Stellenbosch,Swartland and Walker Bay",-33.02,18.99,"","","","","Vorster, C., L. Greeff, and P. P. Coetzee. ""The determination of 11B/10B and 87Sr/86Sr isotope ratios by quadrupole-based ICP-MS for the fingerprinting of South African wine."" South African Journal of Chemistry 63 (2010): 207-214.",,,0.7125,5e-05,"unknown","unknown","","","LIT","SW17","ARDUOUS-22377","SW17"
"SW18","","SRM987",0.71025,"ICP-MS","bulk solid","bulk solid",,"inorganic-organic composite : soil","","","","","other","Soil exchangeable","","field","Dr Clarisa Vorster","clarisav@uj.ac.za","","Western Cape: Robertson,Stellenbosch,Swartland and Walker Bay",-33.02,18.99,"","","","","Vorster, C., L. Greeff, and P. P. Coetzee. ""The determination of 11B/10B and 87Sr/86Sr isotope ratios by quadrupole-based ICP-MS for the fingerprinting of South African wine."" South African Journal of Chemistry 63 (2010): 207-214.",,,0.7102,5e-05,"unknown","unknown","","","LIT","SW18","ARDUOUS-22378","SW18"
"SW19","","SRM987",0.71025,"ICP-MS","bulk solid","bulk solid",,"inorganic-organic composite : soil","","","","","other","Soil exchangeable","","field","Dr Clarisa Vorster","clarisav@uj.ac.za","","Western Cape: Robertson,Stellenbosch,Swartland and Walker Bay",-33.4,18.89,"","","","","Vorster, C., L. Greeff, and P. P. Coetzee. ""The determination of 11B/10B and 87Sr/86Sr isotope ratios by quadrupole-based ICP-MS for the fingerprinting of South African wine."" South African Journal of Chemistry 63 (2010): 207-214.",,,0.7135,5e-05,"unknown","unknown","","","LIT","SW19","ARDUOUS-22379","SW19"
"SW20","","SRM987",0.71025,"ICP-MS","bulk solid","bulk solid",,"inorganic-organic composite : soil","","","","","other","Soil exchangeable","","field","Dr Clarisa Vorster","clarisav@uj.ac.za","","Western Cape: Robertson,Stellenbosch,Swartland and Walker Bay",-33.4,18.89,"","","","","Vorster, C., L. Greeff, and P. P. Coetzee. ""The determination of 11B/10B and 87Sr/86Sr isotope ratios by quadrupole-based ICP-MS for the fingerprinting of South African wine."" South African Journal of Chemistry 63 (2010): 207-214.",,,0.715,5e-05,"unknown","unknown","","","LIT","SW20","ARDUOUS-22380","SW20"
"WB1","","SRM987",0.71025,"ICP-MS","bulk solid","bulk solid",,"inorganic-organic composite : soil","","","","","other","Soil exchangeable","","field","Dr Clarisa Vorster","clarisav@uj.ac.za","","Western Cape: Robertson,Stellenbosch,Swartland and Walker Bay",-34.23,19.21,"","","","","Vorster, C., L. Greeff, and P. P. Coetzee. ""The determination of 11B/10B and 87Sr/86Sr isotope ratios by quadrupole-based ICP-MS for the fingerprinting of South African wine."" South African Journal of Chemistry 63 (2010): 207-214.",,,0.712,5e-05,"unknown","unknown","","","LIT","WB1","ARDUOUS-22381","WB1"
"WB2","","SRM987",0.71025,"ICP-MS","bulk solid","bulk solid",,"inorganic-organic composite : soil","","","","","other","Soil exchangeable","","field","Dr Clarisa Vorster","clarisav@uj.ac.za","","Western Cape: Robertson,Stellenbosch,Swartland and Walker Bay",-34.23,19.21,"","","","","Vorster, C., L. Greeff, and P. P. Coetzee. ""The determination of 11B/10B and 87Sr/86Sr isotope ratios by quadrupole-based ICP-MS for the fingerprinting of South African wine."" South African Journal of Chemistry 63 (2010): 207-214.",,,0.7136,5e-05,"unknown","unknown","","","LIT","WB2","ARDUOUS-22382","WB2"
"WB3","","SRM987",0.71025,"ICP-MS","bulk solid","bulk solid",,"inorganic-organic composite : soil","","","","","other","Soil exchangeable","","field","Dr Clarisa Vorster","clarisav@uj.ac.za","","Western Cape: Robertson,Stellenbosch,Swartland and Walker Bay",-34.23,19.21,"","","","","Vorster, C., L. Greeff, and P. P. Coetzee. ""The determination of 11B/10B and 87Sr/86Sr isotope ratios by quadrupole-based ICP-MS for the fingerprinting of South African wine."" South African Journal of Chemistry 63 (2010): 207-214.",,,0.7138,5e-05,"unknown","unknown","","","LIT","WB3","ARDUOUS-22383","WB3"
"WB4","","SRM987",0.71025,"ICP-MS","bulk solid","bulk solid",,"inorganic-organic composite : soil","","","","","other","Soil exchangeable","","field","Dr Clarisa Vorster","clarisav@uj.ac.za","","Western Cape: Robertson,Stellenbosch,Swartland and Walker Bay",-34.23,19.21,"","","","","Vorster, C., L. Greeff, and P. P. Coetzee. ""The determination of 11B/10B and 87Sr/86Sr isotope ratios by quadrupole-based ICP-MS for the fingerprinting of South African wine."" South African Journal of Chemistry 63 (2010): 207-214.",,,0.7128,5e-05,"unknown","unknown","","","LIT","WB4","ARDUOUS-22384","WB4"
"WB5","","SRM987",0.71025,"ICP-MS","bulk solid","bulk solid",,"inorganic-organic composite : soil","","","","","other","Soil exchangeable","","field","Dr Clarisa Vorster","clarisav@uj.ac.za","","Western Cape: Robertson,Stellenbosch,Swartland and Walker Bay",-34.37,19.26,"","","","","Vorster, C., L. Greeff, and P. P. Coetzee. ""The determination of 11B/10B and 87Sr/86Sr isotope ratios by quadrupole-based ICP-MS for the fingerprinting of South African wine."" South African Journal of Chemistry 63 (2010): 207-214.",,,0.7101,5e-05,"unknown","unknown","","","LIT","WB5","ARDUOUS-22385","WB5"
"WB8","","SRM987",0.71025,"ICP-MS","bulk solid","bulk solid",,"inorganic-organic composite : soil","","","","","other","Soil exchangeable","","field","Dr Clarisa Vorster","clarisav@uj.ac.za","","Western Cape: Robertson,Stellenbosch,Swartland and Walker Bay",-34.39,19.24,"","","","","Vorster, C., L. Greeff, and P. P. Coetzee. ""The determination of 11B/10B and 87Sr/86Sr isotope ratios by quadrupole-based ICP-MS for the fingerprinting of South African wine."" South African Journal of Chemistry 63 (2010): 207-214.",,,0.7101,5e-05,"unknown","unknown","","","LIT","WB8","ARDUOUS-22388","WB8"
"WB10","","SRM987",0.71025,"ICP-MS","bulk solid","bulk solid",,"inorganic-organic composite : soil","","","","","other","Soil exchangeable","","field","Dr Clarisa Vorster","clarisav@uj.ac.za","","Western Cape: Robertson,Stellenbosch,Swartland and Walker Bay",-34.41,19.2,"","","","","Vorster, C., L. Greeff, and P. P. Coetzee. ""The determination of 11B/10B and 87Sr/86Sr isotope ratios by quadrupole-based ICP-MS for the fingerprinting of South African wine."" South African Journal of Chemistry 63 (2010): 207-214.",,,0.7101,5e-05,"unknown","unknown","","","LIT","WB10","ARDUOUS-22390","WB10"
"Ek",,,,,"bulk solid","bulk tissue",,"organism : plant : plant tissue",,,,,,,,"field",,,,"South Africa",-32.73437778,19.33413889,"unspecified",,,,"Soderberg et al. (2007)",,,0.729,,,,,,,,"WANG-0001",
"Ek",,,,,"bulk solid","bulk tissue",,"organism : plant : plant tissue",,,,,,,,"field",,,,"South Africa",-32.73437778,19.33413889,"unspecified",,,,"Soderberg et al. (2007)",,,0.732,,,,,,,,"WANG-0002",
"1MS",,,,,"bulk solid","bulk tissue",,"organism : animal : animal tissue",,,,,,,,"field",,,,"South Africa",-31.97185556,19.23161389,"Hystrix africae-australis",,,,"Scott et al. (2020)",,,0.716505,,,,,,,,"WANG-0003",
"2MS",,,,,"bulk solid","bulk tissue",,"organism : animal : animal tissue : bone",,,,,,,,"field",,,,"South Africa",-31.97185556,19.23161389,"Raphicerus campestris",,,,"Scott et al. (2020)",,,0.71879,,,,,,,,"WANG-0004",
"5MS",,,,,"bulk solid","bulk tissue",,"organism : animal : animal tissue : bone",,,,,,,,"field",,,,"South Africa",-34.06574444,20.46873056,"Raphicerus melanotis",,,,"Scott et al. (2020)",,,0.712491,,,,,,,,"WANG-0007",
"6MS",,,,,"bulk solid","bulk tissue",,"organism : animal : animal tissue : tooth",,,,,,,,"field",,,,"South Africa",-31.97185556,19.23161389,"Raphicerus melanotis",,,,"Scott et al. (2020)",,,0.71674,,,,,,,,"WANG-0008",
"7MS",,,,,"bulk solid","bulk tissue",,"organism : animal : animal tissue : tooth",,,,,,,,"field",,,,"South Africa",-34.06574444,20.46873056,"Procavia capensis",,,,"Scott et al. (2020)",,,0.712384,,,,,,,,"WANG-0009",
"8MS",,,,,"bulk solid","bulk tissue",,"organism : animal : animal tissue : tooth",,,,,,,,"field",,,,"South Africa",-34.06574444,20.46873056,"Procavia capensis",,,,"Scott et al. (2020)",,,0.712719,,,,,,,,"WANG-0010",
"10MS",,,,,"bulk solid","bulk tissue",,"organism : animal : animal tissue : tooth",,,,,,,,"field",,,,"South Africa",-31.97185556,19.23161389,"Procavia capensis",,,,"Scott et al. (2020)",,,0.71572,,,,,,,,"WANG-0012",
"11MS",,,,,"bulk solid","bulk tissue",,"organism : animal : animal tissue : tooth",,,,,,,,"field",,,,"South Africa",-31.97185556,19.23161389,"Procavia capensis",,,,"Scott et al. (2020)",,,0.718972,,,,,,,,"WANG-0013",
"12MS",,,,,"bulk solid","bulk tissue",,"organism : animal : animal tissue : tooth",,,,,,,,"field",,,,"South Africa",-31.97185556,19.23161389,"Procavia capensis",,,,"Scott et al. (2020)",,,0.718927,,,,,,,,"WANG-0014",
"13MS",,,,,"bulk solid","bulk tissue",,"organism : animal : animal tissue : tooth",,,,,,,,"field",,,,"South Africa",-31.97185556,19.23161389,"Procavia capensis",,,,"Scott et al. (2020)",,,0.718601,,,,,,,,"WANG-0015",
"14MS",,,,,"bulk solid","bulk tissue",,"organism : animal : animal tissue : tooth",,,,,,,,"field",,,,"South Africa",-31.97185556,19.23161389,"Procavia capensis",,,,"Scott et al. (2020)",,,0.715184,,,,,,,,"WANG-0016",
"15MS",,,,,"bulk solid","bulk tissue",,"organism : animal : animal tissue : tooth",,,,,,,,"field",,,,"South Africa",-30.40600278,18.56000833,"Procavia capensis",,,,"Scott et al. (2020)",,,0.755445,,,,,,,,"WANG-0017",
"16MS",,,,,"bulk solid","bulk tissue",,"organism : animal : animal tissue : tooth",,,,,,,,"field",,,,"South Africa",-30.40600278,18.56000833,"Procavia capensis",,,,"Scott et al. (2020)",,,0.746843,,,,,,,,"WANG-0018",
"17MS",,,,,"bulk solid","bulk tissue",,"organism : animal : animal tissue : tooth",,,,,,,,"field",,,,"South Africa",-28.87165,17.10014722,"Procavia capensis",,,,"Scott et al. (2020)",,,0.726132,,,,,,,,"WANG-0019",
"18MS",,,,,"bulk solid","bulk tissue",,"organism : animal : animal tissue",,,,,,,,"field",,,,"South Africa",-33.63000556,18.42165833,"Chersina angulata",,,,"Scott et al. (2020)",,,0.709282,,,,,,,,"WANG-0020",
"19MSa",,,,,"bulk solid","bulk tissue",,"organism : animal : animal tissue : bone",,,,,,,,"field",,,,"South Africa",-30.40600278,18.56000833,"Procavia capensis",,,,"Scott et al. (2020)",,,0.734004,,,,,,,,"WANG-0021",
"19MSb",,,,,"bulk solid","bulk tissue",,"organism : animal : animal tissue : tooth",,,,,,,,"field",,,,"South Africa",-30.40600278,18.56000833,"Procavia capensis",,,,"Scott et al. (2020)",,,0.739244,,,,,,,,"WANG-0022",
"21MS",,,,,"bulk solid","bulk tissue",,"organism : animal : animal tissue : tooth : dentin",,,,,,,,"field",,,,"South Africa",-34.06574444,20.46873056,"Pelea capreolus",,,,"Scott et al. (2020)",,,0.712978,,,,,,,,"WANG-0024",
"22MS",,,,,"bulk solid","bulk tissue",,"organism : animal : animal tissue : tooth : enamel",,,,,,,,"field",,,,"South Africa",-34.06574444,20.46873056,"Pelea capreolus",,,,"Scott et al. (2020)",,,0.713088,,,,,,,,"WANG-0025",
"1A R",,,,,"bulk solid","bulk tissue",,"organism : animal : animal tissue : tooth",,,,,,,,"field",,,,"South Africa",-34.42409444,20.54472222,"Rhabodomys pumilio",,,,"Scott et al. (2020)",,,0.70926,,,,,,,,"WANG-0029",
"4A R",,,,,"bulk solid","bulk tissue",,"organism : animal : animal tissue : tooth",,,,,,,,"field",,,,"South Africa",-34.42409444,20.54472222,"Rhabodomys pumilio",,,,"Scott et al. (2020)",,,0.709431,,,,,,,,"WANG-0032",
"5A R",,,,,"bulk solid","bulk tissue",,"organism : animal : animal tissue : tooth",,,,,,,,"field",,,,"South Africa",-34.42409444,20.54472222,"Rhabodomys pumilio",,,,"Scott et al. (2020)",,,0.709225,,,,,,,,"WANG-0033",
"7A O",,,,,"bulk solid","bulk tissue",,"organism : animal : animal tissue : tooth",,,,,,,,"field",,,,"South Africa",-34.42409444,20.54472222,"Rhabodomys pumilio",,,,"Scott et al. (2020)",,,0.709942,,,,,,,,"WANG-0034",
"8A R",,,,,"bulk solid","bulk tissue",,"organism : animal : animal tissue : tooth",,,,,,,,"field",,,,"South Africa",-34.06574444,20.46873056,"Rhabodomys pumilio",,,,"Scott et al. (2020)",,,0.71028,,,,,,,,"WANG-0035",
"9A R",,,,,"bulk solid","bulk tissue",,"organism : animal : animal tissue : tooth",,,,,,,,"field",,,,"South Africa",-34.06574444,20.46873056,"Rhabodomys pumilio",,,,"Scott et al. (2020)",,,0.710063,,,,,,,,"WANG-0036",
"10A R",,,,,"bulk solid","bulk tissue",,"organism : animal : animal tissue : tooth",,,,,,,,"field",,,,"South Africa",-34.06574444,20.46873056,"Rhabodomys pumilio",,,,"Scott et al. (2020)",,,0.709925,,,,,,,,"WANG-0037",
"19A R",,,,,"bulk solid","bulk tissue",,"organism : animal : animal tissue : tooth",,,,,,,,"field",,,,"South Africa",-34.42409444,20.54472222,"Rhabodomys pumilio",,,,"Scott et al. (2020)",,,0.709141,,,,,,,,"WANG-0041",
"20A R",,,,,"bulk solid","bulk tissue",,"organism : animal : animal tissue : tooth",,,,,,,,"field",,,,"South Africa",-34.42409444,20.54472222,"Rhabodomys pumilio",,,,"Scott et al. (2020)",,,0.709681,,,,,,,,"WANG-0042",
"WP 1",,,,,"bulk solid","bulk tissue",,"organism : plant : plant tissue",,,,,,,,"field",,,,"South Africa",-32.72107222,17.92708056,"unspecified",,,,"Scott et al. (2020)",,,0.712497,,,,,,,,"WANG-0045",
"WP 2",,,,,"bulk solid","bulk tissue",,"organism : plant : plant tissue",,,,,,,,"field",,,,"South Africa",-32.72107222,17.92708056,"unspecified",,,,"Scott et al. (2020)",,,0.7129,,,,,,,,"WANG-0046",
"WP 3",,,,,"bulk solid","bulk tissue",,"organism : plant : plant tissue",,,,,,,,"field",,,,"South Africa",-32.72107222,17.92708056,"unspecified",,,,"Scott et al. (2020)",,,0.714618,,,,,,,,"WANG-0047",
"WP 4",,,,,"bulk solid","bulk tissue",,"organism : plant : plant tissue",,,,,,,,"field",,,,"South Africa",-32.72107222,17.92708056,"unspecified",,,,"Scott et al. (2020)",,,0.711469,,,,,,,,"WANG-0048",
"WP 5",,,,,"bulk solid","bulk tissue",,"organism : plant : plant tissue",,,,,,,,"field",,,,"South Africa",-32.72107222,17.92708056,"unspecified",,,,"Scott et al. (2020)",,,0.711661,,,,,,,,"WANG-0049",
"steenbok 3",,,,,"bulk solid","bulk tissue",,"organism : animal : animal tissue : tooth : enamel",,,,,,,,"field",,,,"South Africa",-32.7924433888881,17.9601939441745,"Raphicerus campestris",,,,"Balasse and Ambrose (2002)",,,0.710715,,,,,,,,"WANG-0050",
"steenbok 4",,,,,"bulk solid","bulk tissue",,"organism : animal : animal tissue : tooth : enamel",,,,,,,,"field",,,,"South Africa",-32.7924433888881,17.9601939441745,"Raphicerus campestris",,,,"Balasse and Ambrose (2002)",,,0.710223,,,,,,,,"WANG-0051",
"steenbok 6",,,,,"bulk solid","bulk tissue",,"organism : animal : animal tissue : tooth : enamel",,,,,,,,"field",,,,"South Africa",-32.7924433888881,17.9601939441745,"Raphicerus campestris",,,,"Balasse and Ambrose (2002)",,,0.710025,,,,,,,,"WANG-0053",
"steenbok 7",,,,,"bulk solid","bulk tissue",,"organism : animal : animal tissue : tooth : enamel",,,,,,,,"field",,,,"South Africa",-32.7924433888881,17.9601939441745,"Raphicerus campestris",,,,"Balasse and Ambrose (2002)",,,0.709916,,,,,,,,"WANG-0054",
"NMB6937",,,,,"bulk solid","bulk tissue",,"organism : animal : animal tissue : tooth : enamel",,,,,,,,"field",,,,"South Africa",-29.2,29.13,"Rodentia",,,,"Stewart et al. (2020)",,,0.70852,,,,,,,,"WANG-0084",
"NMB8202",,,,,"bulk solid","bulk tissue",,"organism : animal : animal tissue : tooth : enamel",,,,,,,,"field",,,,"South Africa",-30.14,27.53,"Rodentia",,,,"Stewart et al. (2020)",,,0.71535,,,,,,,,"WANG-0088",
"NMB8427",,,,,"bulk solid","bulk tissue",,"organism : animal : animal tissue : tooth : enamel",,,,,,,,"field",,,,"South Africa",-29.42,28.48,"Rodentia",,,,"Stewart et al. (2020)",,,0.70781,,,,,,,,"WANG-0090",
"NMB8641",,,,,"bulk solid","bulk tissue",,"organism : animal : animal tissue : tooth : enamel",,,,,,,,"field",,,,"South Africa",-29.85,27.56,"Rodentia",,,,"Stewart et al. (2020)",,,0.70918,,,,,,,,"WANG-0091",
"EAM 1S",,,,,"bulk solid","bulk tissue",,"organism : animal : animal tissue : shell",,,,,,,,"field",,,,"South Africa",-28.9354876309315,31.1257836266521,"Achatina",,,,"Arnold et al. (2013)",,,0.708116,,,,,,,,"WANG-0093",
"EAM 3S",,,,,"bulk solid","bulk tissue",,"organism : animal : animal tissue : shell",,,,,,,,"field",,,,"South Africa",-28.9454024706,31.0269066776336,"Achatina",,,,"Arnold et al. (2013)",,,0.712434,,,,,,,,"WANG-0095",
"EAM 5S",,,,,"bulk solid","bulk tissue",,"organism : animal : animal tissue : shell",,,,,,,,"field",,,,"South Africa",-28.9502093240642,31.104497616794,"Achatina",,,,"Arnold et al. (2013)",,,0.709031,,,,,,,,"WANG-0097",
"EAM 7S",,,,,"bulk solid","bulk tissue",,"organism : animal : animal tissue : shell",,,,,,,,"field",,,,"South Africa",-28.8603682491987,30.9968790906942,"Achatina",,,,"Arnold et al. (2013)",,,0.715913,,,,,,,,"WANG-0099",
"EAM 9S",,,,,"bulk solid","bulk tissue",,"organism : animal : animal tissue : shell",,,,,,,,"field",,,,"South Africa",-28.8646590327868,31.0332161748753,"Achatina",,,,"Arnold et al. (2013)",,,0.715531,,,,,,,,"WANG-0101",
"29",,,,,"bulk solid","bulk tissue",,"organism : plant : plant tissue",,,,,,,,"field",,,,"Zimbabwe",-21.79,29.9144,"unspecified",,,,"House et al. (2021)",,,0.7063,,,,,,,,"WANG-0105",
"30",,,,,"bulk solid","bulk tissue",,"organism : plant : plant tissue",,,,,,,,"field",,,,"Zimbabwe",-21.86,29.9025,"unspecified",,,,"House et al. (2021)",,,0.7067,,,,,,,,"WANG-0106",
"A25",,,,,"bulk solid","bulk tissue",,"organism : plant : plant tissue",,,,,,,,"field",,,,"South Africa",-34.0465,22.31131,"unspecified",,,,"Copeland et al. (2016)",,,0.71057,,,,,,,,"WANG-0171",
"A37",,,,,"bulk solid","bulk tissue",,"organism : plant : plant tissue",,,,,,,,"field",,,,"South Africa",-34.21017,22.00478,"unspecified",,,,"Copeland et al. (2016)",,,0.7093,,,,,,,,"WANG-0183",
"A38",,,,,"bulk solid","bulk tissue",,"organism : plant : plant tissue",,,,,,,,"field",,,,"South Africa",-34.21203,21.99672,"unspecified",,,,"Copeland et al. (2016)",,,0.70932,,,,,,,,"WANG-0184",
"A49",,,,,"bulk solid","bulk tissue",,"organism : plant : plant tissue",,,,,,,,"field",,,,"South Africa",-34.02836,22.83772,"unspecified",,,,"Copeland et al. (2016)",,,0.70939,,,,,,,,"WANG-0196",
"A50",,,,,"bulk solid","bulk tissue",,"organism : plant : plant tissue",,,,,,,,"field",,,,"South Africa",-34.03192,22.83856,"unspecified",,,,"Copeland et al. (2016)",,,0.70936,,,,,,,,"WANG-0197",
"A52",,,,,"bulk solid","bulk tissue",,"organism : plant : plant tissue",,,,,,,,"field",,,,"South Africa",-34.07389,23.064,"unspecified",,,,"Copeland et al. (2016)",,,0.70973,,,,,,,,"WANG-0199",
"A57",,,,,"bulk solid","bulk tissue",,"organism : plant : plant tissue",,,,,,,,"field",,,,"South Africa",-34.11814,22.09692,"unspecified",,,,"Copeland et al. (2016)",,,0.71013,,,,,,,,"WANG-0204",
"A59",,,,,"bulk solid","bulk tissue",,"organism : plant : plant tissue",,,,,,,,"field",,,,"South Africa",-34.11592,22.01575,"unspecified",,,,"Copeland et al. (2016)",,,0.71085,,,,,,,,"WANG-0206",
"5",,,,,"bulk solid","bulk tissue",,"organism : animal : animal tissue : tooth : enamel",,,,,,,,"field",,,,"South Africa",-34.40549444,20.61145556,"Rodentia",,,,"Radloff et al. (2010)",,,0.70953,,,,,,,,"WANG-0401",
"6",,,,,"bulk solid","bulk tissue",,"organism : animal : animal tissue : tooth : enamel",,,,,,,,"field",,,,"South Africa",-34.38908889,20.53831389,"Rodentia",,,,"Radloff et al. (2010)",,,0.71001,,,,,,,,"WANG-0403",
"21",,,,,"bulk solid","bulk tissue",,"organism : animal : animal tissue : tooth : enamel",,,,,,,,"field",,,,"South Africa",-34.445229,20.561931,"Rodentia",,,,"Radloff et al. (2010)",,,0.70933,,,,,,,,"WANG-0436",
,,,,,"bulk solid","bulk tissue",,"organism : animal : animal tissue : bone",,,,,,,,"field",,,,"South Africa",-34.438708,20.462833,"Pelea capreolus",,,,"Radloff et al. (2010)",,,0.71165,,,,,,,,"WANG-0454",
,,,,,"bulk solid","bulk tissue",,"organism : animal : animal tissue : bone",,,,,,,,"field",,,,"South Africa",-34.438708,20.462833,"Pelea capreolus",,,,"Radloff et al. (2010)",,,0.71104,,,,,,,,"WANG-0455",
"3-6z",,,,,"bulk solid","bulk tissue",,"organism : plant : plant tissue",,,,,,,,"field",,,,"South Africa",-26.0443,27.8284,"Acacia sp.",,,,"Copeland et al. (2011)",,,0.75165,,,,,,,,"WANG-0480",
"6-7",,,,,"bulk solid","bulk tissue",,"organism : plant : plant tissue",,,,,,,,"field",,,,"South Africa",-26.0647,27.6555,"Acacia mearnsii",,,,"Copeland et al. (2011)",,,0.72931,,,,,,,,"WANG-0481",
"6-1S",,,,,"bulk solid","bulk tissue",,"organism : plant : plant tissue",,,,,,,,"field",,,,"South Africa",-26.0647,27.6555,"Eragrostis sp.",,,,"Copeland et al. (2011)",,,0.73081,,,,,,,,"WANG-0482",
"7-7",,,,,"bulk solid","bulk tissue",,"organism : plant : plant tissue",,,,,,,,"field",,,,"South Africa",-25.9876,27.9168,"Acacia sp.",,,,"Copeland et al. (2011)",,,0.72957,,,,,,,,"WANG-0483",
"7-3z",,,,,"bulk solid","bulk tissue",,"organism : plant : plant tissue",,,,,,,,"field",,,,"South Africa",-25.9876,27.9168,"Heteropogon contortus",,,,"Copeland et al. (2011)",,,0.73108,,,,,,,,"WANG-0484",
"7-9z",,,,,"bulk solid","bulk tissue",,"organism : plant : plant tissue",,,,,,,,"field",,,,"South Africa",-25.9876,27.9168,"Acacia sp.",,,,"Copeland et al. (2011)",,,0.72613,,,,,,,,"WANG-0485",
"9-8P",,,,,"bulk solid","bulk tissue",,"organism : plant : plant tissue",,,,,,,,"field",,,,"South Africa",-25.9146,27.9429,"Rhus pyroides",,,,"Copeland et al. (2011)",,,0.73548,,,,,,,,"WANG-0486",
"9-8S",,,,,"bulk solid","bulk tissue",,"organism : plant : plant tissue",,,,,,,,"field",,,,"South Africa",-25.9146,27.9429,"Rhus pyroides",,,,"Copeland et al. (2011)",,,0.73499,,,,,,,,"WANG-0487",
"9-1",,,,,"bulk solid","bulk tissue",,"organism : plant : plant tissue",,,,,,,,"field",,,,"South Africa",-25.9146,27.9429,"Heteropogon contortus",,,,"Copeland et al. (2011)",,,0.73721,,,,,,,,"WANG-0488",
"9-1z",,,,,"bulk solid","bulk tissue",,"organism : plant : plant tissue",,,,,,,,"field",,,,"South Africa",-25.9146,27.9429,"Panicum maximum",,,,"Copeland et al. (2011)",,,0.73194,,,,,,,,"WANG-0489",
"9-2z",,,,,"bulk solid","bulk tissue",,"organism : plant : plant tissue",,,,,,,,"field",,,,"South Africa",-25.9146,27.9429,"Themeda triandra",,,,"Copeland et al. (2011)",,,0.73815,,,,,,,,"WANG-0490",
"9-3z",,,,,"bulk solid","bulk tissue",,"organism : plant : plant tissue",,,,,,,,"field",,,,"South Africa",-25.9146,27.9429,"unspecified (grass)",,,,"Copeland et al. (2011)",,,0.73728,,,,,,,,"WANG-0491",
"9-5z",,,,,"bulk solid","bulk tissue",,"organism : plant : plant tissue",,,,,,,,"field",,,,"South Africa",-25.9146,27.9429,"Sorghum bicolor",,,,"Copeland et al. (2011)",,,0.73407,,,,,,,,"WANG-0492",
"9-6z",,,,,"bulk solid","bulk tissue",,"organism : plant : plant tissue",,,,,,,,"field",,,,"South Africa",-25.9146,27.9429,"Rhus lancea",,,,"Copeland et al. (2011)",,,0.73575,,,,,,,,"WANG-0493",
"9-7z",,,,,"bulk solid","bulk tissue",,"organism : plant : plant tissue",,,,,,,,"field",,,,"South Africa",-25.9146,27.9429,"Euclea crispa",,,,"Copeland et al. (2011)",,,0.73478,,,,,,,,"WANG-0494",
"9-10z",,,,,"bulk solid","bulk tissue",,"organism : plant : plant tissue",,,,,,,,"field",,,,"South Africa",-25.9146,27.9429,"Olea europea subsp. Africana",,,,"Copeland et al. (2011)",,,0.73381,,,,,,,,"WANG-0497",
"11-7",,,,,"bulk solid","bulk tissue",,"organism : plant : plant tissue",,,,,,,,"field",,,,"South Africa",-25.7984,27.8934,"Acacia sp.",,,,"Copeland et al. (2011)",,,0.74986,,,,,,,,"WANG-0498",
"11-2",,,,,"bulk solid","bulk tissue",,"organism : plant : plant tissue",,,,,,,,"field",,,,"South Africa",-25.7984,27.8934,"Melinus repens",,,,"Copeland et al. (2011)",,,0.74785,,,,,,,,"WANG-0499",
"11-2z",,,,,"bulk solid","bulk tissue",,"organism : plant : plant tissue",,,,,,,,"field",,,,"South Africa",-25.7984,27.8934,"Themeda triandra",,,,"Copeland et al. (2011)",,,0.7529,,,,,,,,"WANG-0500",
"11-8z",,,,,"bulk solid","bulk tissue",,"organism : plant : plant tissue",,,,,,,,"field",,,,"South Africa",-25.7984,27.8934,"Euclea sp.",,,,"Copeland et al. (2011)",,,0.75385,,,,,,,,"WANG-0501",
"11-3z",,,,,"bulk solid","bulk tissue",,"organism : plant : plant tissue",,,,,,,,"field",,,,"South Africa",-25.7984,27.8934,"Themeda triandra",,,,"Copeland et al. (2011)",,,0.7509,,,,,,,,"WANG-0503",
"11-5",,,,,"bulk solid","bulk tissue",,"organism : plant : plant tissue",,,,,,,,"field",,,,"South Africa",-25.7984,27.8934,"Themeda triandra",,,,"Copeland et al. (2011)",,,0.75244,,,,,,,,"WANG-0504",
"11-7z",,,,,"bulk solid","bulk tissue",,"organism : plant : plant tissue",,,,,,,,"field",,,,"South Africa",-25.7984,27.8934,"Acacia sp.",,,,"Copeland et al. (2011)",,,0.75274,,,,,,,,"WANG-0505",
"11-8",,,,,"bulk solid","bulk tissue",,"organism : plant : plant tissue",,,,,,,,"field",,,,"South Africa",-25.7984,27.8934,"Burkea africana",,,,"Copeland et al. (2011)",,,0.74976,,,,,,,,"WANG-0506",
"11-9z",,,,,"bulk solid","bulk tissue",,"organism : plant : plant tissue",,,,,,,,"field",,,,"South Africa",-25.7984,27.8934,"Rhus lancea",,,,"Copeland et al. (2011)",,,0.75114,,,,,,,,"WANG-0507",
"12-2z",,,,,"bulk solid","bulk tissue",,"organism : plant : plant tissue",,,,,,,,"field",,,,"South Africa",-25.837,27.7778,"Themeda triandra",,,,"Copeland et al. (2011)",,,0.74068,,,,,,,,"WANG-0508",
"12-6z",,,,,"bulk solid","bulk tissue",,"organism : plant : plant tissue",,,,,,,,"field",,,,"South Africa",-25.837,27.7778,"Rhus lancea",,,,"Copeland et al. (2011)",,,0.74122,,,,,,,,"WANG-0509",
"14-8z",,,,,"bulk solid","bulk tissue",,"organism : plant : plant tissue",,,,,,,,"field",,,,"South Africa",-25.8875,27.7122,"Ficus sycomorus",,,,"Copeland et al. (2011)",,,0.74083,,,,,,,,"WANG-0510",
"14-1z",,,,,"bulk solid","bulk tissue",,"organism : plant : plant tissue",,,,,,,,"field",,,,"South Africa",-25.8875,27.7122,"Themeda triandra",,,,"Copeland et al. (2011)",,,0.74295,,,,,,,,"WANG-0511",
"14-9z",,,,,"bulk solid","bulk tissue",,"organism : plant : plant tissue",,,,,,,,"field",,,,"South Africa",-25.8875,27.7122,"Acacia sp.",,,,"Copeland et al. (2011)",,,0.74673,,,,,,,,"WANG-0512",
"15-8",,,,,"bulk solid","bulk tissue",,"organism : plant : plant tissue",,,,,,,,"field",,,,"South Africa",-25.6182,27.8004,"Acacia sp.",,,,"Copeland et al. (2011)",,,0.71321,,,,,,,,"WANG-0513",
"15-4P",,,,,"bulk solid","bulk tissue",,"organism : plant : plant tissue",,,,,,,,"field",,,,"South Africa",-25.6182,27.8004,"Brachiaria nigropedata",,,,"Copeland et al. (2011)",,,0.71302,,,,,,,,"WANG-0514",
"15-4S",,,,,"bulk solid","bulk tissue",,"organism : plant : plant tissue",,,,,,,,"field",,,,"South Africa",-25.6182,27.8004,"Brachiaria nigropedata",,,,"Copeland et al. (2011)",,,0.7129,,,,,,,,"WANG-0515",
"15-2",,,,,"bulk solid","bulk tissue",,"organism : plant : plant tissue",,,,,,,,"field",,,,"South Africa",-25.6182,27.8004,"Heteropogon contortus",,,,"Copeland et al. (2011)",,,0.71326,,,,,,,,"WANG-0516",
"15-3z",,,,,"bulk solid","bulk tissue",,"organism : plant : plant tissue",,,,,,,,"field",,,,"South Africa",-25.6182,27.8004,"Themeda triandra",,,,"Copeland et al. (2011)",,,0.71416,,,,,,,,"WANG-0517",
"15-4z",,,,,"bulk solid","bulk tissue",,"organism : plant : plant tissue",,,,,,,,"field",,,,"South Africa",-25.6182,27.8004,"Themeda triandra",,,,"Copeland et al. (2011)",,,0.71359,,,,,,,,"WANG-0518",
"15-6z",,,,,"bulk solid","bulk tissue",,"organism : plant : plant tissue",,,,,,,,"field",,,,"South Africa",-25.6182,27.8004,"Acacia sp.",,,,"Copeland et al. (2011)",,,0.71282,,,,,,,,"WANG-0519",
"15-7z",,,,,"bulk solid","bulk tissue",,"organism : plant : plant tissue",,,,,,,,"field",,,,"South Africa",-25.6182,27.8004,"Eucalyptus",,,,"Copeland et al. (2011)",,,0.71233,,,,,,,,"WANG-0520",
"15-8z",,,,,"bulk solid","bulk tissue",,"organism : plant : plant tissue",,,,,,,,"field",,,,"South Africa",-25.6182,27.8004,"Eucalyptus",,,,"Copeland et al. (2011)",,,0.71255,,,,,,,,"WANG-0521",
"17-2y",,,,,"bulk solid","bulk tissue",,"organism : plant : plant tissue",,,,,,,,"field",,,,"South Africa",-25.9827,27.7924,"Hyparrhenia sp.",,,,"Copeland et al. (2011)",,,0.72837,,,,,,,,"WANG-0523",
"17-4y",,,,,"bulk solid","bulk tissue",,"organism : plant : plant tissue",,,,,,,,"field",,,,"South Africa",-25.9827,27.7924,"unspecified (forb)",,,,"Copeland et al. (2011)",,,0.72669,,,,,,,,"WANG-0524",
"17-7y",,,,,"bulk solid","bulk tissue",,"organism : plant : plant tissue",,,,,,,,"field",,,,"South Africa",-25.9827,27.7924,"Eragrostis currula",,,,"Copeland et al. (2011)",,,0.72346,,,,,,,,"WANG-0525",
"17-9y",,,,,"bulk solid","bulk tissue",,"organism : plant : plant tissue",,,,,,,,"field",,,,"South Africa",-25.9827,27.7924,"Aristida sp.",,,,"Copeland et al. (2011)",,,0.72079,,,,,,,,"WANG-0526",
"17-10y",,,,,"bulk solid","bulk tissue",,"organism : plant : plant tissue",,,,,,,,"field",,,,"South Africa",-25.9827,27.7924,"unspecified (forb)",,,,"Copeland et al. (2011)",,,0.72402,,,,,,,,"WANG-0527",
"17-12y",,,,,"bulk solid","bulk tissue",,"organism : plant : plant tissue",,,,,,,,"field",,,,"South Africa",-25.9827,27.7924,"unspecified (grass)",,,,"Copeland et al. (2011)",,,0.72999,,,,,,,,"WANG-0528",
"17-13y",,,,,"bulk solid","bulk tissue",,"organism : plant : plant tissue",,,,,,,,"field",,,,"South Africa",-25.9827,27.7924,"unspecified (shrub)",,,,"Copeland et al. (2011)",,,0.72794,,,,,,,,"WANG-0529",
"17-14y",,,,,"bulk solid","bulk tissue",,"organism : plant : plant tissue",,,,,,,,"field",,,,"South Africa",-25.9827,27.7924,"unspecified (forb)",,,,"Copeland et al. (2011)",,,0.73254,,,,,,,,"WANG-0530",
"18-8",,,,,"bulk solid","bulk tissue",,"organism : plant : plant tissue",,,,,,,,"field",,,,"South Africa",-26.1864,27.559,"Acacia mearnsii",,,,"Copeland et al. (2011)",,,0.7403,,,,,,,,"WANG-0531",
"18-1",,,,,"bulk solid","bulk tissue",,"organism : plant : plant tissue",,,,,,,,"field",,,,"South Africa",-26.1864,27.559,"Panicum maximum",,,,"Copeland et al. (2011)",,,0.73633,,,,,,,,"WANG-0532",
"18-2",,,,,"bulk solid","bulk tissue",,"organism : plant : plant tissue",,,,,,,,"field",,,,"South Africa",-26.1864,27.559,"Urelybrum agropyroides",,,,"Copeland et al. (2011)",,,0.73709,,,,,,,,"WANG-0533",
"18-3",,,,,"bulk solid","bulk tissue",,"organism : plant : plant tissue",,,,,,,,"field",,,,"South Africa",-26.1864,27.559,"Melinis repens",,,,"Copeland et al. (2011)",,,0.73717,,,,,,,,"WANG-0534",
"18-4",,,,,"bulk solid","bulk tissue",,"organism : plant : plant tissue",,,,,,,,"field",,,,"South Africa",-26.1864,27.559,"Heteropogon contortus",,,,"Copeland et al. (2011)",,,0.73806,,,,,,,,"WANG-0535",
"18-5",,,,,"bulk solid","bulk tissue",,"organism : plant : plant tissue",,,,,,,,"field",,,,"South Africa",-26.1864,27.559,"Elionurus muticus",,,,"Copeland et al. (2011)",,,0.73817,,,,,,,,"WANG-0536",
"18-6",,,,,"bulk solid","bulk tissue",,"organism : plant : plant tissue",,,,,,,,"field",,,,"South Africa",-26.1864,27.559,"Acacia mearnsii",,,,"Copeland et al. (2011)",,,0.73881,,,,,,,,"WANG-0537",
"18-7",,,,,"bulk solid","bulk tissue",,"organism : plant : plant tissue",,,,,,,,"field",,,,"South Africa",-26.1864,27.559,"Acacia mearnsii",,,,"Copeland et al. (2011)",,,0.73759,,,,,,,,"WANG-0538",
"18-10",,,,,"bulk solid","bulk tissue",,"organism : plant : plant tissue",,,,,,,,"field",,,,"South Africa",-26.1864,27.559,"Eucalyptus globulus",,,,"Copeland et al. (2011)",,,0.7357,,,,,,,,"WANG-0540",
"18-1z",,,,,"bulk solid","bulk tissue",,"organism : plant : plant tissue",,,,,,,,"field",,,,"South Africa",-26.1864,27.559,"Panicum maximum",,,,"Copeland et al. (2011)",,,0.73387,,,,,,,,"WANG-0541",
"19-7z",,,,,"bulk solid","bulk tissue",,"organism : plant : plant tissue",,,,,,,,"field",,,,"South Africa",-26.22,27.4468,"Acacia mearnsii",,,,"Copeland et al. (2011)",,,0.73596,,,,,,,,"WANG-0542",
"21-6",,,,,"bulk solid","bulk tissue",,"organism : plant : plant tissue",,,,,,,,"field",,,,"South Africa",-25.9263,27.8229,"Cussonia paniculata",,,,"Copeland et al. (2011)",,,0.73122,,,,,,,,"WANG-0543",
"21-2",,,,,"bulk solid","bulk tissue",,"organism : plant : plant tissue",,,,,,,,"field",,,,"South Africa",-25.9263,27.8229,"Cenchrus ciliaris",,,,"Copeland et al. (2011)",,,0.7302,,,,,,,,"WANG-0544",
"23-9z",,,,,"bulk solid","bulk tissue",,"organism : plant : plant tissue",,,,,,,,"field",,,,"South Africa",-25.9099,27.7796,"Orozoa sp.",,,,"Copeland et al. (2011)",,,0.72664,,,,,,,,"WANG-0545",
"23-1z",,,,,"bulk solid","bulk tissue",,"organism : plant : plant tissue",,,,,,,,"field",,,,"South Africa",-25.9099,27.7796,"Eragrostis sp.",,,,"Copeland et al. (2011)",,,0.72573,,,,,,,,"WANG-0546",
"23-2z",,,,,"bulk solid","bulk tissue",,"organism : plant : plant tissue",,,,,,,,"field",,,,"South Africa",-25.9099,27.7796,"Setaria sp.",,,,"Copeland et al. (2011)",,,0.72716,,,,,,,,"WANG-0547",
"23-3z",,,,,"bulk solid","bulk tissue",,"organism : plant : plant tissue",,,,,,,,"field",,,,"South Africa",-25.9099,27.7796,"Setaria sp.",,,,"Copeland et al. (2011)",,,0.72604,,,,,,,,"WANG-0548",
"23-4z",,,,,"bulk solid","bulk tissue",,"organism : plant : plant tissue",,,,,,,,"field",,,,"South Africa",-25.9099,27.7796,"Aristida sp.",,,,"Copeland et al. (2011)",,,0.72617,,,,,,,,"WANG-0549",
"23-5z",,,,,"bulk solid","bulk tissue",,"organism : plant : plant tissue",,,,,,,,"field",,,,"South Africa",-25.9099,27.7796,"Eragrostis sp.",,,,"Copeland et al. (2011)",,,0.72585,,,,,,,,"WANG-0550",
"23-7z",,,,,"bulk solid","bulk tissue",,"organism : plant : plant tissue",,,,,,,,"field",,,,"South Africa",-25.9099,27.7796,"Euclea crispa",,,,"Copeland et al. (2011)",,,0.72594,,,,,,,,"WANG-0552",
"23-8z",,,,,"bulk solid","bulk tissue",,"organism : plant : plant tissue",,,,,,,,"field",,,,"South Africa",-25.9099,27.7796,"Rhus pyroides",,,,"Copeland et al. (2011)",,,0.72614,,,,,,,,"WANG-0553",
"23-10z",,,,,"bulk solid","bulk tissue",,"organism : plant : plant tissue",,,,,,,,"field",,,,"South Africa",-25.9099,27.7796,"Crassula sp.",,,,"Copeland et al. (2011)",,,0.72545,,,,,,,,"WANG-0554",
"23-11z",,,,,"bulk solid","bulk tissue",,"organism : plant : plant tissue",,,,,,,,"field",,,,"South Africa",-25.9099,27.7796,"Dombeya rotundifolia",,,,"Copeland et al. (2011)",,,0.72448,,,,,,,,"WANG-0555",
"26-7",,,,,"bulk solid","bulk tissue",,"organism : plant : plant tissue",,,,,,,,"field",,,,"South Africa",-25.8956,27.7726,"Grewia monticola",,,,"Copeland et al. (2011)",,,0.7324,,,,,,,,"WANG-0556",
"27E-15z",,,,,"bulk solid","bulk tissue",,"organism : plant : plant tissue",,,,,,,,"field",,,,"South Africa",-25.8925,27.7661,"Euclea sp.",,,,"Copeland et al. (2011)",,,0.72963,,,,,,,,"WANG-0557",
"27A-1z",,,,,"bulk solid","bulk tissue",,"organism : plant : plant tissue",,,,,,,,"field",,,,"South Africa",-25.8925,27.7661,"Cyperaceae",,,,"Copeland et al. (2011)",,,0.73,,,,,,,,"WANG-0558",
"27A-2z",,,,,"bulk solid","bulk tissue",,"organism : plant : plant tissue",,,,,,,,"field",,,,"South Africa",-25.8925,27.7661,"Euclea crispa",,,,"Copeland et al. (2011)",,,0.73034,,,,,,,,"WANG-0559",
"27A-3z",,,,,"bulk solid","bulk tissue",,"organism : plant : plant tissue",,,,,,,,"field",,,,"South Africa",-25.8925,27.7661,"herbaceous shrub",,,,"Copeland et al. (2011)",,,0.72803,,,,,,,,"WANG-0560",
"27B-4z",,,,,"bulk solid","bulk tissue",,"organism : plant : plant tissue",,,,,,,,"field",,,,"South Africa",-25.8925,27.7661,"Themeda triandra",,,,"Copeland et al. (2011)",,,0.72832,,,,,,,,"WANG-0561",
"27B-5z",,,,,"bulk solid","bulk tissue",,"organism : plant : plant tissue",,,,,,,,"field",,,,"South Africa",-25.8925,27.7661,"Cyperus sp.",,,,"Copeland et al. (2011)",,,0.72742,,,,,,,,"WANG-0562",
"27B-6z",,,,,"bulk solid","bulk tissue",,"organism : plant : plant tissue",,,,,,,,"field",,,,"South Africa",-25.8925,27.7661,"Rhus lancea",,,,"Copeland et al. (2011)",,,0.72718,,,,,,,,"WANG-0563",
"27C-7z",,,,,"bulk solid","bulk tissue",,"organism : plant : plant tissue",,,,,,,,"field",,,,"South Africa",-25.8925,27.7661,"unspecified (grass)",,,,"Copeland et al. (2011)",,,0.72945,,,,,,,,"WANG-0564",
"27C-8z",,,,,"bulk solid","bulk tissue",,"organism : plant : plant tissue",,,,,,,,"field",,,,"South Africa",-25.8925,27.7661,"Pseudolacnostylis maprouneifolia",,,,"Copeland et al. (2011)",,,0.73007,,,,,,,,"WANG-0565",
"27C-9z",,,,,"bulk solid","bulk tissue",,"organism : plant : plant tissue",,,,,,,,"field",,,,"South Africa",-25.8925,27.7661,"Ochna serrulata",,,,"Copeland et al. (2011)",,,0.73188,,,,,,,,"WANG-0566",
"27D-10z",,,,,"bulk solid","bulk tissue",,"organism : plant : plant tissue",,,,,,,,"field",,,,"South Africa",-25.8925,27.7661,"unspecified (grass)",,,,"Copeland et al. (2011)",,,0.72933,,,,,,,,"WANG-0567",
"27D-11z",,,,,"bulk solid","bulk tissue",,"organism : plant : plant tissue",,,,,,,,"field",,,,"South Africa",-25.8925,27.7661,"unspecified (thorny, woody forb)",,,,"Copeland et al. (2011)",,,0.72983,,,,,,,,"WANG-0568",
"27D-12z",,,,,"bulk solid","bulk tissue",,"organism : plant : plant tissue",,,,,,,,"field",,,,"South Africa",-25.8925,27.7661,"Dombeya rotundifolia",,,,"Copeland et al. (2011)",,,0.73048,,,,,,,,"WANG-0569",
"27E-13z",,,,,"bulk solid","bulk tissue",,"organism : plant : plant tissue",,,,,,,,"field",,,,"South Africa",-25.8925,27.7661,"unspecified (grass)",,,,"Copeland et al. (2011)",,,0.72641,,,,,,,,"WANG-0570",
"27E-14z",,,,,"bulk solid","bulk tissue",,"organism : plant : plant tissue",,,,,,,,"field",,,,"South Africa",-25.8925,27.7661,"Dombeya sp.",,,,"Copeland et al. (2011)",,,0.72702,,,,,,,,"WANG-0571",
"31-6",,,,,"bulk solid","bulk tissue",,"organism : plant : plant tissue",,,,,,,,"field",,,,"South Africa",-25.8855,27.7694,"Ozoroa sp.",,,,"Copeland et al. (2011)",,,0.75692,,,,,,,,"WANG-0572",
"31-4",,,,,"bulk solid","bulk tissue",,"organism : plant : plant tissue",,,,,,,,"field",,,,"South Africa",-25.8855,27.7694,"Heteropogon contortus",,,,"Copeland et al. (2011)",,,0.75247,,,,,,,,"WANG-0573",
"31-2z",,,,,"bulk solid","bulk tissue",,"organism : plant : plant tissue",,,,,,,,"field",,,,"South Africa",-25.8855,27.7694,"Heteropogon contortus",,,,"Copeland et al. (2011)",,,0.75564,,,,,,,,"WANG-0574",
"31-6z",,,,,"bulk solid","bulk tissue",,"organism : plant : plant tissue",,,,,,,,"field",,,,"South Africa",-25.8855,27.7694,"Euclea crispa",,,,"Copeland et al. (2011)",,,0.75807,,,,,,,,"WANG-0575",
"31-8z",,,,,"bulk solid","bulk tissue",,"organism : plant : plant tissue",,,,,,,,"field",,,,"South Africa",-25.8855,27.7694,"Orozoa sp.",,,,"Copeland et al. (2011)",,,0.75485,,,,,,,,"WANG-0576",
"32-7z",,,,,"bulk solid","bulk tissue",,"organism : plant : plant tissue",,,,,,,,"field",,,,"South Africa",-25.8855,27.7694,"Ficus thonningii",,,,"Copeland et al. (2011)",,,0.72507,,,,,,,,"WANG-0577",
"34-8",,,,,"bulk solid","bulk tissue",,"organism : plant : plant tissue",,,,,,,,"field",,,,"South Africa",-25.9073,27.7996,"Rhus pyroides",,,,"Copeland et al. (2011)",,,0.73393,,,,,,,,"WANG-0578",
"37-10z",,,,,"bulk solid","bulk tissue",,"organism : plant : plant tissue",,,,,,,,"field",,,,"South Africa",-25.985,27.8316,"Acacia sp.",,,,"Copeland et al. (2011)",,,0.75164,,,,,,,,"WANG-0579",
"37-1z",,,,,"bulk solid","bulk tissue",,"organism : plant : plant tissue",,,,,,,,"field",,,,"South Africa",-25.985,27.8316,"Themeda triandra",,,,"Copeland et al. (2011)",,,0.75035,,,,,,,,"WANG-0580",
"37-9z",,,,,"bulk solid","bulk tissue",,"organism : plant : plant tissue",,,,,,,,"field",,,,"South Africa",-25.985,27.8316,"Pterocarpus rotundifolia",,,,"Copeland et al. (2011)",,,0.74893,,,,,,,,"WANG-0581",
"37-4z",,,,,"bulk solid","bulk tissue",,"organism : plant : plant tissue",,,,,,,,"field",,,,"South Africa",-25.985,27.8316,"Eragrostis cianensis",,,,"Copeland et al. (2011)",,,0.74615,,,,,,,,"WANG-0582",
"37-6z",,,,,"bulk solid","bulk tissue",,"organism : plant : plant tissue",,,,,,,,"field",,,,"South Africa",-25.985,27.8316,"Cussonia paniculata",,,,"Copeland et al. (2011)",,,0.75079,,,,,,,,"WANG-0583",
"38-6z",,,,,"bulk solid","bulk tissue",,"organism : plant : plant tissue",,,,,,,,"field",,,,"South Africa",-25.9794,27.8223,"Rhus pyroides",,,,"Copeland et al. (2011)",,,0.75858,,,,,,,,"WANG-0584",
"38-1z",,,,,"bulk solid","bulk tissue",,"organism : plant : plant tissue",,,,,,,,"field",,,,"South Africa",-25.9794,27.8223,"Aristida sp.",,,,"Copeland et al. (2011)",,,0.77375,,,,,,,,"WANG-0585",
"38-7z",,,,,"bulk solid","bulk tissue",,"organism : plant : plant tissue",,,,,,,,"field",,,,"South Africa",-25.9794,27.8223,"Rhus lancea",,,,"Copeland et al. (2011)",,,0.7609,,,,,,,,"WANG-0586",
"38-3z",,,,,"bulk solid","bulk tissue",,"organism : plant : plant tissue",,,,,,,,"field",,,,"South Africa",-25.9794,27.8223,"Heteropogon contortus",,,,"Copeland et al. (2011)",,,0.7498,,,,,,,,"WANG-0587",
"38-4z",,,,,"bulk solid","bulk tissue",,"organism : plant : plant tissue",,,,,,,,"field",,,,"South Africa",-25.9794,27.8223,"Trachypogon spicatus",,,,"Copeland et al. (2011)",,,0.74466,,,,,,,,"WANG-0588",
"39-2",,,,,"bulk solid","bulk tissue",,"organism : plant : plant tissue",,,,,,,,"field",,,,"South Africa",-26.0298,27.7181,"Celtis africana",,,,"Copeland et al. (2011)",,,0.72607,,,,,,,,"WANG-0589",
"39-4",,,,,"bulk solid","bulk tissue",,"organism : plant : plant tissue",,,,,,,,"field",,,,"South Africa",-26.0298,27.7181,"unspecified (forb)",,,,"Copeland et al. (2011)",,,0.72615,,,,,,,,"WANG-0590",
"41-1",,,,,"bulk solid","bulk tissue",,"organism : plant : plant tissue",,,,,,,,"field",,,,"South Africa",-25.915,27.9398,"Melinis repens",,,,"Copeland et al. (2011)",,,0.72926,,,,,,,,"WANG-0591",
"41-3",,,,,"bulk solid","bulk tissue",,"organism : plant : plant tissue",,,,,,,,"field",,,,"South Africa",-25.915,27.9398,"Panicum maximum",,,,"Copeland et al. (2011)",,,0.72752,,,,,,,,"WANG-0592",
"41-9",,,,,"bulk solid","bulk tissue",,"organism : plant : plant tissue",,,,,,,,"field",,,,"South Africa",-25.915,27.9398,"Boschia sp.",,,,"Copeland et al. (2011)",,,0.72383,,,,,,,,"WANG-0593",
"42-8",,,,,"bulk solid","bulk tissue",,"organism : plant : plant tissue",,,,,,,,"field",,,,"South Africa",-25.8665,27.4434,"Eragrostis sp.",,,,"Copeland et al. (2011)",,,0.73555,,,,,,,,"WANG-0594",
"42-11",,,,,"bulk solid","bulk tissue",,"organism : plant : plant tissue",,,,,,,,"field",,,,"South Africa",-25.8665,27.4434,"Rhus sp.",,,,"Copeland et al. (2011)",,,0.73328,,,,,,,,"WANG-0595",
"42-1",,,,,"bulk solid","bulk tissue",,"organism : plant : plant tissue",,,,,,,,"field",,,,"South Africa",-25.8665,27.4434,"Melinis repens",,,,"Copeland et al. (2011)",,,0.73539,,,,,,,,"WANG-0596",
"42-10",,,,,"bulk solid","bulk tissue",,"organism : plant : plant tissue",,,,,,,,"field",,,,"South Africa",-25.8665,27.4434,"Rhus pyroides",,,,"Copeland et al. (2011)",,,0.73504,,,,,,,,"WANG-0597",
"43-3",,,,,"bulk solid","bulk tissue",,"organism : plant : plant tissue",,,,,,,,"field",,,,"South Africa",-25.8677,27.4452,"Euclea crispa",,,,"Copeland et al. (2011)",,,0.73568,,,,,,,,"WANG-0598",
"43-4",,,,,"bulk solid","bulk tissue",,"organism : plant : plant tissue",,,,,,,,"field",,,,"South Africa",-25.8677,27.4452,"Rhus lancea",,,,"Copeland et al. (2011)",,,0.74252,,,,,,,,"WANG-0599",
"43-1",,,,,"bulk solid","bulk tissue",,"organism : plant : plant tissue",,,,,,,,"field",,,,"South Africa",-25.8677,27.4452,"Setaria sp.",,,,"Copeland et al. (2011)",,,0.7378,,,,,,,,"WANG-0600",
"43-2",,,,,"bulk solid","bulk tissue",,"organism : plant : plant tissue",,,,,,,,"field",,,,"South Africa",-25.8677,27.4452,"Setaria sp.",,,,"Copeland et al. (2011)",,,0.73798,,,,,,,,"WANG-0601",
"44-3",,,,,"bulk solid","bulk tissue",,"organism : plant : plant tissue",,,,,,,,"field",,,,"South Africa",-25.8708,27.4433,"Rhus sp.",,,,"Copeland et al. (2011)",,,0.73768,,,,,,,,"WANG-0602",
"44-2",,,,,"bulk solid","bulk tissue",,"organism : plant : plant tissue",,,,,,,,"field",,,,"South Africa",-25.8708,27.4433,"Themeda triandra",,,,"Copeland et al. (2011)",,,0.7462,,,,,,,,"WANG-0603",
"45-2",,,,,"bulk solid","bulk tissue",,"organism : plant : plant tissue",,,,,,,,"field",,,,"South Africa",-25.9702,27.5383,"unspecified (grass)",,,,"Copeland et al. (2011)",,,0.72507,,,,,,,,"WANG-0604",
"45-7",,,,,"bulk solid","bulk tissue",,"organism : plant : plant tissue",,,,,,,,"field",,,,"South Africa",-25.9702,27.5383,"Orozoa sp.",,,,"Copeland et al. (2011)",,,0.72802,,,,,,,,"WANG-0605",
"45-1",,,,,"bulk solid","bulk tissue",,"organism : plant : plant tissue",,,,,,,,"field",,,,"South Africa",-25.9702,27.5383,"Aristida sp.",,,,"Copeland et al. (2011)",,,0.72593,,,,,,,,"WANG-0606",
"45-8",,,,,"bulk solid","bulk tissue",,"organism : plant : plant tissue",,,,,,,,"field",,,,"South Africa",-25.9702,27.5383,"Orozoa sp.",,,,"Copeland et al. (2011)",,,0.72748,,,,,,,,"WANG-0607",
"46-2",,,,,"bulk solid","bulk tissue",,"organism : plant : plant tissue",,,,,,,,"field",,,,"South Africa",-25.8809,27.72,"Themeda triandra",,,,"Copeland et al. (2011)",,,0.75414,,,,,,,,"WANG-0608",
"46-7",,,,,"bulk solid","bulk tissue",,"organism : plant : plant tissue",,,,,,,,"field",,,,"South Africa",-25.8809,27.72,"Euclea crispa",,,,"Copeland et al. (2011)",,,0.75058,,,,,,,,"WANG-0609",
"46-1",,,,,"bulk solid","bulk tissue",,"organism : plant : plant tissue",,,,,,,,"field",,,,"South Africa",-25.8809,27.72,"Heteropogon contortus",,,,"Copeland et al. (2011)",,,0.74994,,,,,,,,"WANG-0610",
"46-6",,,,,"bulk solid","bulk tissue",,"organism : plant : plant tissue",,,,,,,,"field",,,,"South Africa",-25.8809,27.72,"unspecified (forb)",,,,"Copeland et al. (2011)",,,0.75329,,,,,,,,"WANG-0611",
"47-2",,,,,"bulk solid","bulk tissue",,"organism : plant : plant tissue",,,,,,,,"field",,,,"South Africa",-25.9288,27.8319,"Themeda triandra",,,,"Copeland et al. (2011)",,,0.73489,,,,,,,,"WANG-0612",
"47-5",,,,,"bulk solid","bulk tissue",,"organism : plant : plant tissue",,,,,,,,"field",,,,"South Africa",-25.9288,27.8319,"Rhus lancea",,,,"Copeland et al. (2011)",,,0.73648,,,,,,,,"WANG-0613",
"48-1",,,,,"bulk solid","bulk tissue",,"organism : plant : plant tissue",,,,,,,,"field",,,,"South Africa",-26.0645,27.8067,"Melinis repens",,,,"Copeland et al. (2011)",,,0.73538,,,,,,,,"WANG-0614",
"48-4",,,,,"bulk solid","bulk tissue",,"organism : plant : plant tissue",,,,,,,,"field",,,,"South Africa",-26.0645,27.8067,"Protea sp.",,,,"Copeland et al. (2011)",,,0.73904,,,,,,,,"WANG-0615",
"49-1",,,,,"bulk solid","bulk tissue",,"organism : plant : plant tissue",,,,,,,,"field",,,,"South Africa",-26.0649,27.8064,"Themeda triandra",,,,"Copeland et al. (2011)",,,0.73234,,,,,,,,"WANG-0616",
"49-4",,,,,"bulk solid","bulk tissue",,"organism : plant : plant tissue",,,,,,,,"field",,,,"South Africa",-26.0649,27.8064,"Protea sp.",,,,"Copeland et al. (2011)",,,0.73688,,,,,,,,"WANG-0617",
"50-11",,,,,"bulk solid","bulk tissue",,"organism : plant : plant tissue",,,,,,,,"field",,,,"South Africa",-25.9,27.7974,"unspecified (grass)",,,,"Copeland et al. (2011)",,,0.72714,,,,,,,,"WANG-0618",
"50-12",,,,,"bulk solid","bulk tissue",,"organism : plant : plant tissue",,,,,,,,"field",,,,"South Africa",-25.9,27.7974,"unspecified (grass)",,,,"Copeland et al. (2011)",,,0.72779,,,,,,,,"WANG-0619",
"50-13",,,,,"bulk solid","bulk tissue",,"organism : plant : plant tissue",,,,,,,,"field",,,,"South Africa",-25.9,27.7974,"unspecified (shrub)",,,,"Copeland et al. (2011)",,,0.72841,,,,,,,,"WANG-0620",
"50-14",,,,,"bulk solid","bulk tissue",,"organism : plant : plant tissue",,,,,,,,"field",,,,"South Africa",-25.9,27.7974,"unspecified (grass)",,,,"Copeland et al. (2011)",,,0.72746,,,,,,,,"WANG-0621",
"50-15",,,,,"bulk solid","bulk tissue",,"organism : plant : plant tissue",,,,,,,,"field",,,,"South Africa",-25.9,27.7974,"unspecified (shrub)",,,,"Copeland et al. (2011)",,,0.72731,,,,,,,,"WANG-0622",
"50-1",,,,,"bulk solid","bulk tissue",,"organism : plant : plant tissue",,,,,,,,"field",,,,"South Africa",-25.9,27.7974,"unspecified (tree)",,,,"Copeland et al. (2011)",,,0.72646,,,,,,,,"WANG-0623",
"50-2",,,,,"bulk solid","bulk tissue",,"organism : plant : plant tissue",,,,,,,,"field",,,,"South Africa",-25.9,27.7974,"unspecified (grass)",,,,"Copeland et al. (2011)",,,0.72495,,,,,,,,"WANG-0624",
"50-7",,,,,"bulk solid","bulk tissue",,"organism : plant : plant tissue",,,,,,,,"field",,,,"South Africa",-25.9,27.7974,"unspecified (forb)",,,,"Copeland et al. (2011)",,,0.72897,,,,,,,,"WANG-0626",
"50-9",,,,,"bulk solid","bulk tissue",,"organism : plant : plant tissue",,,,,,,,"field",,,,"South Africa",-25.9,27.7974,"unspecified (grass)",,,,"Copeland et al. (2011)",,,0.72644,,,,,,,,"WANG-0627",
"50-1y",,,,,"bulk solid","bulk tissue",,"organism : plant : plant tissue",,,,,,,,"field",,,,"South Africa",-25.9,27.7974,"unspecified (shrub)",,,,"Copeland et al. (2011)",,,0.72539,,,,,,,,"WANG-0628",
"50-2y",,,,,"bulk solid","bulk tissue",,"organism : plant : plant tissue",,,,,,,,"field",,,,"South Africa",-25.9,27.7974,"unspecified (grass)",,,,"Copeland et al. (2011)",,,0.72554,,,,,,,,"WANG-0629",
"50-3y",,,,,"bulk solid","bulk tissue",,"organism : plant : plant tissue",,,,,,,,"field",,,,"South Africa",-25.9,27.7974,"unspecified",,,,"Copeland et al. (2011)",,,0.72519,,,,,,,,"WANG-0630",
"50-5y",,,,,"bulk solid","bulk tissue",,"organism : plant : plant tissue",,,,,,,,"field",,,,"South Africa",-25.9,27.7974,"unspecified",,,,"Copeland et al. (2011)",,,0.72482,,,,,,,,"WANG-0631",
"H4-1",,,,,"bulk solid","bulk tissue",,"organism : plant : plant tissue",,,,,,,,"field",,,,"South Africa",-31.5649,25.9649,"unspecified",,,,"Copeland et al. (2023)",,,0.71623,,,,,,,,"WANG-0640",
"H7-1",,,,,"bulk solid","bulk tissue",,"organism : plant : plant tissue",,,,,,,,"field",,,,"South Africa",-31.4708,26.133,"unspecified",,,,"Copeland et al. (2023)",,,0.71652,,,,,,,,"WANG-0648",
"H8-1",,,,,"bulk solid","bulk tissue",,"organism : plant : plant tissue",,,,,,,,"field",,,,"South Africa",-32.1335,25.6303,"unspecified",,,,"Copeland et al. (2023)",,,0.71302,,,,,,,,"WANG-0649",
"H9-2",,,,,"bulk solid","bulk tissue",,"organism : plant : plant tissue",,,,,,,,"field",,,,"South Africa",-31.558,25.943,"unspecified",,,,"Copeland et al. (2023)",,,0.71521,,,,,,,,"WANG-0653",
"H18-1",,,,,"bulk solid","bulk tissue",,"organism : plant : plant tissue",,,,,,,,"field",,,,"South Africa",-31.9922,25.6744,"unspecified",,,,"Copeland et al. (2023)",,,0.71493,,,,,,,,"WANG-0676",
"EMK L16-100A",,,,,"bulk solid","bulk tissue",,"organism : animal : animal tissue : shell",,,,,,,,"field",,,,"South Africa",-28.2657182025302,30.9151652303084,"Thukela agate snail",,,,"Fowler et al. (2020)",,,0.7759,,,,,,,,"WANG-0682",
"EMK L16-100C",,,,,"bulk solid","bulk tissue",,"organism : animal : animal tissue : shell",,,,,,,,"field",,,,"South Africa",-28.2657182025302,30.9151652303084,"Thukela agate snail",,,,"Fowler et al. (2020)",,,0.781,,,,,,,,"WANG-0683",
"EMK L16-100D",,,,,"bulk solid","bulk tissue",,"organism : animal : animal tissue : shell",,,,,,,,"field",,,,"South Africa",-28.2657182025302,30.9151652303084,"Thukela agate snail",,,,"Fowler et al. (2020)",,,0.7795,,,,,,,,"WANG-0684",
"EMK L16-100E",,,,,"bulk solid","bulk tissue",,"organism : animal : animal tissue : shell",,,,,,,,"field",,,,"South Africa",-28.2657182025302,30.9151652303084,"Thukela agate snail",,,,"Fowler et al. (2020)",,,0.772,,,,,,,,"WANG-0685",
"EMK L16-104A",,,,,"bulk solid","bulk tissue",,"organism : animal : animal tissue : shell",,,,,,,,"field",,,,"South Africa",-28.2657182025302,30.9151652303084,"Thukela agate snail",,,,"Fowler et al. (2020)",,,0.7843,,,,,,,,"WANG-0686",
"EMK L16-107A",,,,,"bulk solid","bulk tissue",,"organism : animal : animal tissue : shell",,,,,,,,"field",,,,"South Africa",-28.3766474107559,31.3882615585213,"Metachatina kraussi",,,,"Fowler et al. (2020)",,,0.7322,,,,,,,,"WANG-0687",
"EMK L16-107B",,,,,"bulk solid","bulk tissue",,"organism : animal : animal tissue : shell",,,,,,,,"field",,,,"South Africa",-28.3766474107559,31.3882615585213,"Metachatina kraussi",,,,"Fowler et al. (2020)",,,0.729,,,,,,,,"WANG-0688",
"EMK L16-109A",,,,,"bulk solid","bulk tissue",,"organism : animal : animal tissue : shell",,,,,,,,"field",,,,"South Africa",-28.403969734916,31.3790789562281,"Metachatina kraussi",,,,"Fowler et al. (2020)",,,0.7242,,,,,,,,"WANG-0689",
"EMK L16-110A",,,,,"bulk solid","bulk tissue",,"organism : animal : animal tissue : shell",,,,,,,,"field",,,,"South Africa",-28.403969734916,31.3790789562281,"Metachatina kraussi",,,,"Fowler et al. (2020)",,,0.7308,,,,,,,,"WANG-0690",
"EMK L16-110B",,,,,"bulk solid","bulk tissue",,"organism : animal : animal tissue : shell",,,,,,,,"field",,,,"South Africa",-28.403969734916,31.3790789562281,"Metachatina kraussi",,,,"Fowler et al. (2020)",,,0.7254,,,,,,,,"WANG-0691",
"EMK L16-110C",,,,,"bulk solid","bulk tissue",,"organism : animal : animal tissue : shell",,,,,,,,"field",,,,"South Africa",-28.403969734916,31.3790789562281,"Tropidophora ligata",,,,"Fowler et al. (2020)",,,0.7246,,,,,,,,"WANG-0692",
"EMK L16-110E",,,,,"bulk solid","bulk tissue",,"organism : animal : animal tissue : shell",,,,,,,,"field",,,,"South Africa",-28.403969734916,31.3790789562281,"Metachatina kraussi",,,,"Fowler et al. (2020)",,,0.7282,,,,,,,,"WANG-0693",
"EMK L16-112A",,,,,"bulk solid","bulk tissue",,"organism : animal : animal tissue : shell",,,,,,,,"field",,,,"South Africa",-28.3994783115395,31.3833581461529,"Metachatina kraussi",,,,"Fowler et al. (2020)",,,0.7331,,,,,,,,"WANG-0695",
"EMK L16-113A",,,,,"bulk solid","bulk tissue",,"organism : animal : animal tissue : shell",,,,,,,,"field",,,,"South Africa",-28.408995261545,31.3884616692121,"Metachatina kraussi",,,,"Fowler et al. (2020)",,,0.7318,,,,,,,,"WANG-0696",
"EMK L16-113B",,,,,"bulk solid","bulk tissue",,"organism : animal : animal tissue : shell",,,,,,,,"field",,,,"South Africa",-28.408995261545,31.3884616692121,"Metachatina kraussi",,,,"Fowler et al. (2020)",,,0.7371,,,,,,,,"WANG-0697",
"EMK L16-115A",,,,,"bulk solid","bulk tissue",,"organism : animal : animal tissue : shell",,,,,,,,"field",,,,"South Africa",-28.3927778486689,31.429274086301,"Metachatina kraussi",,,,"Fowler et al. (2020)",,,0.7504,,,,,,,,"WANG-0698",
"EMK L16-115B",,,,,"bulk solid","bulk tissue",,"organism : animal : animal tissue : shell",,,,,,,,"field",,,,"South Africa",-28.3927778486689,31.429274086301,"Metachatina kraussi",,,,"Fowler et al. (2020)",,,0.7451,,,,,,,,"WANG-0699",
"EMK L16-115C",,,,,"bulk solid","bulk tissue",,"organism : animal : animal tissue : shell",,,,,,,,"field",,,,"South Africa",-28.3927778486689,31.429274086301,"Metachatina kraussi",,,,"Fowler et al. (2020)",,,0.7454,,,,,,,,"WANG-0700",
"EMK L16-115E",,,,,"bulk solid","bulk tissue",,"organism : animal : animal tissue : shell",,,,,,,,"field",,,,"South Africa",-28.3927778486689,31.429274086301,"Tropidophora ligata",,,,"Fowler et al. (2020)",,,0.7383,,,,,,,,"WANG-0702",
"EMK L16-115F",,,,,"bulk solid","bulk tissue",,"organism : animal : animal tissue : shell",,,,,,,,"field",,,,"South Africa",-28.3927778486689,31.429274086301,"Metachatina kraussi",,,,"Fowler et al. (2020)",,,0.7511,,,,,,,,"WANG-0703",
"EMK L16-115H",,,,,"bulk solid","bulk tissue",,"organism : animal : animal tissue : shell",,,,,,,,"field",,,,"South Africa",-28.3927778486689,31.429274086301,"Tropidophora ligata",,,,"Fowler et al. (2020)",,,0.754,,,,,,,,"WANG-0704",
"EMK L16-116A",,,,,"bulk solid","bulk tissue",,"organism : animal : animal tissue : shell",,,,,,,,"field",,,,"South Africa",-28.3902106140464,31.4445519482162,"Metachatina kraussi",,,,"Fowler et al. (2020)",,,0.7312,,,,,,,,"WANG-0705",
"EMK L16-117A",,,,,"bulk solid","bulk tissue",,"organism : animal : animal tissue : shell",,,,,,,,"field",,,,"South Africa",-28.3861331136255,31.4442086254765,"Achatina immaculata",,,,"Fowler et al. (2020)",,,0.7274,,,,,,,,"WANG-0706",
"EMK L16-118A",,,,,"bulk solid","bulk tissue",,"organism : animal : animal tissue : shell",,,,,,,,"field",,,,"South Africa",-28.2832426666385,31.20383637531,"Achatina immaculata",,,,"Fowler et al. (2020)",,,0.7282,,,,,,,,"WANG-0707",
"EMK L16-118B",,,,,"bulk solid","bulk tissue",,"organism : animal : animal tissue : shell",,,,,,,,"field",,,,"South Africa",-28.2832426666385,31.20383637531,"Achatina immaculata",,,,"Fowler et al. (2020)",,,0.7318,,,,,,,,"WANG-0708",
"EMK L16-119B",,,,,"bulk solid","bulk tissue",,"organism : animal : animal tissue : shell",,,,,,,,"field",,,,"South Africa",-28.2844520017512,31.1918200794224,"Achatina immaculata",,,,"Fowler et al. (2020)",,,0.7287,,,,,,,,"WANG-0709",
"EMK L16-119C",,,,,"bulk solid","bulk tissue",,"organism : animal : animal tissue : shell",,,,,,,,"field",,,,"South Africa",-28.2844520017512,31.1918200794224,"Agate snail",,,,"Fowler et al. (2020)",,,0.7295,,,,,,,,"WANG-0710",
"EMK L16-119D",,,,,"bulk solid","bulk tissue",,"organism : animal : animal tissue : shell",,,,,,,,"field",,,,"South Africa",-28.2844520017512,31.1918200794224,"Achatina immaculata",,,,"Fowler et al. (2020)",,,0.7302,,,,,,,,"WANG-0711",
"EMK L16-120A",,,,,"bulk solid","bulk tissue",,"organism : animal : animal tissue : shell",,,,,,,,"field",,,,"South Africa",-28.2732651279373,31.2000598251739,"Achatina immaculata",,,,"Fowler et al. (2020)",,,0.7323,,,,,,,,"WANG-0712",
"EMK L16-122B",,,,,"bulk solid","bulk tissue",,"organism : animal : animal tissue : shell",,,,,,,,"field",,,,"South Africa",-28.4634464327457,31.105062328768,"Cochlitoma granulata",,,,"Fowler et al. (2020)",,,0.7273,,,,,,,,"WANG-0713",
"EMK L16-123A",,,,,"bulk solid","bulk tissue",,"organism : animal : animal tissue : shell",,,,,,,,"field",,,,"South Africa",-28.4932347583928,31.2275274132973,"Metachatina kraussi",,,,"Fowler et al. (2020)",,,0.7222,,,,,,,,"WANG-0714",
"EMK L16-123B",,,,,"bulk solid","bulk tissue",,"organism : animal : animal tissue : shell",,,,,,,,"field",,,,"South Africa",-28.4932347583928,31.2275274132973,"Cochlitoma granulata",,,,"Fowler et al. (2020)",,,0.7265,,,,,,,,"WANG-0715",
"EMK L16-126A",,,,,"bulk solid","bulk tissue",,"organism : animal : animal tissue : shell",,,,,,,,"field",,,,"South Africa",-28.4524927777244,31.2632810634531,"Tropidophora ligata",,,,"Fowler et al. (2020)",,,0.7255,,,,,,,,"WANG-0719",
"EMK L16-126B",,,,,"bulk solid","bulk tissue",,"organism : animal : animal tissue : shell",,,,,,,,"field",,,,"South Africa",-28.4524927777244,31.2632810634531,"Tropidophora ligata",,,,"Fowler et al. (2020)",,,0.7284,,,,,,,,"WANG-0720",
"EMK L16-126C",,,,,"bulk solid","bulk tissue",,"organism : animal : animal tissue : shell",,,,,,,,"field",,,,"South Africa",-28.4524927777244,31.2632810634531,"Tropidophora ligata",,,,"Fowler et al. (2020)",,,0.7279,,,,,,,,"WANG-0721",
"EMK L16-126D",,,,,"bulk solid","bulk tissue",,"organism : animal : animal tissue : shell",,,,,,,,"field",,,,"South Africa",-28.4524927777244,31.2632810634531,"Tropidophora ligata",,,,"Fowler et al. (2020)",,,0.7274,,,,,,,,"WANG-0722",
"EMK L16-126E",,,,,"bulk solid","bulk tissue",,"organism : animal : animal tissue : shell",,,,,,,,"field",,,,"South Africa",-28.4524927777244,31.2632810634531,"Conical bark snail",,,,"Fowler et al. (2020)",,,0.7256,,,,,,,,"WANG-0723",
"EMK L16-126F",,,,,"bulk solid","bulk tissue",,"organism : animal : animal tissue : shell",,,,,,,,"field",,,,"South Africa",-28.4524927777244,31.2632810634531,"Tropidophora ligata",,,,"Fowler et al. (2020)",,,0.7259,,,,,,,,"WANG-0724",
"EMK L16-126G",,,,,"bulk solid","bulk tissue",,"organism : animal : animal tissue : shell",,,,,,,,"field",,,,"South Africa",-28.4524927777244,31.2632810634531,"Tropidophora ligata",,,,"Fowler et al. (2020)",,,0.7297,,,,,,,,"WANG-0725",
"EMK L16-127B",,,,,"bulk solid","bulk tissue",,"organism : animal : animal tissue : shell",,,,,,,,"field",,,,"South Africa",-28.4470002075797,31.2611570884032,"Tropidophora ligata",,,,"Fowler et al. (2020)",,,0.7269,,,,,,,,"WANG-0726",
"EMK L16-127C",,,,,"bulk solid","bulk tissue",,"organism : animal : animal tissue : shell",,,,,,,,"field",,,,"South Africa",-28.4470002075797,31.2611570884032,"Metachatina kraussi",,,,"Fowler et al. (2020)",,,0.7247,,,,,,,,"WANG-0727",
"EMK L16-128A",,,,,"bulk solid","bulk tissue",,"organism : animal : animal tissue : shell",,,,,,,,"field",,,,"South Africa",-28.4264554669461,31.2650302193765,"Metachatina kraussi",,,,"Fowler et al. (2020)",,,0.7279,,,,,,,,"WANG-0729",
"EMK L16-128B",,,,,"bulk solid","bulk tissue",,"organism : animal : animal tissue : shell",,,,,,,,"field",,,,"South Africa",-28.4264554669461,31.2650302193765,"Metachatina kraussi",,,,"Fowler et al. (2020)",,,0.7308,,,,,,,,"WANG-0730",
"EMK L16-129A",,,,,"bulk solid","bulk tissue",,"organism : animal : animal tissue : shell",,,,,,,,"field",,,,"South Africa",-28.4264554669461,31.2650302193765,"Achatina immaculata",,,,"Fowler et al. (2020)",,,0.7263,,,,,,,,"WANG-0732",
"EMK L16-132A",,,,,"bulk solid","bulk tissue",,"organism : animal : animal tissue : shell",,,,,,,,"field",,,,"South Africa",-28.4291575099144,31.2020064004449,"Tropidophora ligata",,,,"Fowler et al. (2020)",,,0.726,,,,,,,,"WANG-0734",
"EMK L16-132C",,,,,"bulk solid","bulk tissue",,"organism : animal : animal tissue",,,,,,,,"field",,,,"South Africa",-28.4291575099144,31.2020064004449,"Stigmochelys pardalis",,,,"Fowler et al. (2020)",,,0.729308,,,,,,,,"WANG-0735",
"EMK L16-133B",,,,,"bulk solid","bulk tissue",,"organism : animal : animal tissue : shell",,,,,,,,"field",,,,"South Africa",-28.4270653131943,31.2009250015933,"Achatina immaculata",,,,"Fowler et al. (2020)",,,0.73,,,,,,,,"WANG-0736",
"EMK L16-134A",,,,,"bulk solid","bulk tissue",,"organism : animal : animal tissue : shell",,,,,,,,"field",,,,"South Africa",-28.4696618900583,31.1875156558337,"Thukela agate snail",,,,"Fowler et al. (2020)",,,0.7214,,,,,,,,"WANG-0737",
"EMK L16-134D",,,,,"bulk solid","bulk tissue",,"organism : animal : animal tissue : shell",,,,,,,,"field",,,,"South Africa",-28.4696618900583,31.1875156558337,"Thukela agate snail",,,,"Fowler et al. (2020)",,,0.729,,,,,,,,"WANG-0738",
"EMK L16-134E",,,,,"bulk solid","bulk tissue",,"organism : animal : animal tissue : shell",,,,,,,,"field",,,,"South Africa",-28.4696618900583,31.1875156558337,"Thukela agate snail",,,,"Fowler et al. (2020)",,,0.7283,,,,,,,,"WANG-0739",
"EMK L16-134F",,,,,"bulk solid","bulk tissue",,"organism : animal : animal tissue : shell",,,,,,,,"field",,,,"South Africa",-28.4696618900583,31.1875156558337,"Thukela agate snail",,,,"Fowler et al. (2020)",,,0.725,,,,,,,,"WANG-0740",
"A-1",,,,,"bulk solid","bulk tissue",,"organism : plant : plant tissue",,,,,,,,"field",,,,"South Africa",-31.753614,18.621548,"unspecified",,,,"this study",,,0.7127381763,,,,,,,,"WANG-0746",
"A-1.B",,,,,"bulk solid","bulk tissue",,"organism : animal : animal tissue : bone",,,,,,,,"field",,,,"South Africa",-31.753614,18.621548,"Leporidae",,,,"this study",,,0.7116372927,,,,,,,,"WANG-0747",
"A-2",,,,,"bulk solid","bulk tissue",,"organism : plant : plant tissue",,,,,,,,"field",,,,"South Africa",-31.703031,18.557356,"unspecified",,,,"this study",,,0.7115802155,,,,,,,,"WANG-0748",
"A-3.B",,,,,"bulk solid","bulk tissue",,"organism : animal : animal tissue : bone",,,,,,,,"field",,,,"South Africa",-31.576803,18.524998,"Testudines",,,,"this study",,,0.7118646189,,,,,,,,"WANG-0749",
"A-4",,,,,"bulk solid","bulk tissue",,"organism : plant : plant tissue",,,,,,,,"field",,,,"South Africa",-31.592108,18.436245,"unspecified",,,,"this study",,,0.7118119038,,,,,,,,"WANG-0750",
"A-5",,,,,"bulk solid","bulk tissue",,"organism : plant : plant tissue",,,,,,,,"field",,,,"South Africa",-31.56536,18.327667,"unspecified",,,,"this study",,,0.7169489792,,,,,,,,"WANG-0751",
"A-6",,,,,"bulk solid","bulk tissue",,"organism : plant : plant tissue",,,,,,,,"field",,,,"South Africa",-31.753635,18.232548,"unspecified",,,,"this study",,,0.7100479633,,,,,,,,"WANG-0752",
"A-8",,,,,"bulk solid","bulk tissue",,"organism : plant : plant tissue",,,,,,,,"field",,,,"South Africa",-32.013556,18.336885,"unspecified",,,,"this study",,,0.7106235428,,,,,,,,"WANG-0754",
"B-1",,,,,"bulk solid","bulk tissue",,"organism : plant : plant tissue",,,,,,,,"field",,,,"South Africa",-31.524432,18.604,"unspecified",,,,"this study",,,0.7093256256,,,,,,,,"WANG-0755",
"B-2",,,,,"bulk solid","bulk tissue",,"organism : plant : plant tissue",,,,,,,,"field",,,,"South Africa",-31.524728,18.606575,"unspecified",,,,"this study",,,0.7119845067,,,,,,,,"WANG-0756",
"B-3",,,,,"bulk solid","bulk tissue",,"organism : plant : plant tissue",,,,,,,,"field",,,,"South Africa",-31.527012,18.604365,"unspecified",,,,"this study",,,0.7088890129,,,,,,,,"WANG-0757",
"B-4",,,,,"bulk solid","bulk tissue",,"organism : plant : plant tissue",,,,,,,,"field",,,,"South Africa",-31.525975,18.601384,"unspecified",,,,"this study",,,0.7106255255,,,,,,,,"WANG-0759",
"C-2",,,,,"bulk solid","bulk tissue",,"organism : plant : plant tissue",,,,,,,,"field",,,,"South Africa",-31.523215,18.602936,"unspecified",,,,"this study",,,0.7169687061,,,,,,,,"WANG-0763",
"C-3",,,,,"bulk solid","bulk tissue",,"organism : plant : plant tissue",,,,,,,,"field",,,,"South Africa",-31.522949,18.602587,"unspecified",,,,"this study",,,0.7096002396,,,,,,,,"WANG-0765",
"C-4",,,,,"bulk solid","bulk tissue",,"organism : plant : plant tissue",,,,,,,,"field",,,,"South Africa",-31.520726,18.600412,"unspecified",,,,"this study",,,0.7111317521,,,,,,,,"WANG-0766",
"C-5",,,,,"bulk solid","bulk tissue",,"organism : plant : plant tissue",,,,,,,,"field",,,,"South Africa",-31.523126,18.602618,"unspecified",,,,"this study",,,0.7120756582,,,,,,,,"WANG-0767",
"S-1",,,,,"bulk solid","bulk tissue",,"organism : plant : plant tissue",,,,,,,,"field",,,,"South Africa",-31.77314,18.60785,"unspecified",,,,"this study",,,0.711640819,,,,,,,,"WANG-0770",
"S-2",,,,,"bulk solid","bulk tissue",,"organism : plant : plant tissue",,,,,,,,"field",,,,"South Africa",-31.73003,18.50666,"unspecified",,,,"this study",,,0.7117985217,,,,,,,,"WANG-0771",
"S-3",,,,,"bulk solid","bulk tissue",,"organism : plant : plant tissue",,,,,,,,"field",,,,"South Africa",-31.76967,18.46365,"unspecified",,,,"this study",,,0.7115252773,,,,,,,,"WANG-0772",
"S-4",,,,,"bulk solid","bulk tissue",,"organism : plant : plant tissue",,,,,,,,"field",,,,"South Africa",-31.87217,18.45648,"unspecified",,,,"this study",,,0.7116159809,,,,,,,,"WANG-0773",
"S-5",,,,,"bulk solid","bulk tissue",,"organism : plant : plant tissue",,,,,,,,"field",,,,"South Africa",-31.95685,18.53935,"unspecified",,,,"this study",,,0.7123267165,,,,,,,,"WANG-0774",
"S-5.B",,,,,"bulk solid","bulk tissue",,"organism : animal : animal tissue : bone",,,,,,,,"field",,,,"South Africa",-31.95685,18.53935,"Suricata",,,,"this study",,,0.7117712404,,,,,,,,"WANG-0775",
"S-6",,,,,"bulk solid","bulk tissue",,"organism : plant : plant tissue",,,,,,,,"field",,,,"South Africa",-31.99604,18.56119,"unspecified",,,,"this study",,,0.7133859002,,,,,,,,"WANG-0776",
"S-7",,,,,"bulk solid","bulk tissue",,"organism : plant : plant tissue",,,,,,,,"field",,,,"South Africa",-31.84232,18.43161,"unspecified",,,,"this study",,,0.7122459323,,,,,,,,"WANG-0777",
"S-8",,,,,"bulk solid","bulk tissue",,"organism : plant : plant tissue",,,,,,,,"field",,,,"South Africa",-31.85093,18.40125,"unspecified",,,,"this study",,,0.7115455465,,,,,,,,"WANG-0778",
"S-9",,,,,"bulk solid","bulk tissue",,"organism : plant : plant tissue",,,,,,,,"field",,,,"South Africa",-31.83879,18.33845,"unspecified",,,,"this study",,,0.7115820738,,,,,,,,"WANG-0779",
"S-10",,,,,"bulk solid","bulk tissue",,"organism : plant : plant tissue",,,,,,,,"field",,,,"South Africa",-31.83146,18.26805,"unspecified",,,,"this study",,,0.7105376822,,,,,,,,"WANG-0780",
"S-11",,,,,"bulk solid","bulk tissue",,"organism : plant : plant tissue",,,,,,,,"field",,,,"South Africa",-31.677735,18.22867,"unspecified",,,,"this study",,,0.7102298392,,,,,,,,"WANG-0781",
"S-12",,,,,"bulk solid","bulk tissue",,"organism : plant : plant tissue",,,,,,,,"field",,,,"South Africa",-31.76308,18.64519,"unspecified",,,,"this study",,,0.7125328207,,,,,,,,"WANG-0783",
"S-13",,,,,"bulk solid","bulk tissue",,"organism : plant : plant tissue",,,,,,,,"field",,,,"South Africa",-31.66973,18.70464,"unspecified",,,,"this study",,,0.7128903108,,,,,,,,"WANG-0784",
"S-14",,,,,"bulk solid","bulk tissue",,"organism : plant : plant tissue",,,,,,,,"field",,,,"South Africa",-31.64407,18.73434,"unspecified",,,,"this study",,,0.7127495949,,,,,,,,"WANG-0785",
"S-15",,,,,"bulk solid","bulk tissue",,"organism : plant : plant tissue",,,,,,,,"field",,,,"South Africa",-31.80827,18.78967,"unspecified",,,,"this study",,,0.7130079822,,,,,,,,"WANG-0786",
"S-16",,,,,"bulk solid","bulk tissue",,"organism : plant : plant tissue",,,,,,,,"field",,,,"South Africa",-31.73571,18.77568,"unspecified",,,,"this study",,,0.7142290413,,,,,,,,"WANG-0787",
"S-17",,,,,"bulk solid","bulk tissue",,"organism : plant : plant tissue",,,,,,,,"field",,,,"South Africa",-31.69869,18.76082,"unspecified",,,,"this study",,,0.7119637419,,,,,,,,"WANG-0788",
"S-18",,,,,"bulk solid","bulk tissue",,"organism : plant : plant tissue",,,,,,,,"field",,,,"South Africa",-31.66491,18.74092,"unspecified",,,,"this study",,,0.712197384,,,,,,,,"WANG-0789",
"S-18.B",,,,,"bulk solid","bulk tissue",,"organism : animal : animal tissue : bone",,,,,,,,"field",,,,"South Africa",-31.66491,18.74092,"Testudines",,,,"this study",,,0.712252253,,,,,,,,"WANG-0790",
"S-19",,,,,"bulk solid","bulk tissue",,"organism : plant : plant tissue",,,,,,,,"field",,,,"South Africa",-31.74622,18.78547,"unspecified",,,,"this study",,,0.7128497455,,,,,,,,"WANG-0791",
"S-20",,,,,"bulk solid","bulk tissue",,"organism : plant : plant tissue",,,,,,,,"field",,,,"South Africa",-31.81088,18.86629,"unspecified",,,,"this study",,,0.7133420284,,,,,,,,"WANG-0792",
"S-21",,,,,"bulk solid","bulk tissue",,"organism : plant : plant tissue",,,,,,,,"field",,,,"South Africa",-31.80283,18.91009,"unspecified",,,,"this study",,,0.7131147255,,,,,,,,"WANG-0793",
"S-22",,,,,"bulk solid","bulk tissue",,"organism : plant : plant tissue",,,,,,,,"field",,,,"South Africa",-31.7856,18.91672,"unspecified",,,,"this study",,,0.7129895745,,,,,,,,"WANG-0794",
"S-23",,,,,"bulk solid","bulk tissue",,"organism : plant : plant tissue",,,,,,,,"field",,,,"South Africa",-31.61092,18.76522,"unspecified",,,,"this study",,,0.7119581071,,,,,,,,"WANG-0795",
"S-24",,,,,"bulk solid","bulk tissue",,"organism : plant : plant tissue",,,,,,,,"field",,,,"South Africa",-31.62776,18.51122,"unspecified",,,,"this study",,,0.7115510076,,,,,,,,"WANG-0796",
"S-25",,,,,"bulk solid","bulk tissue",,"organism : plant : plant tissue",,,,,,,,"field",,,,"South Africa",-31.52372,18.56548,"unspecified",,,,"this study",,,0.7146642262,,,,,,,,"WANG-0797",
"S-26",,,,,"bulk solid","bulk tissue",,"organism : plant : plant tissue",,,,,,,,"field",,,,"South Africa",-31.57619,18.53274,"unspecified",,,,"this study",,,0.7118140449,,,,,,,,"WANG-0798",
"S-27",,,,,"bulk solid","bulk tissue",,"organism : plant : plant tissue",,,,,,,,"field",,,,"South Africa",-31.65917,18.55239,"unspecified",,,,"this study",,,0.7117379647,,,,,,,,"WANG-0799",
"S-28",,,,,"bulk solid","bulk tissue",,"organism : plant : plant tissue",,,,,,,,"field",,,,"South Africa",-31.62816,18.64131,"unspecified",,,,"this study",,,0.7120517893,,,,,,,,"WANG-0800",
"S-29",,,,,"bulk solid","bulk tissue",,"organism : plant : plant tissue",,,,,,,,"field",,,,"South Africa",-31.58785,18.72869,"unspecified",,,,"this study",,,0.711921292,,,,,,,,"WANG-0801",
"S-30",,,,,"bulk solid","bulk tissue",,"organism : plant : plant tissue",,,,,,,,"field",,,,"South Africa",-31.52061,18.71953,"unspecified",,,,"this study",,,0.7123784893,,,,,,,,"WANG-0802",
"S-31",,,,,"bulk solid","bulk tissue",,"organism : plant : plant tissue",,,,,,,,"field",,,,"South Africa",-31.48725,18.71495,"unspecified",,,,"this study",,,0.7174063845,,,,,,,,"WANG-0803",
"S-32",,,,,"bulk solid","bulk tissue",,"organism : plant : plant tissue",,,,,,,,"field",,,,"South Africa",-31.47957,18.70982,"unspecified",,,,"this study",,,0.7153633389,,,,,,,,"WANG-0805",
"S-33",,,,,"bulk solid","bulk tissue",,"organism : plant : plant tissue",,,,,,,,"field",,,,"South Africa",-31.3944,18.66073,"unspecified",,,,"this study",,,0.7165834107,,,,,,,,"WANG-0806",
"S-34",,,,,"bulk solid","bulk tissue",,"organism : plant : plant tissue",,,,,,,,"field",,,,"South Africa",-31.32652,18.5918,"unspecified",,,,"this study",,,0.7136142716,,,,,,,,"WANG-0807",
"S-35",,,,,"bulk solid","bulk tissue",,"organism : plant : plant tissue",,,,,,,,"field",,,,"South Africa",-31.24428,18.53826,"unspecified",,,,"this study",,,0.7134591446,,,,,,,,"WANG-0808",
"S-36",,,,,"bulk solid","bulk tissue",,"organism : plant : plant tissue",,,,,,,,"field",,,,"South Africa",-31.22239,18.52085,"unspecified",,,,"this study",,,0.7193533741,,,,,,,,"WANG-0809",
"S-37",,,,,"bulk solid","bulk tissue",,"organism : plant : plant tissue",,,,,,,,"field",,,,"South Africa",-31.19236,18.44331,"unspecified",,,,"this study",,,0.7151286536,,,,,,,,"WANG-0810",
"S-38",,,,,"bulk solid","bulk tissue",,"organism : plant : plant tissue",,,,,,,,"field",,,,"South Africa",-31.16039,18.38423,"unspecified",,,,"this study",,,0.7153595616,,,,,,,,"WANG-0811",
"S-39",,,,,"bulk solid","bulk tissue",,"organism : plant : plant tissue",,,,,,,,"field",,,,"South Africa",-31.17264,18.34903,"unspecified",,,,"this study",,,0.727602525,,,,,,,,"WANG-0812",
"S-40",,,,,"bulk solid","bulk tissue",,"organism : plant : plant tissue",,,,,,,,"field",,,,"South Africa",-31.20876,18.31728,"unspecified",,,,"this study",,,0.7180655396,,,,,,,,"WANG-0813",
"S-41",,,,,"bulk solid","bulk tissue",,"organism : plant : plant tissue",,,,,,,,"field",,,,"South Africa",-31.31249,18.27375,"unspecified",,,,"this study",,,0.7154083536,,,,,,,,"WANG-0814",
"S-42",,,,,"bulk solid","bulk tissue",,"organism : plant : plant tissue",,,,,,,,"field",,,,"South Africa",-31.42939,18.27202,"unspecified",,,,"this study",,,0.7159161185,,,,,,,,"WANG-0815",
"S-43",,,,,"bulk solid","bulk tissue",,"organism : plant : plant tissue",,,,,,,,"field",,,,"South Africa",-31.6059,18.24384,"unspecified",,,,"this study",,,0.7112860782,,,,,,,,"WANG-0817",
"S-44",,,,,"bulk solid","bulk tissue",,"organism : plant : plant tissue",,,,,,,,"field",,,,"South Africa",-31.68421,18.87672,"unspecified",,,,"this study",,,0.7135148138,,,,,,,,"WANG-0818",
"S-45",,,,,"bulk solid","bulk tissue",,"organism : plant : plant tissue",,,,,,,,"field",,,,"South Africa",-31.54911,18.83035,"unspecified",,,,"this study",,,0.7136716539,,,,,,,,"WANG-0819",
"S-46",,,,,"bulk solid","bulk tissue",,"organism : plant : plant tissue",,,,,,,,"field",,,,"South Africa",-31.46916,18.94667,"unspecified",,,,"this study",,,0.7175207186,,,,,,,,"WANG-0820",
"S-47",,,,,"bulk solid","bulk tissue",,"organism : plant : plant tissue",,,,,,,,"field",,,,"South Africa",-31.49738,18.68391,"unspecified",,,,"this study",,,0.7129698666,,,,,,,,"WANG-0821",
"S-47.B",,,,,"bulk solid","bulk tissue",,"organism : animal : animal tissue : bone",,,,,,,,"field",,,,"South Africa",-31.49738,18.68391,"Testudines",,,,"this study",,,0.7127511007,,,,,,,,"WANG-0822",
"S-48",,,,,"bulk solid","bulk tissue",,"organism : plant : plant tissue",,,,,,,,"field",,,,"South Africa",-31.5005,18.64833,"unspecified",,,,"this study",,,0.7122904091,,,,,,,,"WANG-0823",
"S-48.B",,,,,"bulk solid","bulk tissue",,"organism : animal : animal tissue : bone",,,,,,,,"field",,,,"South Africa",-31.5005,18.64833,"Leporidae",,,,"this study",,,0.7122062052,,,,,,,,"WANG-0824",
"1_8z",,,,,"bulk solid","bulk tissue",,"organism : plant : plant tissue",,,,,,,,"field",,,,"South Africa",-25.9794,27.806,"Acacia mearnsii",,,,"this study",,,0.74232,,,,,,,,"WANG-0825",
"2_8",,,,,"bulk solid","bulk tissue",,"organism : plant : plant tissue",,,,,,,,"field",,,,"South Africa",-26.0167,27.7968,"Eucalyptus globulus",,,,"this study",,,0.72347,,,,,,,,"WANG-0826",
"4_8z",,,,,"bulk solid","bulk tissue",,"organism : plant : plant tissue",,,,,,,,"field",,,,"South Africa",-26.0443,27.8284,"Acacia sp.",,,,"this study",,,0.72176,,,,,,,,"WANG-0827",
"5_9z",,,,,"bulk solid","bulk tissue",,"organism : plant : plant tissue",,,,,,,,"field",,,,"South Africa",-26.0288,27.7615,"Combretum apiculatum",,,,"this study",,,0.73139,,,,,,,,"WANG-0828",
"8_7x",,,,,"bulk solid","bulk tissue",,"organism : plant : plant tissue",,,,,,,,"field",,,,"South Africa",-25.9814,27.9243,"Rhus lancea",,,,"this study",,,0.72451,,,,,,,,"WANG-0829",
"13_8z",,,,,"bulk solid","bulk tissue",,"organism : plant : plant tissue",,,,,,,,"field",,,,"South Africa",-25.8533,27.6786,"Ziziphus mucronata",,,,"this study",,,0.73274,,,,,,,,"WANG-0830",
"16_6a",,,,,"bulk solid","bulk tissue",,"organism : plant : plant tissue",,,,,,,,"field",,,,"South Africa",-25.5407,27.7418,"Acacia tortilis",,,,"this study",,,0.74885,,,,,,,,"WANG-0831",
"16_9",,,,,"bulk solid","bulk tissue",,"organism : plant : plant tissue",,,,,,,,"field",,,,"South Africa",-25.5407,27.7418,"Brachylaera sp.",,,,"this study",,,0.74932,,,,,,,,"WANG-0832",
"16_1",,,,,"bulk solid","bulk tissue",,"organism : plant : plant tissue",,,,,,,,"field",,,,"South Africa",-25.5407,27.7418,"Dactyloctenium aegyptium",,,,"this study",,,0.74829,,,,,,,,"WANG-0833",
"20_6z",,,,,"bulk solid","bulk tissue",,"organism : plant : plant tissue",,,,,,,,"field",,,,"South Africa",-26.1683,28.1087,"Buddleja auriculata",,,,"this study",,,0.72407,,,,,,,,"WANG-0834",
"22_11z",,,,,"bulk solid","bulk tissue",,"organism : plant : plant tissue",,,,,,,,"field",,,,"South Africa",-25.9182,27.8191,"Protea caffra",,,,"this study",,,0.72607,,,,,,,,"WANG-0835",
"24_3z",,,,,"bulk solid","bulk tissue",,"organism : plant : plant tissue",,,,,,,,"field",,,,"South Africa",-25.9122,27.7783,"Ximenia americana",,,,"this study",,,0.72497,,,,,,,,"WANG-0836",
"25_7z",,,,,"bulk solid","bulk tissue",,"organism : plant : plant tissue",,,,,,,,"field",,,,"South Africa",-25.8992,27.7715,"Euclea undulata",,,,"this study",,,0.72825,,,,,,,,"WANG-0837",
"28_9",,,,,"bulk solid","bulk tissue",,"organism : plant : plant tissue",,,,,,,,"field",,,,"South Africa",-25.8918,27.7657,"Ziziphus rivularis",,,,"this study",,,0.73397,,,,,,,,"WANG-0838",
"30_9z",,,,,"bulk solid","bulk tissue",,"organism : plant : plant tissue",,,,,,,,"field",,,,"South Africa",-25.8869,27.7691,"Dombeya rotundifolia",,,,"this study",,,0.73541,,,,,,,,"WANG-0839",
"SAISO001",,,,,"bulk solid","bulk tissue",,"organism : plant : plant tissue",,,,,,,,"field",,,,"South Africa",-33.90711,23.152394,"unspecified (Shrub, leaves and stems)",,,,"this study",,,0.71159,,,,,,,,"WANG-0840",
"SAISO002",,,,,"bulk solid","bulk tissue",,"organism : plant : plant tissue",,,,,,,,"field",,,,"South Africa",-33.76186,23.140656,"unspecified (Tree, leaves only)",,,,"this study",,,0.716765,,,,,,,,"WANG-0841",
"SAISO003",,,,,"bulk solid","bulk tissue",,"organism : plant : plant tissue",,,,,,,,"field",,,,"South Africa",-33.50276,23.240095,"unspecified (Shrub, leaves and stems)",,,,"this study",,,0.716923,,,,,,,,"WANG-0842",
"SAISO004",,,,,"bulk solid","bulk tissue",,"organism : plant : plant tissue",,,,,,,,"field",,,,"South Africa",-33.2759,23.407928,"Poaceae",,,,"this study",,,0.721542,,,,,,,,"WANG-0843",
"SAISO005",,,,,"bulk solid","bulk tissue",,"organism : plant : plant tissue",,,,,,,,"field",,,,"South Africa",-33.33284,22.983422,"unspecified (Shrub, leaves and stems)",,,,"this study",,,0.724875,,,,,,,,"WANG-0844",
"SAISO006",,,,,"bulk solid","bulk tissue",,"organism : plant : plant tissue",,,,,,,,"field",,,,"South Africa",-33.35342,22.657372,"unspecified (Shrub, leaves and stems)",,,,"this study",,,0.718996,,,,,,,,"WANG-0845",
"SAISO007",,,,,"bulk solid","bulk tissue",,"organism : plant : plant tissue",,,,,,,,"field",,,,"South Africa",-33.28026,22.407379,"unspecified (Shrub, leaves and stems)",,,,"this study",,,0.721524,,,,,,,,"WANG-0846",
"SAISO008",,,,,"bulk solid","bulk tissue",,"organism : plant : plant tissue",,,,,,,,"field",,,,"South Africa",-33.20425,22.067153,"unspecified (Shrub, leaves and stems)",,,,"this study",,,0.719712,,,,,,,,"WANG-0847",
"SAISO009",,,,,"bulk solid","bulk tissue",,"organism : plant : plant tissue",,,,,,,,"field",,,,"South Africa",-33.13298,22.263908,"unspecified (Shrub, leaves and stems)",,,,"this study",,,0.712568,,,,,,,,"WANG-0848",
"SAISO010",,,,,"bulk solid","bulk tissue",,"organism : plant : plant tissue",,,,,,,,"field",,,,"South Africa",-33.11656,22.563412,"Poaceae",,,,"this study",,,0.714311,,,,,,,,"WANG-0849",
"SAISO011",,,,,"bulk solid","bulk tissue",,"organism : plant : plant tissue",,,,,,,,"field",,,,"South Africa",-33.10469,22.841781,"Poaceae",,,,"this study",,,0.715193,,,,,,,,"WANG-0850",
"SAISO012",,,,,"bulk solid","bulk tissue",,"organism : plant : plant tissue",,,,,,,,"field",,,,"South Africa",-33.08265,23.473905,"unspecified (Shrub, leaves and stems)",,,,"this study",,,0.716117,,,,,,,,"WANG-0851",
"SAISO013",,,,,"bulk solid","bulk tissue",,"organism : plant : plant tissue",,,,,,,,"field",,,,"South Africa",-32.81897,23.692939,"Poaceae",,,,"this study",,,0.715607,,,,,,,,"WANG-0852",
"SAISO014",,,,,"bulk solid","bulk tissue",,"organism : plant : plant tissue",,,,,,,,"field",,,,"South Africa",-32.68803,23.525106,"Poaceae",,,,"this study",,,0.71475,,,,,,,,"WANG-0853",
"SAISO015",,,,,"bulk solid","bulk tissue",,"organism : plant : plant tissue",,,,,,,,"field",,,,"South Africa",-32.61928,23.211848,"unspecified (Shrub, leaves and stems)",,,,"this study",,,0.716506,,,,,,,,"WANG-0854",
"SAISO016",,,,,"bulk solid","bulk tissue",,"organism : plant : plant tissue",,,,,,,,"field",,,,"South Africa",-32.86998,23.165879,"unspecified (Shrub, leaves and stems)",,,,"this study",,,0.712836,,,,,,,,"WANG-0855",
"SAISO017",,,,,"bulk solid","bulk tissue",,"organism : plant : plant tissue",,,,,,,,"field",,,,"South Africa",-33.08877,23.130372,"Poaceae",,,,"this study",,,0.718377,,,,,,,,"WANG-0856",
"SAISO018",,,,,"bulk solid","bulk tissue",,"organism : plant : plant tissue",,,,,,,,"field",,,,"South Africa",-33.24887,23.601361,"Poaceae",,,,"this study",,,0.717226,,,,,,,,"WANG-0857",
"SAISO019",,,,,"bulk solid","bulk tissue",,"organism : plant : plant tissue",,,,,,,,"field",,,,"South Africa",-33.1972,23.427888,"unspecified (Shrub, leaves and stems)",,,,"this study",,,0.718642,,,,,,,,"WANG-0858",
"SAISO020",,,,,"bulk solid","bulk tissue",,"organism : plant : plant tissue",,,,,,,,"field",,,,"South Africa",-33.06746,23.452735,"Poaceae",,,,"this study",,,0.71696,,,,,,,,"WANG-0859",
"SAISO021",,,,,"bulk solid","bulk tissue",,"organism : plant : plant tissue",,,,,,,,"field",,,,"South Africa",-33.0019,23.416978,"Poaceae",,,,"this study",,,0.713449,,,,,,,,"WANG-0860",
"SAISO022",,,,,"bulk solid","bulk tissue",,"organism : plant : plant tissue",,,,,,,,"field",,,,"South Africa",-32.94348,23.357159,"unspecified (Shrub, leaves and stems)",,,,"this study",,,0.712728,,,,,,,,"WANG-0861",
"SAISO023",,,,,"bulk solid","bulk tissue",,"organism : plant : plant tissue",,,,,,,,"field",,,,"South Africa",-32.78424,23.351981,"Poaceae",,,,"this study",,,0.716051,,,,,,,,"WANG-0862",
"SAISO024",,,,,"bulk solid","bulk tissue",,"organism : plant : plant tissue",,,,,,,,"field",,,,"South Africa",-32.49218,23.727245,"Poaceae",,,,"this study",,,0.713269,,,,,,,,"WANG-0863",
"SAISO025",,,,,"bulk solid","bulk tissue",,"organism : plant : plant tissue",,,,,,,,"field",,,,"South Africa",-32.57738,23.179273,"Poaceae",,,,"this study",,,0.713384,,,,,,,,"WANG-0864",
"SAISO026",,,,,"bulk solid","bulk tissue",,"organism : plant : plant tissue",,,,,,,,"field",,,,"South Africa",-32.58345,23.054304,"Poaceae",,,,"this study",,,0.715569,,,,,,,,"WANG-0865",
"SAISO027",,,,,"bulk solid","bulk tissue",,"organism : plant : plant tissue",,,,,,,,"field",,,,"South Africa",-32.39556,22.581905,"Poaceae",,,,"this study",,,0.71392,,,,,,,,"WANG-0866",
"SAISO028",,,,,"bulk solid","bulk tissue",,"organism : plant : plant tissue",,,,,,,,"field",,,,"South Africa",-32.45171,22.557294,"Poaceae",,,,"this study",,,0.715297,,,,,,,,"WANG-0867",
"SAISO029 correct",,,,,"bulk solid","bulk tissue",,"organism : plant : plant tissue",,,,,,,,"field",,,,"South Africa",-32.681,22.558698,"Poaceae",,,,"this study",,,0.712778,,,,,,,,"WANG-0868",
"SAISO030",,,,,"bulk solid","bulk tissue",,"organism : plant : plant tissue",,,,,,,,"field",,,,"South Africa",-32.85008,22.567884,"Poaceae",,,,"this study",,,0.716012,,,,,,,,"WANG-0869",
"SAISO031",,,,,"bulk solid","bulk tissue",,"organism : plant : plant tissue",,,,,,,,"field",,,,"South Africa",-33.0496,22.53544,"Poaceae",,,,"this study",,,0.715734,,,,,,,,"WANG-0870",
"SAISO032",,,,,"bulk solid","bulk tissue",,"organism : plant : plant tissue",,,,,,,,"field",,,,"South Africa",-33.08129,22.532804,"unspecified (Shrub, leaves and stems)",,,,"this study",,,0.717361,,,,,,,,"WANG-0871",
"SAISO033",,,,,"bulk solid","bulk tissue",,"organism : plant : plant tissue",,,,,,,,"field",,,,"South Africa",-33.21696,22.543289,"Poaceae",,,,"this study",,,0.714732,,,,,,,,"WANG-0872",
"SAISO034",,,,,"bulk solid","bulk tissue",,"organism : plant : plant tissue",,,,,,,,"field",,,,"South Africa",-33.2656,22.529735,"unspecified (Shrub, leaves and stems)",,,,"this study",,,0.718692,,,,,,,,"WANG-0873",
"SAISO035",,,,,"bulk solid","bulk tissue",,"organism : plant : plant tissue",,,,,,,,"field",,,,"South Africa",-33.12117,22.712441,"Poaceae",,,,"this study",,,0.715474,,,,,,,,"WANG-0874",
"SAISO036",,,,,"bulk solid","bulk tissue",,"organism : plant : plant tissue",,,,,,,,"field",,,,"South Africa",-32.95293,22.967718,"unspecified (Shrub, leaves and stems)",,,,"this study",,,0.713016,,,,,,,,"WANG-0875",
"SAISO037",,,,,"bulk solid","bulk tissue",,"organism : plant : plant tissue",,,,,,,,"field",,,,"South Africa",-32.85602,22.840161,"Poaceae",,,,"this study",,,0.712336,,,,,,,,"WANG-0876",
"SAISO038",,,,,"bulk solid","bulk tissue",,"organism : plant : plant tissue",,,,,,,,"field",,,,"South Africa",-32.73105,22.732149,"unspecified (Shrub, leaves and stems)",,,,"this study",,,0.716319,,,,,,,,"WANG-0877",
"SAISO039",,,,,"bulk solid","bulk tissue",,"organism : plant : plant tissue",,,,,,,,"field",,,,"South Africa",-32.53835,22.798448,"Poaceae",,,,"this study",,,0.719381,,,,,,,,"WANG-0878",
"SAISO040",,,,,"bulk solid","bulk tissue",,"organism : plant : plant tissue",,,,,,,,"field",,,,"South Africa",-32.72259,22.990482,"Poaceae",,,,"this study",,,0.714814,,,,,,,,"WANG-0879",
"SAISO041",,,,,"bulk solid","bulk tissue",,"organism : plant : plant tissue",,,,,,,,"field",,,,"South Africa",-32.7073,23.191962,"Poaceae",,,,"this study",,,0.716405,,,,,,,,"WANG-0880",
"SAISO042",,,,,"bulk solid","bulk tissue",,"organism : plant : plant tissue",,,,,,,,"field",,,,"South Africa",-32.40842,23.255724,"Poaceae",,,,"this study",,,0.71768,,,,,,,,"WANG-0881",
"SAISO043",,,,,"bulk solid","bulk tissue",,"organism : plant : plant tissue",,,,,,,,"field",,,,"South Africa",-32.35773,23.007243,"unspecified (Shrub, leaves and stems)",,,,"this study",,,0.716689,,,,,,,,"WANG-0882",
"SAISO044",,,,,"bulk solid","bulk tissue",,"organism : plant : plant tissue",,,,,,,,"field",,,,"South Africa",-32.32648,22.821968,"Poaceae",,,,"this study",,,0.716652,,,,,,,,"WANG-0883",
"SAISO045",,,,,"bulk solid","bulk tissue",,"organism : plant : plant tissue",,,,,,,,"field",,,,"South Africa",-32.36236,22.36311,"Poaceae",,,,"this study",,,0.717906,,,,,,,,"WANG-0884",
"SAISO046",,,,,"bulk solid","bulk tissue",,"organism : plant : plant tissue",,,,,,,,"field",,,,"South Africa",-32.41782,22.12521,"Poaceae",,,,"this study",,,0.715639,,,,,,,,"WANG-0885",
"SAISO047",,,,,"bulk solid","bulk tissue",,"organism : plant : plant tissue",,,,,,,,"field",,,,"South Africa",-32.40651,21.889105,"unspecified (Shrub, leaves and stems)",,,,"this study",,,0.71518,,,,,,,,"WANG-0886",
"SAISO048",,,,,"bulk solid","bulk tissue",,"organism : plant : plant tissue",,,,,,,,"field",,,,"South Africa",-32.35172,21.886247,"Poaceae",,,,"this study",,,0.712741,,,,,,,,"WANG-0887",
"SAISO049",,,,,"bulk solid","bulk tissue",,"organism : plant : plant tissue",,,,,,,,"field",,,,"South Africa",-32.4409,21.736251,"Poaceae",,,,"this study",,,0.715714,,,,,,,,"WANG-0888",
"SAISO050",,,,,"bulk solid","bulk tissue",,"organism : plant : plant tissue",,,,,,,,"field",,,,"South Africa",-32.60214,21.857559,"Poaceae",,,,"this study",,,0.714751,,,,,,,,"WANG-0889",
"SAISO051",,,,,"bulk solid","bulk tissue",,"organism : plant : plant tissue",,,,,,,,"field",,,,"South Africa",-32.62085,22.151866,"Poaceae",,,,"this study",,,0.715762,,,,,,,,"WANG-0890",
"SAISO052",,,,,"bulk solid","bulk tissue",,"organism : plant : plant tissue",,,,,,,,"field",,,,"South Africa",-32.63012,22.358561,"Poaceae",,,,"this study",,,0.716163,,,,,,,,"WANG-0891",
"SAISO053",,,,,"bulk solid","bulk tissue",,"organism : plant : plant tissue",,,,,,,,"field",,,,"South Africa",-32.61113,21.514214,"unspecified (Shrub, leaves and stems)",,,,"this study",,,0.711486,,,,,,,,"WANG-0892",
"SAISO054",,,,,"bulk solid","bulk tissue",,"organism : plant : plant tissue",,,,,,,,"field",,,,"South Africa",-32.68976,21.656711,"unspecified (Shrub, leaves and stems)",,,,"this study",,,0.713307,,,,,,,,"WANG-0893",
"SAISO055",,,,,"bulk solid","bulk tissue",,"organism : plant : plant tissue",,,,,,,,"field",,,,"South Africa",-32.87397,21.961325,"unspecified (Shrub, leaves and stems)",,,,"this study",,,0.713472,,,,,,,,"WANG-0894",
"SAISO056",,,,,"bulk solid","bulk tissue",,"organism : plant : plant tissue",,,,,,,,"field",,,,"South Africa",-32.94415,22.161324,"Poaceae",,,,"this study",,,0.71349,,,,,,,,"WANG-0895",
"SAISO057",,,,,"bulk solid","bulk tissue",,"organism : plant : plant tissue",,,,,,,,"field",,,,"South Africa",-32.98727,22.362083,"Poaceae",,,,"this study",,,0.715534,,,,,,,,"WANG-0896",
"SAISO058",,,,,"bulk solid","bulk tissue",,"organism : plant : plant tissue",,,,,,,,"field",,,,"South Africa",-32.79628,22.399536,"unspecified (Shrub, leaves and stems)",,,,"this study",,,0.714366,,,,,,,,"WANG-0897",
"SAISO059",,,,,"bulk solid","bulk tissue",,"organism : plant : plant tissue",,,,,,,,"field",,,,"South Africa",-33.26436,22.048857,"Poaceae",,,,"this study",,,0.720953,,,,,,,,"WANG-0898",
"SAISO060",,,,,"bulk solid","bulk tissue",,"organism : plant : plant tissue",,,,,,,,"field",,,,"South Africa",-33.25334,21.971767,"unspecified (Shrub, leaves and stems)",,,,"this study",,,0.722283,,,,,,,,"WANG-0899",
"SAISO061",,,,,"bulk solid","bulk tissue",,"organism : plant : plant tissue",,,,,,,,"field",,,,"South Africa",-33.27608,21.807164,"unspecified (Shrub, leaves and stems)",,,,"this study",,,0.720284,,,,,,,,"WANG-0900",
"SAISO062",,,,,"bulk solid","bulk tissue",,"organism : plant : plant tissue",,,,,,,,"field",,,,"South Africa",-33.24535,22.034881,"Poaceae",,,,"this study",,,0.72034,,,,,,,,"WANG-0901",
"SAISO063",,,,,"bulk solid","bulk tissue",,"organism : plant : plant tissue",,,,,,,,"field",,,,"South Africa",-33.28883,22.052549,"Poaceae",,,,"this study",,,0.719692,,,,,,,,"WANG-0902",
"SAISO064",,,,,"bulk solid","bulk tissue",,"organism : plant : plant tissue",,,,,,,,"field",,,,"South Africa",-33.12487,22.042091,"unspecified (Shrub, leaves and stems)",,,,"this study",,,0.714546,,,,,,,,"WANG-0903",
"SAISO065",,,,,"bulk solid","bulk tissue",,"organism : plant : plant tissue",,,,,,,,"field",,,,"South Africa",-33.04471,22.012386,"Poaceae",,,,"this study",,,0.716234,,,,,,,,"WANG-0904",
"SAISO066",,,,,"bulk solid","bulk tissue",,"organism : plant : plant tissue",,,,,,,,"field",,,,"South Africa",-33.00419,21.695092,"Poaceae",,,,"this study",,,0.714891,,,,,,,,"WANG-0905",
"SAISO067",,,,,"bulk solid","bulk tissue",,"organism : plant : plant tissue",,,,,,,,"field",,,,"South Africa",-33.11476,21.923947,"Poaceae",,,,"this study",,,0.71442,,,,,,,,"WANG-0906",
"SAISO068",,,,,"bulk solid","bulk tissue",,"organism : plant : plant tissue",,,,,,,,"field",,,,"South Africa",-33.15152,21.969021,"unspecified (Shrub, leaves and stems)",,,,"this study",,,0.716665,,,,,,,,"WANG-0907",
"SAISO069",,,,,"bulk solid","bulk tissue",,"organism : plant : plant tissue",,,,,,,,"field",,,,"South Africa",-33.14923,21.769805,"Poaceae",,,,"this study",,,0.715606,,,,,,,,"WANG-0908",
"SAISO070",,,,,"bulk solid","bulk tissue",,"organism : plant : plant tissue",,,,,,,,"field",,,,"South Africa",-33.18095,21.555962,"unspecified (Thorn bush, stems/twigs)",,,,"this study",,,0.713679,,,,,,,,"WANG-0909",
"SAISO071",,,,,"bulk solid","bulk tissue",,"organism : plant : plant tissue",,,,,,,,"field",,,,"South Africa",-33.21934,21.346614,"unspecified (Shrub, leaves and stems)",,,,"this study",,,0.715237,,,,,,,,"WANG-0910",
"SAISO072",,,,,"bulk solid","bulk tissue",,"organism : plant : plant tissue",,,,,,,,"field",,,,"South Africa",-33.27236,21.138774,"unspecified (Shrub, leaves and stems)",,,,"this study",,,0.714932,,,,,,,,"WANG-0911",
"SAISO073",,,,,"bulk solid","bulk tissue",,"organism : plant : plant tissue",,,,,,,,"field",,,,"South Africa",-33.27607,20.931839,"unspecified (Shrub, leaves and stems)",,,,"this study",,,0.717867,,,,,,,,"WANG-0912",
"SAISO074",,,,,"bulk solid","bulk tissue",,"organism : plant : plant tissue",,,,,,,,"field",,,,"South Africa",-33.16537,21.023247,"unspecified (Shrub, leaves and stems)",,,,"this study",,,0.713942,,,,,,,,"WANG-0913",
"SAISO075",,,,,"bulk solid","bulk tissue",,"organism : plant : plant tissue",,,,,,,,"field",,,,"South Africa",-33.12202,21.270857,"unspecified (Shrub, leaves and stems)",,,,"this study",,,0.715253,,,,,,,,"WANG-0914",
"SAISO076",,,,,"bulk solid","bulk tissue",,"organism : plant : plant tissue",,,,,,,,"field",,,,"South Africa",-33.10081,21.464899,"Poaceae",,,,"this study",,,0.715653,,,,,,,,"WANG-0915",
"SAISO077",,,,,"bulk solid","bulk tissue",,"organism : plant : plant tissue",,,,,,,,"field",,,,"South Africa",-32.83841,21.628661,"Poaceae",,,,"this study",,,0.713065,,,,,,,,"WANG-0916",
"SAISO078",,,,,"bulk solid","bulk tissue",,"organism : plant : plant tissue",,,,,,,,"field",,,,"South Africa",-32.65975,21.412742,"Poaceae",,,,"this study",,,0.714187,,,,,,,,"WANG-0917",
"SAISO079",,,,,"bulk solid","bulk tissue",,"organism : plant : plant tissue",,,,,,,,"field",,,,"South Africa",-32.54637,21.247497,"Poaceae",,,,"this study",,,0.711828,,,,,,,,"WANG-0918",
"SAISO080",,,,,"bulk solid","bulk tissue",,"organism : plant : plant tissue",,,,,,,,"field",,,,"South Africa",-32.66232,21.281537,"Poaceae",,,,"this study",,,0.71414,,,,,,,,"WANG-0919",
"SAISO081",,,,,"bulk solid","bulk tissue",,"organism : plant : plant tissue",,,,,,,,"field",,,,"South Africa",-32.77963,21.297453,"Poaceae",,,,"this study",,,0.712252,,,,,,,,"WANG-0920",
"SAISO082",,,,,"bulk solid","bulk tissue",,"organism : plant : plant tissue",,,,,,,,"field",,,,"South Africa",-32.7517,21.45403,"Poaceae",,,,"this study",,,0.713103,,,,,,,,"WANG-0921",
"SAISO083",,,,,"bulk solid","bulk tissue",,"organism : plant : plant tissue",,,,,,,,"field",,,,"South Africa",-32.94679,21.336151,"Poaceae",,,,"this study",,,0.714476,,,,,,,,"WANG-0922",
"SAISO084",,,,,"bulk solid","bulk tissue",,"organism : plant : plant tissue",,,,,,,,"field",,,,"South Africa",-32.50882,21.591107,"Poaceae",,,,"this study",,,0.715107,,,,,,,,"WANG-0923",
"SAISO085",,,,,"bulk solid","bulk tissue",,"organism : plant : plant tissue",,,,,,,,"field",,,,"South Africa",-32.44835,21.59792,"Poaceae",,,,"this study",,,0.71157,,,,,,,,"WANG-0924",
"SAISO086",,,,,"bulk solid","bulk tissue",,"organism : plant : plant tissue",,,,,,,,"field",,,,"South Africa",-32.52951,21.193306,"unspecified (Shrub, leaves and stems)",,,,"this study",,,0.714706,,,,,,,,"WANG-0925",
"SAISO087",,,,,"bulk solid","bulk tissue",,"organism : plant : plant tissue",,,,,,,,"field",,,,"South Africa",-32.50865,21.030793,"unspecified (Shrub, leaves and stems)",,,,"this study",,,0.713059,,,,,,,,"WANG-0926",
"SAISO088",,,,,"bulk solid","bulk tissue",,"organism : plant : plant tissue",,,,,,,,"field",,,,"South Africa",-32.51031,20.867141,"unspecified (Shrub, leaves and stems)",,,,"this study",,,0.714653,,,,,,,,"WANG-0927",
"SAISO089",,,,,"bulk solid","bulk tissue",,"organism : plant : plant tissue",,,,,,,,"field",,,,"South Africa",-32.4864,20.707736,"unspecified (Shrub, leaves and stems)",,,,"this study",,,0.713497,,,,,,,,"WANG-0928",
"SAISO090",,,,,"bulk solid","bulk tissue",,"organism : plant : plant tissue",,,,,,,,"field",,,,"South Africa",-32.59636,20.477203,"unspecified (Shrub, leaves and stems)",,,,"this study",,,0.712663,,,,,,,,"WANG-0929",
"SAISO091",,,,,"bulk solid","bulk tissue",,"organism : plant : plant tissue",,,,,,,,"field",,,,"South Africa",-33.17561,20.728242,"Poaceae",,,,"this study",,,0.717134,,,,,,,,"WANG-0930",
"SAISO092",,,,,"bulk solid","bulk tissue",,"organism : plant : plant tissue",,,,,,,,"field",,,,"South Africa",-33.13207,20.716875,"unspecified (Shrub, leaves and stems)",,,,"this study",,,0.715873,,,,,,,,"WANG-0931",
"SAISO093",,,,,"bulk solid","bulk tissue",,"organism : plant : plant tissue",,,,,,,,"field",,,,"South Africa",-33.09762,20.676823,"unspecified (Shrub, leaves and stems)",,,,"this study",,,0.718851,,,,,,,,"WANG-0932",
"SAISO094",,,,,"bulk solid","bulk tissue",,"organism : plant : plant tissue",,,,,,,,"field",,,,"South Africa",-33.07961,20.599965,"unspecified (Shrub, leaves and stems)",,,,"this study",,,0.714727,,,,,,,,"WANG-0933",
"SAISO095",,,,,"bulk solid","bulk tissue",,"organism : plant : plant tissue",,,,,,,,"field",,,,"South Africa",-32.94882,20.551288,"unspecified (Shrub, leaves and stems)",,,,"this study",,,0.714807,,,,,,,,"WANG-0934",
"SAISO096",,,,,"bulk solid","bulk tissue",,"organism : plant : plant tissue",,,,,,,,"field",,,,"South Africa",-32.85671,20.69426,"unspecified (Shrub, leaves and stems)",,,,"this study",,,0.713228,,,,,,,,"WANG-0935",
"SAISO097",,,,,"bulk solid","bulk tissue",,"organism : plant : plant tissue",,,,,,,,"field",,,,"South Africa",-32.729,20.736912,"unspecified (Shrub, leaves and stems)",,,,"this study",,,0.712852,,,,,,,,"WANG-0936",
"SAISO098",,,,,"bulk solid","bulk tissue",,"organism : plant : plant tissue",,,,,,,,"field",,,,"South Africa",-32.61274,20.75128,"unspecified (Shrub, leaves and stems)",,,,"this study",,,0.712588,,,,,,,,"WANG-0937",
"SAISO099",,,,,"bulk solid","bulk tissue",,"organism : plant : plant tissue",,,,,,,,"field",,,,"South Africa",-32.44834,20.592787,"unspecified (Shrub, leaves and stems)",,,,"this study",,,0.714704,,,,,,,,"WANG-0938",
"SAISO100",,,,,"bulk solid","bulk tissue",,"organism : plant : plant tissue",,,,,,,,"field",,,,"South Africa",-32.44894,20.485269,"Poaceae",,,,"this study",,,0.717306,,,,,,,,"WANG-0939",
"SAISO101",,,,,"bulk solid","bulk tissue",,"organism : plant : plant tissue",,,,,,,,"field",,,,"South Africa",-32.39645,20.68823,"unspecified (Shrub, leaves and stems)",,,,"this study",,,0.715744,,,,,,,,"WANG-0940",
"SAISO102",,,,,"bulk solid","bulk tissue",,"organism : plant : plant tissue",,,,,,,,"field",,,,"South Africa",-32.39963,20.761269,"unspecified (Shrub, leaves and stems)",,,,"this study",,,0.712158,,,,,,,,"WANG-0941",
"SAISO103",,,,,"bulk solid","bulk tissue",,"organism : plant : plant tissue",,,,,,,,"field",,,,"South Africa",-32.40533,20.836971,"unspecified (Shrub, leaves and stems)",,,,"this study",,,0.712076,,,,,,,,"WANG-0942",
"SAISO104",,,,,"bulk solid","bulk tissue",,"organism : plant : plant tissue",,,,,,,,"field",,,,"South Africa",-32.40659,20.95347,"unspecified (Shrub, leaves and stems)",,,,"this study",,,0.713987,,,,,,,,"WANG-0943",
"SAISO105",,,,,"bulk solid","bulk tissue",,"organism : plant : plant tissue",,,,,,,,"field",,,,"South Africa",-32.38786,21.102913,"unspecified (Shrub, leaves and stems)",,,,"this study",,,0.71565,,,,,,,,"WANG-0944",
"SAISO106",,,,,"bulk solid","bulk tissue",,"organism : plant : plant tissue",,,,,,,,"field",,,,"South Africa",-32.45456,21.201701,"unspecified (Shrub, leaves and stems)",,,,"this study",,,0.71069,,,,,,,,"WANG-0945",
"SAISO107",,,,,"bulk solid","bulk tissue",,"organism : plant : plant tissue",,,,,,,,"field",,,,"South Africa",-32.40995,21.214298,"unspecified (Shrub, leaves and stems)",,,,"this study",,,0.711688,,,,,,,,"WANG-0946",
"SAISO108",,,,,"bulk solid","bulk tissue",,"organism : plant : plant tissue",,,,,,,,"field",,,,"South Africa",-32.46804,21.168136,"Poaceae",,,,"this study",,,0.715312,,,,,,,,"WANG-0947",
"SAISO109",,,,,"bulk solid","bulk tissue",,"organism : plant : plant tissue",,,,,,,,"field",,,,"South Africa",-32.71062,20.876675,"unspecified (Shrub, leaves and stems)",,,,"this study",,,0.711662,,,,,,,,"WANG-0948",
"SAISO110",,,,,"bulk solid","bulk tissue",,"organism : plant : plant tissue",,,,,,,,"field",,,,"South Africa",-32.82101,20.952468,"unspecified (Shrub, leaves and stems)",,,,"this study",,,0.713912,,,,,,,,"WANG-0949",
"SAISO111",,,,,"bulk solid","bulk tissue",,"organism : plant : plant tissue",,,,,,,,"field",,,,"South Africa",-32.84146,20.83545,"unspecified (Shrub, leaves and stems)",,,,"this study",,,0.712536,,,,,,,,"WANG-0950",
"SAISO112",,,,,"bulk solid","bulk tissue",,"organism : plant : plant tissue",,,,,,,,"field",,,,"South Africa",-32.82853,21.076727,"unspecified (Shrub, leaves and stems)",,,,"this study",,,0.714543,,,,,,,,"WANG-0951",
"SAISO113",,,,,"bulk solid","bulk tissue",,"organism : plant : plant tissue",,,,,,,,"field",,,,"South Africa",-32.91851,20.957253,"unspecified (Shrub, leaves and stems)",,,,"this study",,,0.713647,,,,,,,,"WANG-0952",
"SAISO114",,,,,"bulk solid","bulk tissue",,"organism : plant : plant tissue",,,,,,,,"field",,,,"South Africa",-33.01681,21.001038,"unspecified (Shrub, leaves and stems)",,,,"this study",,,0.714804,,,,,,,,"WANG-0953",
"SAISO115",,,,,"bulk solid","bulk tissue",,"organism : plant : plant tissue",,,,,,,,"field",,,,"South Africa",-33.14279,20.905255,"unspecified (Shrub, leaves and stems)",,,,"this study",,,0.715835,,,,,,,,"WANG-0954",
"SAISO116",,,,,"bulk solid","bulk tissue",,"organism : plant : plant tissue",,,,,,,,"field",,,,"South Africa",-33.20752,20.622234,"unspecified (Shrub, leaves and stems)",,,,"this study",,,0.71807,,,,,,,,"WANG-0955",
"SAISO117",,,,,"bulk solid","bulk tissue",,"organism : plant : plant tissue",,,,,,,,"field",,,,"South Africa",-33.18837,20.583618,"unspecified (Flowers with stems)",,,,"this study",,,0.721322,,,,,,,,"WANG-0956",
"SAISO118",,,,,"bulk solid","bulk tissue",,"organism : plant : plant tissue",,,,,,,,"field",,,,"South Africa",-32.83783,20.55902,"Poaceae",,,,"this study",,,0.714537,,,,,,,,"WANG-0957",
"SAISO119",,,,,"bulk solid","bulk tissue",,"organism : plant : plant tissue",,,,,,,,"field",,,,"South Africa",-32.72455,20.487529,"unspecified (Shrub, leaves and stems)",,,,"this study",,,0.715515,,,,,,,,"WANG-0958",
"SAISO120",,,,,"bulk solid","bulk tissue",,"organism : plant : plant tissue",,,,,,,,"field",,,,"South Africa",-32.45195,20.658406,"unspecified (Shrub, leaves and stems)",,,,"this study",,,0.711517,,,,,,,,"WANG-0959",
"SAISO121",,,,,"bulk solid","bulk tissue",,"organism : plant : plant tissue",,,,,,,,"field",,,,"South Africa",-32.63819,20.453988,"unspecified (Flowers with stems)",,,,"this study",,,0.713542,,,,,,,,"WANG-0960",
"SAISO122",,,,,"bulk solid","bulk tissue",,"organism : plant : plant tissue",,,,,,,,"field",,,,"South Africa",-32.75582,20.515644,"unspecified (Shrub, leaves and stems)",,,,"this study",,,0.716136,,,,,,,,"WANG-0961",
"SAISO123",,,,,"bulk solid","bulk tissue",,"organism : plant : plant tissue",,,,,,,,"field",,,,"South Africa",-33.23131,20.560107,"unspecified (Shrub, leaves and stems)",,,,"this study",,,0.72219,,,,,,,,"WANG-0962",
"SAISO124",,,,,"bulk solid","bulk tissue",,"organism : plant : plant tissue",,,,,,,,"field",,,,"South Africa",-33.30432,20.560944,"unspecified (Shrub, leaves and stems)",,,,"this study",,,0.722395,,,,,,,,"WANG-0963",
"SAISO125",,,,,"bulk solid","bulk tissue",,"organism : plant : plant tissue",,,,,,,,"field",,,,"South Africa",-33.28907,20.6683,"unspecified (Shrub, leaves and stems)",,,,"this study",,,0.724345,,,,,,,,"WANG-0964",
"SAISO126",,,,,"bulk solid","bulk tissue",,"organism : plant : plant tissue",,,,,,,,"field",,,,"South Africa",-33.26023,20.793965,"unspecified (Shrub, leaves and stems)",,,,"this study",,,0.724322,,,,,,,,"WANG-0965",
"SAISO127",,,,,"bulk solid","bulk tissue",,"organism : plant : plant tissue",,,,,,,,"field",,,,"South Africa",-33.35342,20.953099,"unspecified (Shrub, leaves and stems)",,,,"this study",,,0.718365,,,,,,,,"WANG-0966",
"SAISO128",,,,,"bulk solid","bulk tissue",,"organism : plant : plant tissue",,,,,,,,"field",,,,"South Africa",-33.37702,21.086756,"unspecified (Shrub, leaves and stems)",,,,"this study",,,0.72191,,,,,,,,"WANG-0967",
"SAISO129",,,,,"bulk solid","bulk tissue",,"organism : plant : plant tissue",,,,,,,,"field",,,,"South Africa",-33.37118,21.240141,"unspecified (Shrub, leaves and stems)",,,,"this study",,,0.721283,,,,,,,,"WANG-0968",
"SAISO130",,,,,"bulk solid","bulk tissue",,"organism : plant : plant tissue",,,,,,,,"field",,,,"South Africa",-33.36053,21.398395,"unspecified (Shrub, leaves and stems)",,,,"this study",,,0.722702,,,,,,,,"WANG-0969",
"SAISO131",,,,,"bulk solid","bulk tissue",,"organism : plant : plant tissue",,,,,,,,"field",,,,"South Africa",-33.35648,20.80892,"unspecified (Shrub, leaves and stems)",,,,"this study",,,0.720261,,,,,,,,"WANG-0970",
"SAISO132",,,,,"bulk solid","bulk tissue",,"organism : plant : plant tissue",,,,,,,,"field",,,,"South Africa",-33.43969,20.801929,"unspecified (Shrub, leaves and stems)",,,,"this study",,,0.717959,,,,,,,,"WANG-0971",
"SAISO133",,,,,"bulk solid","bulk tissue",,"organism : plant : plant tissue",,,,,,,,"field",,,,"South Africa",-33.45604,20.865662,"unspecified (Shrub, leaves and stems)",,,,"this study",,,0.717586,,,,,,,,"WANG-0972",
"SAISO134",,,,,"bulk solid","bulk tissue",,"organism : plant : plant tissue",,,,,,,,"field",,,,"South Africa",-33.58196,20.803195,"unspecified (Shrub, leaves and stems)",,,,"this study",,,0.718722,,,,,,,,"WANG-0973",
"SAISO135",,,,,"bulk solid","bulk tissue",,"organism : plant : plant tissue",,,,,,,,"field",,,,"South Africa",-33.66343,20.741129,"unspecified (Shrub, leaves and stems)",,,,"this study",,,0.717935,,,,,,,,"WANG-0974",
"SAISO136",,,,,"bulk solid","bulk tissue",,"organism : plant : plant tissue",,,,,,,,"field",,,,"South Africa",-33.57123,20.648457,"unspecified (Shrub, leaves and stems)",,,,"this study",,,0.718193,,,,,,,,"WANG-0975",
"SAISO137",,,,,"bulk solid","bulk tissue",,"organism : plant : plant tissue",,,,,,,,"field",,,,"South Africa",-33.4846,20.971261,"unspecified (Shrub, leaves and stems)",,,,"this study",,,0.720718,,,,,,,,"WANG-0976",
"SAISO138",,,,,"bulk solid","bulk tissue",,"organism : plant : plant tissue",,,,,,,,"field",,,,"South Africa",-33.46594,21.100187,"Poaceae",,,,"this study",,,0.722874,,,,,,,,"WANG-0977",
"SAISO139",,,,,"bulk solid","bulk tissue",,"organism : plant : plant tissue",,,,,,,,"field",,,,"South Africa",-33.63482,21.696701,"unspecified (Shrub, leaves and stems)",,,,"this study",,,0.716345,,,,,,,,"WANG-0978",
"SAISO140",,,,,"bulk solid","bulk tissue",,"organism : plant : plant tissue",,,,,,,,"field",,,,"South Africa",-33.68118,21.647559,"unspecified (Shrub, leaves and stems)",,,,"this study",,,0.713159,,,,,,,,"WANG-0979",
"SAISO141",,,,,"bulk solid","bulk tissue",,"organism : plant : plant tissue",,,,,,,,"field",,,,"South Africa",-33.73972,21.572243,"unspecified (Shrub, leaves and stems)",,,,"this study",,,0.716033,,,,,,,,"WANG-0980",
"SAISO142",,,,,"bulk solid","bulk tissue",,"organism : plant : plant tissue",,,,,,,,"field",,,,"South Africa",-33.45898,21.757868,"unspecified (Shrub, leaves and stems)",,,,"this study",,,0.720556,,,,,,,,"WANG-0981",
"SAISO143",,,,,"bulk solid","bulk tissue",,"organism : plant : plant tissue",,,,,,,,"field",,,,"South Africa",-33.43947,21.886058,"unspecified (Shrub, leaves and stems)",,,,"this study",,,0.72622,,,,,,,,"WANG-0982",
"SAISO144",,,,,"bulk solid","bulk tissue",,"organism : plant : plant tissue",,,,,,,,"field",,,,"South Africa",-33.5008,22.002749,"Poaceae",,,,"this study",,,0.716132,,,,,,,,"WANG-0983",
"SAISO145",,,,,"bulk solid","bulk tissue",,"organism : plant : plant tissue",,,,,,,,"field",,,,"South Africa",-33.65364,21.895879,"unspecified (Shrub, leaves and stems)",,,,"this study",,,0.714958,,,,,,,,"WANG-0984",
"SAISO146",,,,,"bulk solid","bulk tissue",,"organism : plant : plant tissue",,,,,,,,"field",,,,"South Africa",-33.46731,21.157191,"unspecified (Shrub, leaves and stems)",,,,"this study",,,0.715377,,,,,,,,"WANG-0985",
"SAISO147",,,,,"bulk solid","bulk tissue",,"organism : plant : plant tissue",,,,,,,,"field",,,,"South Africa",-33.73693,22.014266,"unspecified (Shrub, leaves and stems)",,,,"this study",,,0.713947,,,,,,,,"WANG-0986",
"SAISO148",,,,,"bulk solid","bulk tissue",,"organism : plant : plant tissue",,,,,,,,"field",,,,"South Africa",-33.79466,21.862372,"unspecified (Shrub, leaves and stems)",,,,"this study",,,0.716398,,,,,,,,"WANG-0987",
"SAISO149",,,,,"bulk solid","bulk tissue",,"organism : plant : plant tissue",,,,,,,,"field",,,,"South Africa",-33.78089,21.729602,"unspecified (Shrub, leaves and stems)",,,,"this study",,,0.713685,,,,,,,,"WANG-0988",
