X87Sr86Sr	X	Y	r.srsrq1	r.srsrq3	r.meanage_geol	r.age	r.GUM	r.elevation	r.ai	r.pet	r.pet_clim	r.wind	r.dust	r.salt	r.distance	r.volc	r.foss	r.clay	r.cec	r.bulk	r.ocs	r.w0033	r.w1500	r.w0010_30	r.soc	r.ocd	r.nitrogen	r.sw	r.wetland	r.africa.Ca.0	r.africa.Mg.20	r.africa.K.0	r.africa.Al.0	r.africa.Fe.20	r.africa.P.20	r.africa.S.20	r.africa.Zn.20	r.africa.eCEC.20	r.africa.sand.0	r.africa.silt.20	r.africa.texture.0	r.africa.texture.20	r.srsrq1.f05	r.srsrq1.f25
0.726132	1526221.35451563	-3708042.93178641	0.715335011482239	0.703499972820282	771	730	0	465.183258056641	275.078491210938	1283.30065917969	2517.623046875	3.99120092391968	4.81968465138038e-10	7.93652782382637e-11	37.6527061462402	1.21960600069738e-15	5.31240192623832e-14	89.7883224487305	155.121490478516	137.073150634766	19	187.337783813477	46.3438529968262	321.744323730469	79.2803573608398	143.855911254883	125.864799499512	0.111256308853626	70.2660751342773	808.1826171875	146.208419799805	133.817977905273	17.3448581695557	5.63307094573975	8.42990112304688	11.1659784317017	0.762966156005859	8.599778175354	69.8227157592773	3.40692186355591	9	9	0.715341329574585	0.715029001235962
0.712497	1575781.76276687	-4170475.11424157	0.726557016372681	0.717988014221191	771	560	0	5.59565305709839	1077.67919921875	1122.97229003906	1648.74011230469	4.724036693573	1.79745662798325e-11	2.62506877346524e-10	1.94860005378723	3.85266413904925e-15	1.08922839823188e-13	170.565139770508	185.663986206055	111.310356140137	67	290.569580078125	96.7439041137695	349.666870117188	295.250244140625	294.840911865234	129.305526733398	0.187045738101006	53.1586074829102	619.841674804688	163.100494384766	106.575698852539	19.359375	9.92123889923096	7.88517951965332	12.0738945007324	0.904215931892395	7.12278509140015	58.6014556884766	6.72791862487793	5.6859302520752	5.6859302520752	0.715808033943176	0.716283321380615
0.710124	1578213.36572137	-4178938.18089562	0.726557016372681	0.717988014221191	771	560	0	41.8819007873535	1616.19116210938	1129.09899902344	1736.16394042969	4.57298755645752	1.71462549020118e-11	2.64903293745178e-10	5.03783941268921	3.97332059425383e-15	1.13257744383064e-13	119.403076171875	182.232452392578	123.115127563477	38	287.938995361328	51.2793884277344	321.00048828125	187.38005065918	213.416442871094	126.677474975586	0.123250566422939	62.8157691955566	442.021575927734	150.145156860352	87.6070251464844	13.2039737701416	10.8631038665771	7.97469282150269	12.9134120941162	1.43723356723785	5.39993667602539	66.2077941894531	4.37392091751099	9	8.96263599395752	0.720228493213654	0.714486002922058
0.710825	1590912.66928443	-4202342.05926283	0.726557016372681	0.717988014221191	771	560	0	31.9246597290039	1747.82580566406	1280.7705078125	1765.46020507812	4.31495904922485	1.47352199886264e-11	2.67806193887665e-10	8.49043750762939	4.3668084793514e-15	1.29824279039743e-13	99.2553329467773	150.147659301758	127.165870666504	31	297.304565429688	32.7401657104492	338.054260253906	172.885559082031	175.122344970703	96.3021621704102	0.11381209641695	90.1311111450195	381.466918945312	123.045822143555	100.772735595703	12.890682220459	13.873215675354	7.85826253890991	13.9933929443359	1.04233682155609	5.56794738769531	66.9569091796875	3.521155834198	8.75512027740479	8.10839939117432	0.712990403175354	0.712866306304932
0.7102298392	1609277.87322379	-4046282.73477561	0.709096014499664	0.70907998085022	1.29999995231628	560	0	121.753662109375	951.166320800781	1442.99975585938	2137.52368164062	4.59643316268921	3.60278890054744e-11	1.48987627790476e-10	3.851402759552	2.69116301034674e-15	9.24323890539626e-14	135.311279296875	169.999374389648	130.444931030273	32	225.702713012695	75.4235076904297	312.433441162109	151.759963989258	170.078277587891	106.108818054199	0.16560161113739	49.9192085266113	601.772338867188	136.587203979492	75.9270401000977	10.49342918396	8.14254760742188	8.62945938110352	12.4178552627563	0.995002031326294	5.0989727973938	66.9472427368164	3.67912864685059	9	8.99923992156982	0.710492312908173	0.710744857788086
0.7100479633	1609119.51880747	-4055347.05693434	0.715143024921417	0.712998986244202	448	560	0	30.492504119873	749.434143066406	1441.82495117188	2000.71875	4.46371221542358	3.47923183319221e-11	1.55523552369807e-10	0.281735420227051	2.78888498971323e-15	9.4877834159058e-14	173.965255737305	174.167449951172	128.765350341797	32	267.899810791016	94.1545791625977	334.339691162109	161.07633972168	210.219833374023	124.879173278809	0.17506168782711	43.7827033996582	635.328430175781	180.307830810547	83.7436447143555	14.3532218933105	9.71938991546631	9.67144298553467	11.0246076583862	0.771188676357269	7.63441038131714	61.155403137207	5.91536331176758	5.54700517654419	4.60148000717163	0.710539638996124	0.711077809333801
0.7112860782	1611090.209242	-4037699.64124306	0.709096014499664	0.70907998085022	1.29999995231628	560	0	21.1595973968506	889.361389160156	1477.49780273438	2131.67309570312	4.25196027755737	3.72649688884508e-11	1.42477737941071e-10	8.94097328186035	2.59341985515656e-15	8.99610518457356e-14	135.869384765625	179.81575012207	126.024070739746	29	322.338348388672	75.2613372802734	327.989044189453	288.839416503906	181.458709716797	174.900527954102	0.129911333322525	56.5640983581543	636.588684082031	142.497543334961	93.9670257568359	12.0233936309814	7.32742500305176	7.67790651321411	11.5338640213013	1.00850057601929	4.78517150878906	66.8257064819336	3.96162462234497	8.69584846496582	8.69584846496582	0.709842562675476	0.711332738399506
0.7105376822	1611737.09741693	-4064636.48806083	0.709096014499664	0.70907998085022	1.29999995231628	560	0	60.2659912109375	1026.56481933594	1438.69787597656	2063.73901367188	4.45369720458984	3.38816509570794e-11	1.59022489620853e-10	2.24709939956665	2.91887998316129e-15	9.89467432684424e-14	158.695663452148	165.747360229492	129.523818969727	34	224.036483764648	84.8311767578125	320.251037597656	129.671142578125	187.796813964844	128.832046508789	0.140759527683258	43.6509246826172	694.892944335938	201.377319335938	94.3919906616211	11.9131641387939	9.08911609649658	9.3138542175293	12.0699987411499	0.922403514385223	5.7820930480957	61.469482421875	4.5614275932312	8.50068092346191	7.9633092880249	0.712640821933746	0.711235821247101
0.71024	1604906.15614775	-4188129.92239728	0.709096014499664	0.70907998085022	1.29999995231628	560	0	3	1706.74890136719	1331.30651855469	1838.12219238281	3.96258187294006	1.74108037015452e-11	2.42669662142703e-10	16.0229148864746	4.31835184202135e-15	1.36273980923425e-13	128.716384887695	157.627777099609	113.058135986328	31	302	70	331	300	234	115	0.10579002648592	112.489700317383	457.217803955078	178.444961547852	105.178161621094	11.1880903244019	14.897518157959	7.15725994110107	13.6994276046753	0.967304766178131	6.4464430809021	65.1942977905273	3.96900725364685	6.14738082885742	6.10598945617676	0.709096014499664	0.710598468780518
0.7159161185	1614738.41873989	-4016592.20193102	0.739764988422394	0.728944003582001	1300	730	0	172.160354614258	860.419921875	1504.59594726562	2211.98852539062	3.81443643569946	4.03097277779096e-11	1.2632440926641e-10	21.8234691619873	2.37798634238485e-15	8.45360362115334e-14	117.04899597168	153.268615722656	130.705459594727	27	218.937286376953	72.3863906860352	331.498382568359	137.348831176758	146.997360229492	88.2268905639648	0.109159357845783	74.7410125732422	666.818969726562	149.162322998047	89.1266632080078	13.6301183700562	6.3878002166748	9.31405353546143	10.4515562057495	0.822118818759918	5.92214393615723	68.3016052246094	3.59360575675964	9	9	0.721924722194672	0.716845571994781
0.7154083536	1615655.82889321	-4002599.48257409	0.739764988422394	0.728944003582001	1300	730	0	315.253692626953	906.734741210938	1509.86596679688	2188.73120117188	3.56434345245361	4.21952993379104e-11	1.16740603295362e-10	30.1096591949463	2.22143496021623e-15	8.03503653044359e-14	139.537490844727	172.609405517578	129.527801513672	28	220.002899169922	71.7458648681641	345.127471923828	114.641571044922	159.384216308594	98.8754653930664	0.109572932124138	85.787841796875	541.276550292969	140.2197265625	89.3665390014648	13.8977584838867	6.5913290977478	9.19515323638916	11.4778928756714	0.827840626239777	7.46240425109863	68.5253067016602	3.34765791893005	9	8.30833053588867	0.739203929901123	0.722594201564789
0.7180655396	1620182.10844059	-3990174.17559801	0.709096014499664	0.70907998085022	1.29999995231628	730	0	342.072448730469	884.367797851562	1540.60583496094	2175.306640625	3.38963460922241	5.59721435866578e-11	1.08842990176328e-10	39.9118995666504	2.16757192334209e-15	7.89407669549332e-14	141.055480957031	163.713088989258	128.437942504883	34	207.671264648438	63.0052642822266	344.961334228516	91.1956939697266	141.720886230469	98.6397705078125	0.109560303390026	93.3877868652344	406.549255371094	135.394149780273	81.5834655761719	15.3343868255615	7.19818735122681	8.69038867950439	10.6825942993164	0.928897261619568	6.46178102493286	69.4071807861328	3.18117713928223	9	8.37334823608398	0.716316401958466	0.726323902606964
0.7169489792	1618760.6001197	-4032853.96943026	0.718111991882324	0.707082986831665	771	730	0	11.243109703064	867.94873046875	1512.40771484375	2154.52075195312	3.78525042533875	3.8607127911261e-11	1.33801497659292e-10	18.0209217071533	2.59701275716058e-15	9.09171961891234e-14	127.793434143066	169.727691650391	127.563514709473	29	310.172698974609	77.3716583251953	325.092559814453	149.413635253906	149.919464111328	96.5426406860352	0.106888845562935	67.433723449707	691.567504882812	164.027069091797	97.5792388916016	13.9436464309692	8.3643741607666	8.19600677490234	12.1760835647583	1.01222932338715	6.18691062927246	60.9701080322266	4.80424785614014	8.16611766815186	6.84129285812378	0.71121084690094	0.713160037994385
0.7106235428	1616594.15434885	-4086353.02974807	0.715143024921417	0.712998986244202	448	560	0	79.4019927978516	1131.92321777344	1443.45190429688	2036.826171875	4.34195327758789	3.14176948346123e-11	1.68803457323285e-10	3.31078171730042	3.22005482953529e-15	1.08595979973237e-13	134.974487304688	172.80354309082	127.656784057617	23	230.368865966797	58.2756156921387	345.316772460938	166.925170898438	190.695343017578	105.07592010498	0.105291873216629	42.8556900024414	478.458404541016	109.725173950195	77.813346862793	11.5386762619019	8.61375141143799	8.07166194915771	12.1792898178101	0.995440244674683	4.49416732788086	69.3633728027344	3.46389865875244	9	9	0.709579765796661	0.710737228393555
0.7115820738	1617899.46483569	-4065511.16936278	0.715143024921417	0.712998986244202	448	560	0	186.63703918457	1051.12939453125	1439.11022949219	2174.5107421875	4.31506824493408	3.42364782357496e-11	1.55046919747548e-10	7.55022859573364	2.97916543559975e-15	1.01764740568795e-13	138.577209472656	151.762420654297	128.918838500977	30	266.119842529297	69.0439529418945	327.978912353516	113.41242980957	151.723541259766	86.3633575439453	0.108772046864033	47.4702606201172	522.674865722656	136.408828735352	78.8715362548828	10.2077693939209	6.6661376953125	9.29082775115967	13.3213491439819	0.927267134189606	4.09437274932861	66.8100051879883	4.05887603759766	9	9	0.713500618934631	0.711540102958679
0.727602525	1623226.26228328	-3985845.55488258	0.739764988422394	0.728944003582001	1300	730	0	435.166259765625	844.951416015625	1537.48657226562	2275.59228515625	3.5128002166748	6.65214758277521e-11	1.05142693163085e-10	45.9448547363281	2.18593242126502e-15	7.94526730106722e-14	118.896148681641	148.544662475586	131.72526550293	31	208.839111328125	76.2677612304688	338.04541015625	105.734268188477	144.476486206055	95.6875991821289	0.113064177334309	94.6322479248047	545.584106445312	145.147918701172	88.8758163452148	15.6700553894043	7.14334344863892	8.83938121795654	13.6733407974243	0.822118818759918	7.36255836486816	65.6303024291992	3.99886655807495	9	6.16385126113892	0.732922375202179	0.724544107913971
0.71041	1616362.33751378	-4110940.91843207	0.709096014499664	0.70907998085022	1.29999995231628	560	0	24.548282623291	1264.61462402344	1440.73449707031	1954.37170410156	4.53706073760986	2.82715604399408e-11	1.83498091721468e-10	1.84790050983429	3.50558815374706e-15	1.17079170794052e-13	138.349609375	172.951721191406	121.463417053223	41	304.437133789062	82.9561004638672	343.231231689453	357.583038330078	290.697631835938	109.85033416748	0.191963285207748	37.5760345458984	487.225341796875	124.405731201172	83.7836151123047	11.5583839416504	8.84633159637451	8.60323524475098	11.2686548233032	0.732765257358551	4.79418802261353	67.0000915527344	3.13128995895386	9	7.45762491226196	0.710406184196472	0.71109014749527
0.7153595616	1626420.26430114	-3984377.28266629	0.711284995079041	0.710537016391754	240	730	0	334.289794921875	791.9775390625	1575.72631835938	2263.14526367188	3.52651381492615	6.86116094494871e-11	1.03167106801916e-10	49.0533599853516	2.20595352728103e-15	7.99934052916722e-14	119.999649047852	140.448669433594	130.924957275391	23	201.637573242188	67.8788375854492	331.232879638672	80.0553741455078	136.641525268555	84.1643142700195	0.115856237709522	97.4063339233398	569.980041503906	136.345809936523	90.1142272949219	13.0423049926758	6.29090881347656	7.79908227920532	10.351601600647	0.819723665714264	5.62901401519775	70.4069900512695	3.94763517379761	9	8.986083984375	0.736248910427094	0.722973167896271
0.7115455465	1623358.80098889	-4066959.72819612	0.709096014499664	0.70907998085022	1.29999995231628	560	0	131.860214233398	1045.29992675781	1472.49084472656	2177.46606445312	4.07843828201294	3.45886271013729e-11	1.51039292184407e-10	12.9753818511963	3.03956375517843e-15	1.04619919227399e-13	139.878982543945	155.164154052734	128.907806396484	27	237.744247436523	59.7320556640625	340.606323242188	115.05810546875	151.47412109375	86.8902435302734	0.110288508236408	51.1401290893555	396.557708740234	123.181060791016	80.648193359375	11.5646686553955	6.40833425521851	8.20792198181152	11.1218233108521	0.857915818691254	4.28252696990967	70.5380172729492	4.07188653945923	9	9	0.712678074836731	0.712015211582184
0.71124	1622460.5772768	-4112131.06090384	0.715143024921417	0.712998986244202	448	560	0	57.7971115112305	1232.662109375	1467.93725585938	2085.13891601562	4.28718137741089	2.85628916352199e-11	1.78763392977288e-10	7.72402238845825	3.56856505337542e-15	1.20778753209642e-13	128.113967895508	158.729721069336	127.339424133301	38	297.671081542969	57.9915313720703	351.916290283203	197.27473449707	222.65478515625	102.845726013184	0.131412237882614	37.8534393310547	514.183837890625	126.530235290527	78.5883026123047	8.77061080932617	7.15595054626465	6.70888566970825	8.31587982177734	0.765373706817627	4.18878555297852	72.4114227294922	3.30716776847839	9	9	0.711708903312683	0.711680769920349
0.709282	1612917.22949441	-4277936.82555221	0.709096014499664	0.70907998085022	1.29999995231628	560	0	50.2154922485352	2919.35791015625	1224.67297363281	1629.25476074219	4.77256727218628	1.10607217829184e-11	2.62210669843554e-10	2.27916765213013	5.12798404948963e-15	1.4010854650949e-13	112.280570983887	186.305877685547	122.863250732422	61	299.037567138672	75.2793121337891	338.030120849609	405.390533447266	310.502349853516	136.38215637207	0.155230894684792	61.1780586242676	566.692504882812	149.676879882812	98.6791687011719	32.676155090332	23.3457279205322	10.713960647583	14.1750268936157	2.23324656486511	6.30720520019531	51.9108390808105	5.37695980072021	6	6	0.710308134555817	0.713522374629974
0.7122459323	1626094.81900264	-4065932.38523254	0.709096014499664	0.70907998085022	1.29999995231628	560	0	141.320587158203	1048.52368164062	1479.21923828125	2190.26928710938	3.95994639396667	3.4881507404716e-11	1.48899850782591e-10	15.1788234710693	3.04382687200196e-15	1.0508783377999e-13	145.803085327148	164.999740600586	129.724594116211	24	232.862075805664	64.5521545410156	338.602569580078	131.825424194336	147.265029907227	84.9465637207031	0.111363984644413	52.7115478515625	402.428802490234	122.383201599121	79.6608428955078	12.7391386032104	6.42476463317871	8.43540954589844	10.5867414474487	0.830924391746521	4.34972476959229	71.0953521728516	4.27535438537598	9	9	0.712230145931244	0.712166428565979
0.7118119038	1628172.91307156	-4036051.2554423	0.709096014499664	0.70907998085022	1.29999995231628	730	0	93.0205688476562	896.063720703125	1520.72351074219	2185.6416015625	3.48590183258057	3.90035087560747e-11	1.29473445853456e-10	24.1614170074463	2.70265978853982e-15	9.4836593818922e-14	131.580505371094	162.212982177734	131.653213500977	24	240.104095458984	79.3729476928711	318.806030273438	168.691314697266	150.429672241211	84.3740692138672	0.116139359772205	74.0316162109375	674.785400390625	130.666046142578	96.2837142944336	15.7544069290161	6.47147989273071	7.77531623840332	9.38995742797852	0.748276174068451	4.59932041168213	70.7489471435547	3.32604265213013	9	9	0.711656093597412	0.712743401527405
0.7151286536	1631437.25332603	-3988208.9264443	0.739764988422394	0.728944003582001	1300	730	0	341.806640625	818.80908203125	1576.04089355469	2263.14453125	3.48375940322876	6.06002123482163e-11	1.01403156704816e-10	51.0240783691406	2.25227775916637e-15	8.12438766435719e-14	130.756271362305	145.74462890625	131.688919067383	22	202.792190551758	73.3027801513672	329.879669189453	77.3376083374023	151.699066162109	87.0180740356445	0.118544012308121	107.220222473145	569.216491699219	145.235198974609	81.8537292480469	15.5419025421143	6.45260906219482	7.39819955825806	10.1179857254028	0.822118818759918	5.11951446533203	73.4311904907227	3.70204496383667	9	9	0.728378534317017	0.720876097679138
0.7116159809	1628088.69809858	-4069493.82511085	0.709096014499664	0.70907998085022	1.29999995231628	560	0	158.671905517578	1065.45092773438	1482.76171875	2209.873046875	3.90277457237244	3.45125698852922e-11	1.49729742493498e-10	16.7006206512451	3.107760283586e-15	1.07421348563303e-13	140.562103271484	160.459228515625	129.408493041992	28	232.39387512207	60.5492095947266	347.165161132812	136.062362670898	160.893951416016	101.788436889648	0.112258799374104	52.7716445922852	474.301025390625	107.050857543945	81.956787109375	13.2813053131104	7.36983680725098	8.66992568969727	11.5193710327148	0.914094269275665	5.20052766799927	69.1266098022461	4.23228168487549	9	9	0.713123321533203	0.712282359600067
0.7115252773	1629408.22206774	-4057261.44036003	0.715143024921417	0.712998986244202	448	560	0	229.179641723633	1055.625	1485.98913574219	2228.8623046875	3.70300912857056	3.62664516473377e-11	1.41122141750216e-10	21.4005661010742	2.98056092238035e-15	1.03712672401991e-13	146.976837158203	171.629943847656	128.767425537109	26	231.739440917969	70.6573944091797	344.651763916016	130.626846313477	147.82177734375	93.7527008056641	0.124019503593445	57.9631385803223	503.618133544922	108.67594909668	80.7819290161133	14.5826110839844	6.38905620574951	8.026535987854	11.3213796615601	0.905727982521057	6.52895975112915	69.234489440918	3.90655970573425	9	8.93471240997314	0.712600708007812	0.712521851062775
0.71292185	1618281.04414062	-4259070.05961832	0.726557016372681	0.717988014221191	771	560	0	230.337890625	2663.24584960938	1256.36340332031	1840.79614257812	4.4311466217041	1.20590048363622e-11	2.53873616573586e-10	14.9327430725098	5.06884505614529e-15	1.50740585378589e-13	127.349937438965	162.084106445312	125.095748901367	49	293.089141845703	69.003547668457	346.431579589844	301.988647460938	248.238876342773	173.872253417969	0.155078664422035	67.7304153442383	382.421478271484	91.094970703125	98.9816818237305	18.4355926513672	16.4846572875977	11.4575386047363	16.2681751251221	2.59979915618896	7.67280101776123	58.8936462402344	4.75453567504883	6.01744604110718	6	0.724926233291626	0.714811325073242
0.7117985217	1633469.55817173	-4052528.53376958	0.715143024921417	0.712998986244202	448	560	0	108.540939331055	969.958557128906	1519.12536621094	2190.5439453125	3.36374115943909	3.72634215151102e-11	1.35237182563586e-10	26.8028221130371	2.95272254929413e-15	1.03328952924357e-13	129.291946411133	157.1318359375	127.207916259766	28	274.457611083984	73.998893737793	343.502563476562	140.829406738281	159.648132324219	115.367240905762	0.125959888100624	64.1204071044922	692.065612792969	132.812469482422	105.844909667969	20.210578918457	7.37849569320679	9.35288715362549	11.8158645629883	0.879568099975586	6.2053484916687	68.8203048706055	4.16560125350952	9	9	0.714820146560669	0.712786853313446
0.7115510076	1634556.23698514	-4040311.98445308	0.709096014499664	0.70907998085022	1.29999995231628	634.602233886719	0	109.020408630371	917.816589355469	1536.009765625	2197.9501953125	3.32218933105469	3.89481849549789e-11	1.2755614620108e-10	29.88014793396	2.81706471707719e-15	9.90323884638052e-14	131.407455444336	156.415863037109	131.389678955078	28	217.138641357422	80.042121887207	324.591888427734	155.319732666016	139.189651489258	82.4705963134766	0.114990010857582	76.2718887329102	765.742065429688	152.56640625	92.2736053466797	15.6140823364258	6.45672178268433	8.49140071868896	10.8497371673584	0.820729553699493	5.50271558761597	68.9883728027344	3.5601658821106	9	9	0.710654318332672	0.712275862693787
0.7193533741	1638098.18494175	-3991807.32879401	0.711284995079041	0.710537016391754	240	730	0	347.921691894531	840.658752441406	1585.71496582031	2263.619140625	3.35799193382263	5.49255051163211e-11	9.87321821521725e-11	54.4487495422363	2.30379980873253e-15	8.26487248323064e-14	126.680000305176	144.055252075195	134.212814331055	28	199.874038696289	62.1326675415039	335.567352294922	95.3046035766602	144.111190795898	81.2350082397461	0.121870510280132	118.156768798828	626.961669921875	138.641662597656	88.217041015625	16.2754497528076	7.41216230392456	8.09489059448242	10.1126461029053	0.826939940452576	6.4035267829895	72.2045440673828	3.68291854858398	8.92452621459961	8.61527252197266	0.718617737293243	0.717522799968719
0.7118646189	1636113.18067911	-4034221.86256049	0.709096014499664	0.70907998085022	1.29999995231628	730	0	95.2121200561523	873.243835449219	1554.17822265625	2243.11669921875	3.32674169540405	3.98346078345213e-11	1.23381402317158e-10	32.5423469543457	2.75314930494328e-15	9.70367381824926e-14	133.157119750977	151.453903198242	130.11865234375	24	216.987930297852	86.1992797851562	316.233703613281	126.865028381348	134.950836181641	82.2725067138672	0.106680981814861	82.8753356933594	874.141296386719	137.185974121094	91.0526580810547	15.431999206543	6.31965398788452	7.56359577178955	10.4285192489624	0.822118818759918	5.75993871688843	69.0664520263672	3.887131690979	9	9	0.709096014499664	0.713018238544464
0.7118140449	1636801.0405075	-4034148.58734376	0.709096014499664	0.70907998085022	1.29999995231628	730	0	101.321319580078	874.442749023438	1560.77221679688	2243.8681640625	3.2877721786499	4.00555456858687e-11	1.22117899126195e-10	33.7231292724609	2.74898169108455e-15	9.69663734614983e-14	130.835678100586	156.578994750977	129.900924682617	24	210.688613891602	80.735481262207	317.683349609375	134.298431396484	142.945861816406	85.0335311889648	0.10451278090477	84.8242645263672	886.912963867188	149.097763061523	86.0261993408203	15.5336751937866	6.38905620574951	6.64413690567017	10.937050819397	0.822118818759918	5.75809621810913	67.7801895141602	4.2794885635376	9	9	0.7093186378479	0.71311616897583
0.7134591446	1639493.43746993	-3994429.89395727	0.739764988422394	0.728944003582001	1300	730	0	273.539031982422	838.15380859375	1604.2900390625	2241.53369140625	3.12012577056885	4.9202333179954e-11	9.83274017762881e-11	54.4343566894531	2.32558676668533e-15	8.32523272867834e-14	124.467636108398	142.759948730469	132.689224243164	22	202.774459838867	63.1766700744629	335.325805664062	74.2978973388672	130.772232055664	82.4814453125	0.1207135617733	124.271469116211	700.655822753906	133.737319946289	102.226867675781	18.6301403045654	5.98440885543823	6.32296943664551	8.86372470855713	0.800747275352478	5.29790925979614	75.0256042480469	3.4280309677124	9	9	0.71536785364151	0.71664035320282
0.71204897845	1634827.24989627	-4079593.20337332	0.709096014499664	0.70907998085022	1.29999995231628	560	0	213.241348266602	1125.1767578125	1507.55346679688	2185.83959960938	3.66292309761047	3.37276977180334e-11	1.49988535480539e-10	23.2776489257812	3.28479525175983e-15	1.14412914364002e-13	148.077606201172	153.16667175293	129.218780517578	50	275.759613037109	57.1068153381348	341.555084228516	146.635650634766	166.80046081543	93.0206069946289	0.121332377195358	52.9237861633301	443.445587158203	117.138397216797	89.1898727416992	13.8244276046753	7.86840581893921	9.19271945953369	11.9274368286133	0.961718022823334	5.53375768661499	70.121452331543	3.18649387359619	9	8.92760848999023	0.711783587932587	0.712719142436981
0.7117379647	1637981.2151759	-4044064.91850395	0.718111991882324	0.707082986831665	771	560	0	91.9737854003906	930.372680664062	1547.29284667969	2189.94360351562	3.23809504508972	3.88046851595991e-11	1.27166027708014e-10	32.3774490356445	2.87658381645662e-15	1.01239417511171e-13	131.548278808594	159.48957824707	129.887741088867	28	276.097442626953	74.9891204833984	321.515350341797	122.602355957031	159.407958984375	96.6270599365234	0.112607590854168	76.1671371459961	635.178161621094	141.425399780273	92.0269775390625	17.159646987915	6.54696464538574	7.78382778167725	10.7016124725342	0.913242697715759	5.02471160888672	71.061882019043	3.78789401054382	9	9	0.712657868862152	0.712385714054108
0.7115802155	1638125.47494275	-4049304.20884037	0.718111991882324	0.707082986831665	771	560	0	64.8052291870117	955.392761230469	1545.65100097656	2152.10498046875	3.17975783348083	3.80000926558655e-11	1.30591995550766e-10	30.9751224517822	2.94856001763308e-15	1.03630544087425e-13	132.512176513672	156.293823242188	130.136947631836	25	298.532501220703	69.910530090332	341.244812011719	159.672515869141	161.769760131836	121.32048034668	0.118903875350952	70.3099136352539	849.774780273438	171.914077758789	98.5016098022461	17.5413570404053	7.27718687057495	9.23661613464355	11.4312982559204	0.834389507770538	5.61809158325195	66.8226013183594	4.545729637146	8.8159875869751	8.4252233505249	0.715182662010193	0.712948977947235
0.7430435	1646888.07802647	-3893732.6470822	0.71060699224472	0.707871973514557	1300	730	0	1028.47326660156	931.726318359375	1497.46752929688	2322.904296875	3.39399361610413	2.44604198007536e-10	6.93069490687037e-11	105.26725769043	2.14624426900494e-15	7.79782461475184e-14	160.664886474609	136.135345458984	131.014373779297	16	214.19938659668	65.0547790527344	319.527893066406	72.1997222900391	107.686424255371	59.7020568847656	0.133346557617188	43.100471496582	757.120788574219	150.333480834961	145.291748046875	10.9490985870361	5.49767875671387	6.15977096557617	10.1087913513184	0.822118818759918	6.01214075088501	68.10498046875	4.1046781539917	9	9	0.721013784408569	0.720121502876282
0.7133859002	1636487.76902352	-4084265.2536757	0.709096014499664	0.70907998085022	1.29999995231628	560	0	221.980361938477	1120.08032226562	1517.14074707031	2188.2001953125	3.68230438232422	3.32078461950935e-11	1.5119633323124e-10	24.4882640838623	3.36148053260656e-15	1.17373531683881e-13	136.44758605957	148.287170410156	128.686828613281	32	300.666198730469	67.12255859375	345.209320068359	163.651657104492	175.865905761719	107.396644592285	0.120339147746563	51.6673049926758	399.698608398438	138.015594482422	93.3856353759766	13.7938919067383	8.66567516326904	10.0036706924438	12.8347930908203	0.973070323467255	5.53658294677734	64.6810455322266	3.58411574363708	7.97574758529663	7.33724927902222	0.712231516838074	0.712664246559143
0.7146642262	1640043.24222273	-4027875.45736809	0.718111991882324	0.707082986831665	771	730	0	61.2837448120117	870.109680175781	1591.42041015625	2208.82763671875	3.06593036651611	4.11228065488878e-11	1.16645887393574e-10	38.6285171508789	2.70043124485559e-15	9.55263225834758e-14	127.950538635254	148.159759521484	130.789031982422	23	216.925811767578	68.2920761108398	336.229370117188	157.528793334961	149.304702758789	104.725967407227	0.104531861841679	93.7161331176758	911.877502441406	184.709945678711	101.446716308594	17.502742767334	5.13513326644897	6.58038806915283	9.06608390808105	0.796148419380188	6.4611349105835	67.8399200439453	3.90848064422607	9	9	0.711767435073853	0.713561832904816
0.71169	1634371.60693346	-4134728.29440039	0.715143024921417	0.712998986244202	448	560	0	174.598083496094	1387.11120605469	1484.66235351562	2086.1796875	3.64729237556458	2.62838292797163e-11	1.80896103652017e-10	21.9338531494141	3.94922250690445e-15	1.37083866393745e-13	109.506637573242	136.811447143555	128.630172729492	38	249.025192260742	35.7926368713379	337.923156738281	180.896057128906	215.553115844727	98.8623962402344	0.113803043961525	51.6642150878906	298.807769775391	94.4369201660156	74.7122955322266	11.1997041702271	14.5093955993652	9.61591053009033	11.6412687301636	1.01245164871216	4.59767913818359	69.5410461425781	3.72155523300171	9	9	0.714885532855988	0.71256422996521
0.7136142716	1643682.71021283	-4004279.41745226	0.713784992694855	0.708616018295288	583.75	730	0	212.868667602539	912.353881835938	1614.17687988281	2200.29345703125	2.94057250022888	4.45717455999084e-11	1.01013204745204e-10	53.2340927124023	2.45545089354305e-15	8.73937085351349e-14	122.756019592285	143.912322998047	132.168243408203	27	219.95344543457	74.4520111083984	332.692810058594	99.5269546508789	138.059494018555	89.1817398071289	0.115172736346722	121.041969299316	627.208679199219	158.646408081055	109.091835021973	17.174144744873	5.82106828689575	5.23728227615356	8.02461433410645	0.715277016162872	5.36873912811279	73.0879364013672	2.6911039352417	9	9	0.713263988494873	0.715432584285736
0.7111317521	1643149.10328468	-4027517.43927794	0.718111991882324	0.707082986831665	771	730	0	95.3118209838867	892.831787109375	1601.45629882812	2211.76806640625	2.98146796226501	4.13897457973711e-11	1.14641941773019e-10	41.3305168151855	2.72362766563262e-15	9.64236354064792e-14	122.993240356445	158.703491210938	131.813613891602	27	216.078735351562	74.0690536499023	330.948211669922	98.6611480712891	144.640594482422	88.250617980957	0.10405221581459	96.9284057617188	716.588073730469	147.276031494141	101.824592590332	18.6446971893311	5.96293544769287	6.60233974456787	8.06012535095215	0.776964485645294	5.35490989685059	70.3132629394531	3.73963332176208	9	9	0.711544811725616	0.713153779506683
0.7106255255	1643199.8552845	-4028145.10223672	0.709096014499664	0.70907998085022	1.29999995231628	730	0	88.3893890380859	893.252014160156	1604.51147460938	2210.74633789062	2.95953178405762	4.14787232339009e-11	1.13973962212466e-10	42.4625205993652	2.73135980589164e-15	9.67227396808136e-14	119.149124145508	158.2607421875	131.559555053711	26	215.896026611328	74.020133972168	335.849090576172	101.263771057129	145.662506103516	95.7358322143555	0.103918373584747	97.9991607666016	704.605895996094	153.673233032227	101.460845947266	19.0492115020752	5.77597141265869	6.34408187866211	7.7827615737915	0.79183691740036	5.45690822601318	70.1987075805664	4.1179051399231	9	9	0.71121084690094	0.713001787662506
0.7096002396	1643326.37016005	-4027783.26300864	0.709096014499664	0.70907998085022	1.29999995231628	730	0	88.3893890380859	893.252014160156	1604.51147460938	2210.74633789062	2.95953178405762	4.14787232339009e-11	1.13973962212466e-10	42.4625205993652	2.73135980589164e-15	9.67227396808136e-14	119.149124145508	158.2607421875	131.559555053711	26	215.896026611328	74.020133972168	335.849090576172	101.263771057129	145.662506103516	95.7358322143555	0.103918373584747	97.9991607666016	704.605895996094	153.673233032227	101.460845947266	19.0492115020752	5.77597141265869	6.34408187866211	7.7827615737915	0.79183691740036	5.45690822601318	70.1987075805664	4.1179051399231	9	9	0.71121084690094	0.713001787662506
0.7120756582	1643327.92452441	-4027804.4282924	0.709096014499664	0.70907998085022	1.29999995231628	730	0	88.3893890380859	893.252014160156	1604.51147460938	2210.74633789062	2.95953178405762	4.14787232339009e-11	1.13973962212466e-10	42.4625205993652	2.73135980589164e-15	9.67227396808136e-14	119.149124145508	158.2607421875	131.559555053711	26	215.896026611328	74.020133972168	335.849090576172	101.263771057129	145.662506103516	95.7358322143555	0.103918373584747	97.9991607666016	704.605895996094	153.673233032227	101.460845947266	19.0492115020752	5.77597141265869	6.34408187866211	7.7827615737915	0.79183691740036	5.45690822601318	70.1987075805664	4.1179051399231	9	9	0.71121084690094	0.713001787662506
0.7169687061	1643355.42075317	-4027815.07071382	0.709096014499664	0.70907998085022	1.29999995231628	730	0	88.3893890380859	893.252014160156	1604.51147460938	2210.74633789062	2.95953178405762	4.14787232339009e-11	1.13973962212466e-10	42.4625205993652	2.73135980589164e-15	9.67227396808136e-14	119.149124145508	158.2607421875	131.559555053711	26	215.896026611328	74.020133972168	335.849090576172	101.263771057129	145.662506103516	95.7358322143555	0.103918373584747	97.9991607666016	704.605895996094	153.673233032227	101.460845947266	19.0492115020752	5.77597141265869	6.34408187866211	7.7827615737915	0.79183691740036	5.45690822601318	70.1987075805664	4.1179051399231	9	9	0.71121084690094	0.713001787662506
0.7093256256	1643441.27036272	-4027960.59622803	0.709096014499664	0.70907998085022	1.29999995231628	730	0	88.3893890380859	893.252014160156	1604.51147460938	2210.74633789062	2.95953178405762	4.14787232339009e-11	1.13973962212466e-10	42.4625205993652	2.73135980589164e-15	9.67227396808136e-14	119.149124145508	158.2607421875	131.559555053711	26	215.896026611328	74.020133972168	335.849090576172	101.263771057129	145.662506103516	95.7358322143555	0.103918373584747	97.9991607666016	704.605895996094	153.673233032227	101.460845947266	19.0492115020752	5.77597141265869	6.34408187866211	7.7827615737915	0.79183691740036	5.45690822601318	70.1987075805664	4.1179051399231	9	9	0.71121084690094	0.713001787662506
0.7088890129	1643456.25043254	-4028269.10164919	0.709096014499664	0.70907998085022	1.29999995231628	730	0	108.346229553223	899.318969726562	1600.81640625	2209.18505859375	2.9987313747406	4.13438762392193e-11	1.14534208506267e-10	42.2198867797852	2.74337750934728e-15	9.71327510611297e-14	122.329391479492	158.416610717773	131.170639038086	28	212.5146484375	74.0345458984375	335.937927246094	107.183616638184	146.14582824707	93.8200073242188	0.103534393012524	96.9829559326172	677.378845214844	148.327819824219	103.575805664062	18.951976776123	5.83530473709106	6.12240934371948	8.53137683868408	0.822118818759918	4.96101140975952	71.0547409057617	4.20845031738281	9	9	0.710988283157349	0.712894558906555
0.7119845067	1643666.76010587	-4027995.99091662	0.709096014499664	0.70907998085022	1.29999995231628	730	0	88.3893890380859	893.252014160156	1604.51147460938	2210.74633789062	2.95953178405762	4.14787232339009e-11	1.13973962212466e-10	42.4625205993652	2.73135980589164e-15	9.67227396808136e-14	119.149124145508	158.2607421875	131.559555053711	26	215.896026611328	74.020133972168	335.849090576172	101.263771057129	145.662506103516	95.7358322143555	0.103918373584747	97.9991607666016	704.605895996094	153.673233032227	101.460845947266	19.0492115020752	5.77597141265869	6.34408187866211	7.7827615737915	0.79183691740036	5.45690822601318	70.1987075805664	4.1179051399231	9	9	0.71121084690094	0.713001787662506
0.711640819	1642110.39862123	-4057675.68896651	0.718111991882324	0.707082986831665	771	560	0	112.408111572266	985.198486328125	1556.75305175781	2203.51171875	3.15612363815308	3.7255129536895e-11	1.32155675292012e-10	33.1578750610352	3.07666549233406e-15	1.08402985210272e-13	124.54679107666	141.873168945312	133.709228515625	28	289.960083007812	68.4661560058594	346.072357177734	151.390121459961	179.792633056641	118.761116027832	0.127121716737747	67.0091934204102	639.464599609375	121.711273193359	98.3558502197266	22.4227504730225	8.2245569229126	9.48698139190674	12.0852632522583	0.884076535701752	6.37417507171631	65.6709518432617	3.9304780960083	9	7.66422271728516	0.716572523117065	0.713720560073853
0.7121877345	1643450.98337803	-4055344.54965564	0.715143024921417	0.712998986244202	448	560	0	55.3189086914062	964.601318359375	1572.74499511719	2183.93701171875	3.07055497169495	3.76913673882928e-11	1.2955654604685e-10	35.939826965332	3.06854350516108e-15	1.08343448958475e-13	118.913444519043	146.681533813477	132.898849487305	29	296.493713378906	65.8567657470703	335.877075195312	145.261276245117	161.745132446289	114.914680480957	0.122712902724743	69.5058441162109	643.835144042969	151.265213012695	94.9577789306641	19.1254138946533	8.15643787384033	8.46775245666504	11.9931488037109	0.856287479400635	6.51452112197876	66.2650909423828	4.54405927658081	9	8.94561290740967	0.715382099151611	0.713656783103943
0.7120517893	1646040.60248566	-4040359.78224908	0.709096014499664	0.70907998085022	1.29999995231628	730	0	124.353370666504	906.485107421875	1593.80615234375	2255.51879882812	3.00119638442993	3.98955798952549e-11	1.19831131129011e-10	41.2470855712891	2.90343497264282e-15	1.02759435075678e-13	121.41455078125	177.072052001953	130.894012451172	28	212.754150390625	77.6089324951172	335.522766113281	114.364128112793	146.765853881836	85.6387252807617	0.109876282513142	86.566291809082	814.002746582031	147.325729370117	118.860176086426	23.5189399719238	5.68589448928833	5.03927946090698	10.022967338562	0.827417194843292	5.91152191162109	69.287712097168	4.22298002243042	9	9	0.711990058422089	0.712483406066895
0.7125328207	1645473.56917794	-4056474.69962867	0.715143024921417	0.712998986244202	448	560	0	97.2024917602539	1006.12542724609	1580.37939453125	2174.12377929688	3.04300785064697	3.77208715651722e-11	1.28619920269912e-10	37.3047218322754	3.09661121241777e-15	1.09539479808789e-13	131.99250793457	136.900024414062	132.870391845703	32	271.6279296875	67.2297592163086	332.155242919922	135.508773803711	163.530776977539	115.651458740234	0.121151000261307	70.5443954467773	608.780700683594	149.102401733398	94.0578155517578	19.1562175750732	8.01527976989746	9.02703666687012	11.498477935791	0.967789709568024	6.54619312286377	66.419792175293	4.51980113983154	8.89962100982666	8.84098720550537	0.715242207050323	0.713795721530914
0.71224830715	1647517.74147026	-4025098.65789378	0.718111991882324	0.707082986831665	771	730	0	88.0316162109375	897.376708984375	1628.97216796875	2204.26684570312	2.87107515335083	4.22416233936129e-11	1.09651301927194e-10	47.4025421142578	2.72613573018944e-15	9.6654692441963e-14	126.860496520996	154.716812133789	130.311706542969	23	214.005645751953	73.4083938598633	337.265350341797	118.082336425781	141.106674194336	87.6329040527344	0.103392750024796	105.447982788086	803.609069824219	191.183456420898	120.518501281738	19.1982879638672	5.46232128143311	5.82402324676514	7.54102993011475	0.822118818759918	5.48617458343506	68.9842147827148	3.88181090354919	9	9	0.711069345474243	0.712562441825867
0.7165834107	1649323.55865799	-4012405.0931009	0.713784992694855	0.708616018295288	583.75	730	0	124.672920227051	885.177429199219	1642	2203.82373046875	2.82869601249695	4.40513250876684e-11	1.01766713112017e-10	53.9996452331543	2.59687659661431e-15	9.21367677791073e-14	124.218276977539	139.896041870117	132.064834594727	24	214.971588134766	77.5190887451172	334.403900146484	97.872802734375	138.157363891602	96.3388977050781	0.108432769775391	120.455383300781	937.693786621094	180.176254272461	126.14037322998	19.0490417480469	5.20232677459717	5.26266527175903	7.96425104141235	0.713971734046936	6.22378396987915	68.6588821411133	3.70549559593201	9	9	0.714639723300934	0.712731778621674
0.71286048365	1650682.0637762	-4024725.5153084	0.709096014499664	0.70907998085022	1.29999995231628	730	0	98.9252853393555	883.47607421875	1639.90405273438	2213.12670898438	2.86917734146118	4.2510533287965e-11	1.07671087323791e-10	49.9795722961426	2.74924914173765e-15	9.75245342924209e-14	127.164199829102	167.287872314453	130.242233276367	25	289.268646240234	79.1055374145508	339.419311523438	107.400390625	157.578826904297	94.0201263427734	0.102083913981915	108.753547668457	814.440734863281	179.550048828125	112.261703491211	19.3511905670166	6.33211088180542	6.11221265792847	9.65513610839844	0.828686356544495	5.7971076965332	65.957878112793	4.79084777832031	9	8.28682994842529	0.711042284965515	0.71214896440506
0.7128903108	1651351.9384234	-4045326.47333508	0.718111991882324	0.707082986831665	771	560	0	128.666946411133	981.869873046875	1620.90112304688	2212.90209960938	2.80281496047974	3.97270098762004e-11	1.18292403650244e-10	46.3623008728027	3.01113987056741e-15	1.0699259403793e-13	143.629928588867	167.766235351562	129.2001953125	30	221.478073120117	75.9822235107422	347.088043212891	111.722831726074	163.833358764648	96.0193405151367	0.11465622484684	86.5943374633789	765.248962402344	156.974838256836	106.312919616699	25.4483966827393	6.79260301589966	5.06947946548462	11.2357082366943	1.0477546453476	6.75694179534912	67.8758010864258	4.43236398696899	9	8.50550079345703	0.718111991882324	0.712869226932526
0.7153633389	1653090.85909534	-4022595.34535283	0.709096014499664	0.70907998085022	1.29999995231628	730	0	110.705474853516	879.199401855469	1649.16003417969	2219.65356445312	2.812495470047	4.29631642762107e-11	1.05275413386785e-10	53.026424407959	2.74047366864586e-15	9.72327890403323e-14	117.537330627441	159.896011352539	132.076110839844	22	214.432373046875	70.0779571533203	331.124725341797	106.359100341797	141.942184448242	86.6106567382812	0.10270606726408	113.165412902832	666.995361328125	175.854522705078	116.050079345703	19.7493553161621	6.0163140296936	5.44478607177734	8.19065284729004	0.795911371707916	5.51977109909058	69.841178894043	3.51016569137573	9	9	0.712097942829132	0.711981475353241
0.7174063845	1653492.49155438	-4023513.944689	0.709096014499664	0.70907998085022	1.29999995231628	730	0	104.549171447754	873.349060058594	1652.30590820312	2222.68432617188	2.85087609291077	4.29163579673819e-11	1.05155877061502e-10	53.7281875610352	2.76026035829372e-15	9.79553216968673e-14	118.663627624512	158.188140869141	132.253387451172	25	278.05029296875	72.9100112915039	333.759918212891	96.4190902709961	138.010406494141	92.2103805541992	0.104702688753605	113.174163818359	710.865051269531	177.165023803711	114.224906921387	18.6386909484863	6.7292332649231	5.95345020294189	8.66833591461182	0.7919961810112	5.45061683654785	67.4382858276367	4.54270505905151	9	8.89613628387451	0.711371541023254	0.711982727050781
0.7123784893	1653672.6959448	-4027503.56802648	0.709096014499664	0.70907998085022	1.29999995231628	730	0	148.864501953125	876.330261230469	1642.77783203125	2262.1064453125	2.95453882217407	4.23685114769867e-11	1.07294173545824e-10	52.4765663146973	2.80868099672351e-15	9.97137756478944e-14	128.169952392578	155.184280395508	131.437606811523	26	204.109558105469	72.0957336425781	322.625213623047	118.367134094238	150.449508666992	87.4415664672852	0.109319962561131	108.70671081543	1093.55090332031	176.994262695312	105.414276123047	17.2207298278809	7.12904739379883	5.68276929855347	10.920919418335	0.823060035705566	6.70032119750977	66.5503082275391	4.46355390548706	8.87973880767822	7.49075078964233	0.709096014499664	0.712091684341431
0.711921292	1654028.55161534	-4035542.3192304	0.718111991882324	0.707082986831665	771	730	0	119.388252258301	897.232116699219	1646.97204589844	2241.71630859375	2.85798215866089	4.12713370423479e-11	1.11557443838173e-10	50.6015357971191	2.9056097297349e-15	1.03248586438322e-13	115.778541564941	151.994049072266	130.595108032227	24	246.719863891602	75.430061340332	351.398071289062	94.0409622192383	135.351638793945	96.0327911376953	0.115661859512329	99.713508605957	697.74267578125	162.418869018555	115.159202575684	20.6010761260986	6.99374437332153	5.61334848403931	9.41407108306885	0.966007351875305	5.94970655441284	69.2185592651367	4.65925645828247	9	9	0.713659644126892	0.712345123291016
0.7127495949	1654147.63935687	-4042260.83626683	0.718111991882324	0.707082986831665	771	634.602233886719	0	145.801620483398	932.569396972656	1629.79040527344	2254.8056640625	2.86106586456299	4.03096757362054e-11	1.15273186829246e-10	49.1920051574707	2.99051864170827e-15	1.06361208902783e-13	126.752510070801	160.423126220703	129.768005371094	27	226.856369018555	68.5736694335938	350.844879150391	104.312072753906	158.767227172852	97.3469696044922	0.114694610238075	91.7804183959961	762.669494628906	158.522613525391	108.947174072266	25.2626495361328	7.75595235824585	5.606614112854	11.4161558151245	1.10449993610382	7.68310880661011	69.1919479370117	4.57678937911987	8.46408462524414	8.12855052947998	0.716887593269348	0.712727546691895
0.7122248185	1654587.57747077	-4044750.66104009	0.718111991882324	0.707082986831665	771	560	0	151.568695068359	955.043395996094	1631.69421386719	2225.552734375	2.82231283187866	4.01198831101457e-11	1.1561947232952e-10	49.6961975097656	3.02268365908907e-15	1.07604964977477e-13	125.766723632812	155.735824584961	129.877883911133	26	219.321487426758	73.7261734008789	347.677703857422	121.940567016602	163.693862915039	105.824821472168	0.113970018923283	90.3971099853516	885.541687011719	174.398498535156	108.947174072266	25.9144306182861	8.31721687316895	6.42638492584229	11.7699394226074	1.0912162065506	8.11146068572998	67.5922622680664	4.79761171340942	7.07763528823853	6	0.716777622699738	0.712891161441803
0.7132	1643761.52414464	-4257890.20641642	0.726557016372681	0.717988014221191	771	560	0	148.079788208008	2770.39990234375	1365.8125	1895.60278320312	3.29180264472961	1.31544167919495e-11	2.3131864479442e-10	38.814624786377	5.26759159633961e-15	1.7276654553592e-13	113.035171508789	175.514205932617	130.126220703125	35	280.718505859375	49.4376907348633	351.198089599609	249.933853149414	227.075378417969	153.539306640625	0.156352311372757	69.6355133056641	343.710357666016	95.4853973388672	91.0134658813477	16.2760696411133	15.805230140686	10.0248956680298	19.401346206665	2.97726702690125	6.10977983474731	63.7186050415039	3.9182345867157	8.07828998565674	6	0.720569610595703	0.714611351490021
0.7119637419	1656115.43776141	-4048785.73553062	0.718111991882324	0.707082986831665	771	560	0	148.575210571289	997.284118652344	1633.19226074219	2163.52294921875	2.86717343330383	3.96529128976475e-11	1.17000381605337e-10	50.0631103515625	3.07922056721945e-15	1.09770435200319e-13	129.927154541016	144.575897216797	131.452697753906	28	233.390991210938	68.250862121582	340.461334228516	138.785690307617	154.752731323242	111.156829833984	0.111524149775505	85.7834777832031	768.59716796875	177.865585327148	97.3201370239258	21.0879020690918	8.50219631195068	8.29217624664307	11.4555826187134	1.0369747877121	7.79117822647095	65.9326782226562	4.78462934494019	7.70882511138916	6.52493953704834	0.717267632484436	0.713359296321869
0.7119581071	1657098.6418827	-4038299.58169256	0.718111991882324	0.707082986831665	771	730	0	129.116806030273	923.517456054688	1651.80908203125	2244.84106445312	2.81591963768005	4.11190803628614e-11	1.11060598217971e-10	52.6805801391602	2.96548860635867e-15	1.05578435263039e-13	115.40739440918	148.875411987305	131.565277099609	24	267.542449951172	78.1811752319336	354.254241943359	96.0676956176758	150.900375366211	109.87068939209	0.120430938899517	97.3994522094727	772.191772460938	158.742263793945	109.158729553223	24.1066341400146	8.79131412506104	5.89875078201294	12.1635122299194	1.0650714635849	6.7148060798645	65.6897964477539	5.13397264480591	8.87376880645752	7.74922752380371	0.714104890823364	0.712663590908051
0.7121	1640809.88316781	-4320305.03080175	0.726557016372681	0.717988014221191	771	560	0	30.4105281829834	3957.75463867188	1243.83422851562	1665.7099609375	4.56020402908325	1.03577346352579e-11	2.60019672460032e-10	9.19575691223145	5.5263762553518e-15	1.50486068918598e-13	144.486923217773	205.363891601562	128.106063842773	54	303.941192626953	95.5494003295898	349.066009521484	292.841522216797	293.689422607422	172.809173583984	0.158976897597313	63.1504745483398	545.9873046875	117.04549407959	98.6988754272461	28.1373195648193	21.0851440429688	9.53733539581299	17.1099433898926	2.70924115180969	7.16617012023926	55.2907562255859	4.41612911224365	6	6	0.720015347003937	0.716098070144653
0.717855	1644494.37651869	-4260249.82810323	0.726557016372681	0.717988014221191	771	560	0	210.211730957031	2924.5478515625	1361.33557128906	1891.29040527344	3.33159565925598	1.30695810077186e-11	2.31670252426319e-10	38.7457122802734	5.28917780748392e-15	1.72698918425411e-13	119.457069396973	180.816543579102	127.861747741699	42	305.371612548828	58.9465866088867	351.033447265625	256.169281005859	233.507751464844	228.237716674805	0.159337565302849	70.0354232788086	329.390655517578	87.6682662963867	93.3835525512695	17.2270965576172	14.643949508667	9.94564342498779	18.6807327270508	3.02345561981201	6.16165161132812	62.8586120605469	3.52113962173462	7.89940357208252	6	0.7202308177948	0.714700102806091
0.7142290413	1657175.6979754	-4053206.78718976	0.715143024921417	0.712998986244202	448	560	0	119.409736633301	1014.05523681641	1640.26782226562	2129.93579101562	3.06362152099609	3.90452080389903e-11	1.1887459072657e-10	49.5409393310547	3.14804453528271e-15	1.12425571781836e-13	124.66813659668	145.586730957031	132.494369506836	47	228.949264526367	71.6826171875	334.419128417969	154.493682861328	171.132583618164	125.252410888672	0.112759225070477	78.8273010253906	597.559387207031	171.628997802734	87.861328125	16.5389442443848	10.1642532348633	9.00888442993164	13.5951671600342	1.02496159076691	8.23113632202148	60.1110954284668	4.90114259719849	6.74563550949097	6	0.71587610244751	0.714052081108093
0.7128497455	1657968.28668649	-4054461.7268469	0.715143024921417	0.712998986244202	448	560	0	290.040069580078	1084.0869140625	1600.19274902344	2149.74194335938	3.29016017913818	3.89897454600163e-11	1.18653989411577e-10	49.9240951538086	3.16821069569094e-15	1.13266743261096e-13	136.548278808594	153.908325195312	130.129776000977	66	268.661926269531	68.0898971557617	338.973358154297	165.287399291992	181.635269165039	134.284515380859	0.112703941762447	76.8773345947266	618.072937011719	198.219085693359	101.98779296875	19.42893409729	12.1324167251587	9.18098163604736	14.7250308990479	1.21258318424225	9.80383396148682	52.7619590759277	5.79450082778931	6	6	0.715582847595215	0.714209318161011
0.7130079822	1657916.29638071	-4061868.96572594	0.715143024921417	0.712998986244202	448	560	0	377.792816162109	1074.91516113281	1574.751953125	2225.08447265625	3.52665567398071	3.80177521408509e-11	1.22258259072083e-10	49.0368957519531	3.25362359226793e-15	1.16515412769413e-13	151.708892822266	149.766494750977	129.806762695312	45	229.176193237305	70.8297119140625	351.843811035156	133.809280395508	175.353012084961	104.677589416504	0.116523340344429	71.8926696777344	470.478942871094	152.864196777344	88.3753814697266	11.3591775894165	8.73093414306641	8.54033279418945	12.6463813781738	1.03102958202362	5.96387529373169	63.7462272644043	4.7982816696167	8.27475357055664	6	0.715143024921417	0.714646458625793
0.7107	1648452.97592407	-4281471.14236263	0.712836027145386	0.707082986831665	771	560	0	165.614212036133	3410.09521484375	1365.15930175781	1849.74365234375	3.3016529083252	1.23356993023127e-11	2.37868807984043e-10	36.777961730957	5.41093328793756e-15	1.69504452249454e-13	115.408805847168	184.384292602539	127.95206451416	49	302.004669189453	64.0746307373047	343.367034912109	307.255737304688	241.798782348633	165.198745727539	0.162019804120064	75.6391143798828	340.991363525391	89.9767227172852	96.4818801879883	18.4663047790527	16.1885223388672	10.5250625610352	20.0661602020264	2.87696862220764	5.70473003387451	63.1409683227539	3.6926257610321	8.16637802124023	6	0.713073909282684	0.716753840446472
0.7136716539	1663269.40019005	-4030911.27007336	0.709096014499664	0.70907998085022	1.29999995231628	730	0	171.999084472656	900.856384277344	1669.19592285156	2271.00732421875	2.74369215965271	4.28405158570122e-11	1.02136098190098e-10	61.9890556335449	2.92261285735984e-15	1.0411916690151e-13	120.978118896484	156.238006591797	129.720642089844	27	224.140350341797	77.1698150634766	351.223114013672	110.475028991699	141.655227661133	104.456764221191	0.13902385532856	100.217124938965	882.454406738281	175.000259399414	117.545639038086	23.8625164031982	7.49800968170166	5.7368597984314	11.903434753418	1.06595051288605	8.64050960540771	68.3485717773438	4.46105098724365	8.64430236816406	8.25473499298096	0.709096014499664	0.712719142436981
0.7133420284	1664659.03234369	-4062180.46776933	0.715143024921417	0.712998986244202	448	560	0	305.188690185547	1033.96862792969	1622.89404296875	2232.25146484375	3.26582741737366	3.84477935599925e-11	1.17448939462861e-10	56.1892852783203	3.32221737912777e-15	1.19824330037203e-13	145.668258666992	139.764602661133	130.600112915039	46	205.475540161133	75.124626159668	345.757720947266	120.868980407715	151.226150512695	87.4289321899414	0.117695324122906	66.5240478515625	516.315185546875	147.318771362305	83.3541412353516	12.13889503479	8.88080787658691	8.94526767730713	13.0695953369141	0.970982551574707	5.54750680923462	66.8430023193359	4.66295623779297	9	7.2936224937439	0.715143024921417	0.714759647846222
0.7135148138	1666445.35972022	-4047056.18806065	0.709096014499664	0.70907998085022	1.29999995231628	560	0	160.34765625	1003.08935546875	1675.20935058594	2186.576171875	2.63734292984009	4.08619804659338e-11	1.08054738767738e-10	61.4174880981445	3.14187178267959e-15	1.12791408699887e-13	120.80224609375	152.971786499023	131.88883972168	28	299.75732421875	69.5088806152344	336.989227294922	150.37321472168	167.733215332031	116.786659240723	0.112675897777081	79.2008819580078	583.933898925781	136.278259277344	96.6867828369141	19.5240039825439	10.0231761932373	6.87635898590088	12.6987972259521	1.2381284236908	5.44108438491821	64.683219909668	4.28331136703491	8.97580718994141	7.48476791381836	0.710619032382965	0.713550627231598
0.71425	1655584.48648741	-4250809.30971238	0.715143024921417	0.712998986244202	448	560	0	191.23893737793	2770.92553710938	1404.18090820312	1909.89453125	3.00796675682068	1.39649368458006e-11	2.17078702235973e-10	52.6039772033691	5.33716222394587e-15	1.85450152413377e-13	116.153564453125	176.165267944336	126.218902587891	57	295.214019775391	78.846565246582	337.1884765625	294.800689697266	261.788024902344	190.197143554688	0.158004269003868	58.1716728210449	396.914001464844	118.292671203613	102.262939453125	28.7276344299316	18.5282535552979	11.5645427703857	17.7854862213135	2.71479249000549	6.79457569122314	59.2736701965332	5.5140175819397	6	6	0.71355140209198	0.714731693267822
0.7148	1657409.4043096	-4249628.86427358	0.712836027145386	0.707082986831665	771	560	0	110.687705993652	2699.01635742188	1423.64453125	1911.84033203125	2.90509724617004	1.40943532886406e-11	2.14660553221613e-10	54.902889251709	5.35004008935945e-15	1.87524082091543e-13	117.292427062988	196.675430297852	126.03662109375	51	279.776062011719	68.1769409179688	340.822814941406	278.132171630859	257.887359619141	162.291915893555	0.159173682332039	56.2489929199219	338.711578369141	125.419662475586	91.7622222900391	26.4783744812012	20.307056427002	9.8510103225708	15.6233196258545	2.45261597633362	5.8773341178894	60.9071197509766	4.40797185897827	6	6	0.713563144207001	0.714628934860229
0.7131147255	1668578.94474625	-4061219.68722127	0.715143024921417	0.712998986244202	448	560	0	436.308166503906	1102.95849609375	1589.650390625	2240.87915039062	3.12844133377075	3.89143578471973e-11	1.13922545008638e-10	60.6575546264648	3.34212604152003e-15	1.20949731892243e-13	152.974838256836	148.386032104492	130.245803833008	29	234.390060424805	72.8968276977539	348.315521240234	125.424873352051	176.378707885742	95.1007995605469	0.116716600954533	64.4688034057617	528.009704589844	147.979309082031	95.6846237182617	12.5747327804565	14.7970161437988	9.28743171691895	12.8189783096313	1.01375269889832	5.75338935852051	65.8838577270508	4.32108926773071	8.67697048187256	8.54613304138184	0.715068399906158	0.714634954929352
0.7129895745	1669282.1839098	-4059163.08437152	0.715143024921417	0.712998986244202	448	560	0	215.90234375	1023.11663818359	1669.75024414062	2195.60083007812	2.96338701248169	3.92790210079763e-11	1.12199916024736e-10	61.6605262756348	3.32553690124806e-15	1.20349178756377e-13	141.775268554688	138.727294921875	131.404968261719	32	282.944366455078	73.9265594482422	339.250427246094	122.927062988281	154.958969116211	108.615936279297	0.116340965032578	65.0184478759766	518.0439453125	150.841705322266	92.7428741455078	19.780590057373	10.1488037109375	8.18086338043213	10.7318782806396	1.01375269889832	6.06330919265747	64.9873580932617	5.01283121109009	8.09888172149658	7.61747884750366	0.714620471000671	0.714492678642273
0.7175207186	1674088.36875199	-4021350.1380791	0.713784992694855	0.708616018295288	583.75	730	0	227.374252319336	935.2626953125	1680.78759765625	2234.15942382812	2.68866920471191	4.49959687565116e-11	9.1041667260594e-11	74.0528564453125	2.88959953648237e-15	1.02694193209948e-13	120.157615661621	158.670623779297	129.276229858398	33	223.19677734375	71.9096221923828	336.367340087891	73.0683898925781	143.950958251953	102.752601623535	0.145802110433578	99.343879699707	972.91796875	243.239837646484	115.482719421387	23.3194332122803	7.98682832717896	7.68648433685303	11.8627471923828	0.840740442276001	11.7156419754028	63.281005859375	6.65073680877686	8.95800113677979	6.11844491958618	0.713396549224854	0.712470531463623
0.71543	1654182.10442852	-4357872.52378505	0.715143024921417	0.712998986244202	448	560	0	172.63313293457	4980.5517578125	1068.16943359375	1491.4033203125	4.47618198394775	9.17889462354049e-12	2.76462519543941e-10	4.67900276184082	5.73974766641342e-15	1.48874510809416e-13	169.624633789062	203.544616699219	119.592643737793	59	273.768737792969	110.16822052002	364.906158447266	378.745666503906	345.704284667969	197.882659912109	0.154548153281212	54.6508293151855	815.519836425781	175.787796020508	111.379264831543	48.718505859375	29.2047367095947	11.2218675613403	3.93363738059998	2.83019948005676	10.7413301467896	48.8945579528809	8.59081363677979	6	6	0.71502822637558	0.714148759841919
0.7125	1667083.02587979	-4205893.2193241	0.712836027145386	0.707082986831665	771	560	0	140.500045776367	2041.59716796875	1487.60778808594	1960.451171875	2.48586487770081	1.81129642534694e-11	1.82924550506947e-10	78.3261795043945	5.1159934510883e-15	1.95267535322598e-13	127.844192504883	172.208389282227	125.866806030273	50	264.421142578125	63.2660446166992	335.924835205078	220.101654052734	216.495574951172	171.153060913086	0.152225643396378	40.7376708984375	400.652709960938	131.567459106445	99.2868347167969	16.8002853393555	20.3008136749268	7.76766347885132	15.6757411956787	2.65263962745667	7.72849655151367	58.2084197998047	5.08914947509766	6	6	0.712836027145386	0.713972568511963
0.71777	1668072.02115678	-4247267.71994313	0.712836027145386	0.707082986831665	771	560	0	79.0105361938477	2655.30493164062	1450.36279296875	1912.93090820312	2.66992712020874	1.46137980189254e-11	2.03865826997607e-10	65.0856094360352	5.42759823765832e-15	1.96951423269212e-13	114.971267700195	174.208801269531	127.298698425293	43	279.884857177734	58.4922027587891	332.631561279297	187.966567993164	208.813858032227	129.787246704102	0.163077250123024	47.7753753662109	552.416687011719	178.816131591797	102.861747741699	28.2573738098145	21.4845333099365	12.3539991378784	18.8540115356445	2.72012066841125	7.62410831451416	52.5362091064453	6.01327037811279	6	6	0.712870955467224	0.713620543479919
0.71543	1681714.07371479	-4093079.04728887	0.715143024921417	0.712998986244202	448	560	0	321.975280761719	1104.9482421875	1663.07312011719	2221.38623046875	2.98312854766846	3.54865511975611e-11	1.17890766593298e-10	70.9155578613281	3.83297104654206e-15	1.43089167359452e-13	147.791000366211	157.2197265625	125.920051574707	50	317.555847167969	65.0232238769531	342.126831054688	133.427291870117	163.700729370117	107.887130737305	0.165493920445442	39.5554351806641	495.236785888672	147.711578369141	89.6971664428711	16.927282333374	11.8008689880371	9.30419540405273	12.1360712051392	1.07864022254944	6.02983379364014	65.7643356323242	4.92158031463623	7.94048595428467	7.2042031288147	0.715143024921417	0.714165568351746
0.7101	1675252.37232179	-4369594.12323235	0.715143024921417	0.712998986244202	448	560	0	62.7489128112793	4363.4521484375	1053.15368652344	1443.48193359375	4.26824522018433	9.31865695719125e-12	2.84572559960949e-10	1.44153773784637	5.86662727268148e-15	1.61837231983653e-13	167.159530639648	202.625	117.313117980957	57	298.026550292969	100.666015625	356.828796386719	375.331726074219	392.123382568359	211.688217163086	0.215343564748764	57.8984603881836	451.95263671875	174.402435302734	109.298965454102	42.1534461975098	27.3450565338135	10.1434421539307	3.27489590644836	2.74114799499512	7.98769521713257	54.2072563171387	5.75931024551392	6	6	0.714654922485352	0.713314056396484
0.7132	1677478.91135432	-4348488.97357327	0.711893022060394	0.710283994674683	285	560	0	51.2333908081055	4334.2236328125	1175.603515625	1560.54821777344	3.4731171131134	1.03717581398377e-11	2.67898758732343e-10	12.263370513916	5.81703222307032e-15	1.70797241367399e-13	179.404983520508	252.311676025391	117.350166320801	54	305.678405761719	106.853912353516	362.001739501953	428.639617919922	322.055419921875	218.050201416016	0.157022997736931	79.4392242431641	455.440093994141	130.903045654297	114.814994812012	22.8086891174316	22.9373264312744	11.1205530166626	4.63247585296631	2.61083579063416	9.40238571166992	57.206111907959	5.78111171722412	6	6	0.712916314601898	0.713507831096649
0.7176705	1695766.86545862	-4081382.24293759	0.715143024921417	0.712998986244202	448	560	0	175.609191894531	979.446044921875	1737.51257324219	2235.64282226562	2.67931294441223	3.81618833755759e-11	1.01668402863186e-10	86.666015625	3.81093506090276e-15	1.43552433395228e-13	125.476936340332	151.087371826172	126.941459655762	48	277.957946777344	73.4039993286133	337.032897949219	95.6924057006836	169.193023681641	107.302230834961	0.148547679185867	37.6114120483398	720.130737304688	159.744781494141	90.1090469360352	19.4173564910889	8.85898113250732	10.2195959091187	11.6350831985474	1.14341795444489	6.16040468215942	63.6378898620605	5.98480796813965	7.79836416244507	6.43675374984741	0.713217079639435	0.713223218917847
0.7101	1678893.51400319	-4367250.50128465	0.711893022060394	0.710283994674683	285	560	0	156.010040283203	4441.671875	1064.83947753906	1480.3251953125	4.16790628433228	9.50598887800025e-12	2.83060658246015e-10	3.14832377433777	5.87268906396851e-15	1.64859675932418e-13	160.868927001953	215.899841308594	118.592750549316	56	292.428405761719	100.757965087891	363.186431884766	376.398223876953	363.157562255859	178.423828125	0.209345549345016	61.2799224853516	512.699035644531	156.203598022461	101.656425476074	33.5561981201172	24.8918952941895	10.223916053772	3.51456117630005	2.67243909835815	8.95438575744629	53.7726516723633	6.03613424301147	6	6	0.715473115444183	0.713194012641907
0.7101	1680789.82706589	-4364906.53014053	0.726557016372681	0.717988014221191	771	560	0	277.581848144531	4673.5654296875	1077.578125	1492.79284667969	4.21105766296387	9.71089614970611e-12	2.80615419789854e-10	4.70809602737427	5.87269499319914e-15	1.67474839335088e-13	179.027328491211	209.114822387695	119.126907348633	63	292.213165283203	104.43236541748	358.749450683594	345.743713378906	386.150756835938	210.131042480469	0.194045081734657	65.4608840942383	598.33349609375	160.561569213867	104.48770904541	36.5020065307617	23.6816463470459	9.21861171722412	3.55047726631165	2.73825907707214	8.82089900970459	51.2615394592285	7.06097316741943	6	6	0.717238128185272	0.713095366954803
0.7305	1699365.45913785	-4172053.18346283	0.715143024921417	0.712998986244202	448	560	0	877.473999023438	1521.82446289062	1401.77453613281	1972.33801269531	3.26509976387024	2.49342334973646e-11	1.32874697356122e-10	97.249885559082	4.98899737778999e-15	2.01278460587075e-13	159.681274414062	154.212265014648	124.236618041992	51	250.320938110352	72.8486480712891	339.671325683594	177.911514282227	215.667419433594	120.971244812012	0.166838154196739	25.1243934631348	645.8212890625	185.442123413086	120.76001739502	17.7002544403076	23.6496639251709	8.39206027984619	13.3813533782959	1.8295624256134	7.04724216461182	56.072380065918	8.13492107391357	6	6	0.715143024921417	0.714434444904327
0.7105643	1705817.26064036	-4382477.79197453	0.716690003871918	0.712402999401093	771	560	0	77.6464614868164	3754.0625	1053.49255371094	1469.35766601562	3.38231492042542	9.58792420457932e-12	2.99481633936338e-10	15.5801334381104	5.99987360209758e-15	1.80010642351382e-13	183.820114135742	220.021057128906	116.633445739746	59	307.613861083984	111.438415527344	358.638763427734	308.06103515625	281.723602294922	184.58642578125	0.157139122486115	56.6779479980469	442.24560546875	143.733337402344	96.9022369384766	30.5553932189941	24.694206237793	11.9226560592651	3.17418026924133	2.51791858673096	9.46248340606689	53.0896110534668	7.27026700973511	6	6	0.715443134307861	0.713419139385223
0.71405	1739226.38601939	-4299134.47887016	0.714218020439148	0.712720990180969	407	560	0	184.998886108398	2300.73657226562	1459.02783203125	1834.6962890625	2.46929740905762	1.5065032554773e-11	1.95655158741204e-10	86.8894805908203	6.07982123034066e-15	2.39916756166608e-13	194.42756652832	176.43684387207	123.926406860352	52	301.729400634766	84.9243392944336	355.081909179688	232.706756591797	241.118240356445	149.805709838867	0.140581965446472	25.8614654541016	764.396057128906	265.738433837891	127.679725646973	14.9800615310669	21.8224277496338	12.4869623184204	13.0866403579712	2.02565836906433	10.0408220291138	51.1643676757812	8.23203945159912	6	6	0.713374316692352	0.713228106498718
0.71322	1760609.30304907	-4027430.62420095	0.711893022060394	0.710283994674683	285	730	0	1031.92114257812	906.290222167969	1551.55505371094	2276.1572265625	3.28123044967651	5.18892567802354e-11	3.5820384852725e-11	161.600936889648	3.63601767509707e-15	1.31717865239044e-13	198.787780761719	180.398651123047	132.242553710938	18	306.655914306641	87.8246154785156	338.929626464844	117.039047241211	149.445724487305	86.6200408935547	0.140663579106331	67.5342407226562	1361.41455078125	347.536712646484	187.451934814453	9.01336574554443	6.30309200286865	7.51021814346313	12.5574131011963	0.760040998458862	16.4021377563477	54.804256439209	9.68482494354248	6.35219144821167	6	0.711893022060394	0.710156500339508
0.70924	1741740.5617958	-4419078.35674631	0.709096014499664	0.70907998085022	1.29999995231628	560	0	28.4932422637939	3127.44750976562	942.131164550781	1349.48791503906	4.27220106124878	8.68719592789224e-12	3.54788892709124e-10	-0.886141657829285	6.11658669541623e-15	1.92371902370432e-13	197.838897705078	180.93034362793	113.839111328125	58	281.685974121094	102.623916625977	338.622009277344	276.786254882812	280.144866943359	181.987121582031	0.285418063402176	51.1525917053223	496.876007080078	186.020965576172	107.417823791504	41.8624877929688	25.0946083068848	9.02069568634033	2.84969973564148	2.25758957862854	10.1688165664673	54.1966705322266	4.62619304656982	5.67652654647827	5.67652654647827	0.708796203136444	0.710334122180939
0.70941	1745144.25827857	-4406423.69377138	0.708513021469116	0.708510994911194	32.75	560	0	6.24163770675659	3282.37255859375	1003.16705322266	1432.17236328125	3.71718096733093	9.40104504659756e-12	3.39134886839787e-10	4.88359785079956	6.13214372604197e-15	1.98372771659759e-13	241.435241699219	213.887420654297	108.857643127441	51	309.467651367188	124.188339233398	362.718963623047	349.084167480469	301.957641601562	168.841506958008	0.199748784303665	49.6598320007324	782.295837402344	215.10026550293	121.797470092773	23.5819854736328	23.2168502807617	9.47724723815918	3.51674890518188	2.62989497184753	10.9974422454834	54.4537086486816	6.31320667266846	6	6	0.708788275718689	0.710737586021423
0.70988	1750879.82456115	-4371123.38250599	0.711893022060394	0.710283994674683	285	560	0	138.467010498047	2776.41943359375	1191.35083007812	1621.44189453125	2.83618497848511	1.14850221347162e-11	2.90537899294563e-10	29.5880641937256	6.15741580105625e-15	2.16637065274597e-13	275.473785400391	188.785507202148	121.133415222168	40	280.826232910156	115.600708007812	344.116790771484	190.614974975586	212.329498291016	128.278778076172	0.166292831301689	53.6212310791016	778.007385253906	146.012817382812	135.065490722656	19.5718154907227	20.2679042816162	11.2090167999268	4.22717905044556	2.58706879615784	12.1164255142212	57.7865676879883	6.41924285888672	6	6	0.711893022060394	0.711393117904663
0.70949	1750516.38783236	-4381639.50461499	0.708513021469116	0.708510994911194	32.75	560	0	79.0503921508789	2827.66674804688	1141.87072753906	1566.9765625	3.15290927886963	1.08776113116882e-11	3.06060121690876e-10	21.2889881134033	6.16004626187395e-15	2.11441324518558e-13	251.159698486328	188.442077636719	121.178153991699	40	295.892272949219	114.082160949707	353.308959960938	202.407974243164	215.191543579102	117.086738586426	0.167628422379494	51.1338005065918	715.014709472656	159.512710571289	107.529891967773	16.9950942993164	20.027795791626	11.2926750183105	3.05854105949402	2.34127378463745	10.6054515838623	56.5105171203613	6.12813568115234	6	6	0.710384368896484	0.711031079292297
0.7096	1760921.46411831	-4396765.07096848	0.711893022060394	0.710283994674683	285	560	0	12.1187419891357	2997.24584960938	1089.26184082031	1498.02868652344	3.75126981735229	1.02070487478789e-11	3.31058236380244e-10	3.85640621185303	6.22081240550998e-15	2.06314078234765e-13	225.017776489258	218.592254638672	114.990272521973	51	300.637237548828	127.449829101562	349.969055175781	290.430450439453	271.875427246094	153.202072143555	0.223388597369194	40.3957061767578	712.996398925781	179.903381347656	124.874183654785	19.9970970153809	20.6853370666504	10.4038972854614	3.51850605010986	2.56282472610474	10.9211320877075	56.0599594116211	5.61158752441406	6	6	0.709583699703217	0.709674894809723
0.70933	1761440.20321363	-4397388.50249065	0.708513021469116	0.708510994911194	32.75	560	0	10.5360498428345	2970.43627929688	1087.69152832031	1490.62084960938	3.84416747093201	1.01678717528975e-11	3.32880556452864e-10	3	6.22701819239803e-15	2.05989684944757e-13	207.872619628906	216.81608581543	115.178741455078	56	293.828582763672	115.323028564453	347.202392578125	351.262969970703	277.048767089844	150.915710449219	0.228793084621429	39.2894096374512	700.953002929688	206.188598632812	126.694892883301	23.0243091583252	22.6714210510254	9.41200637817383	3.10309672355652	2.32011699676514	11.4041433334351	53.7869453430176	5.69271469116211	6	6	0.709568798542023	0.709500551223755
0.70922	1762883.3082105	-4399864.43664529	0.708513021469116	0.708510994911194	32.75	560	0	17.1462001800537	2835.44702148438	1080.47631835938	1464.2587890625	4.00964641571045	1.00738193828387e-11	3.36159239333611e-10	2	6.23384739553527e-15	2.05118758892127e-13	214.512268066406	195.207748413086	115.681999206543	51	248.090286254883	97.370491027832	354.762725830078	354.952514648438	291.874847412109	160.203323364258	0.240231394767761	37.7324371337891	610.951904296875	178.969436645508	115.586853027344	29.4321479797363	23.4296989440918	8.88249492645264	2.75397229194641	2.28637766838074	10.0665283203125	54.1529312133789	4.84009313583374	5.8310546875	5.8310546875	0.70902806520462	0.70927768945694
0.71208	1765292.53050375	-4370833.75794357	0.714832007884979	0.712261021137238	426.799987792969	560	0	45.8266448974609	2660.40551757812	1221.15258789062	1623.90844726562	3.01500821113586	1.1712066212699e-11	2.95189206411806e-10	21.3610439300537	6.2336606247704e-15	2.21409655475242e-13	251.032608032227	217.204528808594	119.703117370605	45	308.919311523438	118.093688964844	333.502624511719	199.824584960938	224.617324829102	135.772811889648	0.164786607027054	48.174430847168	1076.17749023438	171.423248291016	136.62760925293	16.1390762329102	18.8359680175781	10.6447372436523	3.57750201225281	2.02595734596252	12.6753053665161	62.4280319213867	5.5999321937561	6	6	0.712078392505646	0.710645437240601
0.7093	1784079.28847907	-4370584.85463977	0.708513021469116	0.708510994911194	32.75	560	0	161.986526489258	2681.32543945312	1230.73852539062	1599.70239257812	3.60419821739197	1.19845192797507e-11	3.00770769401382e-10	8.58806324005127	6.32515458263397e-15	2.27136763716017e-13	231.606353759766	196.30305480957	116.051078796387	54	235.353775024414	106.343872070312	356.3505859375	254.599105834961	256.220764160156	133.214614868164	0.158760517835617	52.4954452514648	540.883361816406	163.664901733398	109.785224914551	28.9598331451416	22.3558082580566	11.090765953064	2.97570705413818	2.6692967414856	9.04302883148193	54.5369453430176	5.97743988037109	6	6	0.708513021469116	0.710781276226044
0.713542	1798527.77309115	-4160641.80601963	0.711893022060394	0.710283994674683	285	730	0	726.3056640625	706.442077636719	1608.14831542969	2242.13549804688	3.08131504058838	2.94013320634168e-11	6.68833391448409e-11	195.663452148438	5.53203909412067e-15	2.70113440078643e-13	173.712127685547	166.507614135742	130.466217041016	19	227.90153503418	70.771842956543	328.665130615234	81.4535217285156	154.335556030273	77.0051574707031	0.134917885065079	31.744119644165	1213.89196777344	302.726287841797	133.032287597656	10.3623476028442	9.14224815368652	10.8911905288696	13.7595472335815	1.71828186511993	10.4782810211182	58.778865814209	5.84834241867065	7.91859531402588	6	0.711893022060394	0.712360203266144
0.70923	1784675.91374674	-4373628.20118302	0.708513021469116	0.708510994911194	32.75	560	0	43.5603370666504	2683.6083984375	1229.44909667969	1551.39697265625	3.77207732200623	1.183648751929e-11	3.05562186664332e-10	5.02731370925903	6.33316878486442e-15	2.25611630072509e-13	224.829986572266	200.937530517578	113.067497253418	50	224.941329956055	104.913955688477	364.875305175781	199.573699951172	247.202102661133	145.675430297852	0.162362098693848	51.7734489440918	634.528137207031	210.366790771484	115.85765838623	29.6402130126953	22.0735855102539	10.885835647583	3.05525708198547	2.62687134742737	9.11178207397461	52.5944709777832	7.67163848876953	6	6	0.708577811717987	0.710647284984589
0.70975	1785207.26192587	-4372957.54736876	0.708513021469116	0.708510994911194	32.75	560	0	64.2809982299805	2684.36743164062	1232.54211425781	1558.65393066406	3.72890591621399	1.1906062073741e-11	3.04383018789878e-10	5.57375860214233	6.3373154346577e-15	2.26536359657949e-13	233.615753173828	194.394592285156	114.899833679199	49	226.138763427734	102.008399963379	363.095977783203	194.521789550781	253.302490234375	138.981002807617	0.156640410423279	52.4695053100586	592.085693359375	189.997482299805	114.679656982422	29.4362754821777	21.4007759094238	11.0641269683838	3.09127283096313	2.66849422454834	8.39634895324707	54.1820259094238	7.402672290802	6	6	0.708534598350525	0.710718810558319
0.7124375	1788705.23133377	-4329205.31382353	0.711284995079041	0.710537016391754	240	560	0	96.0243148803711	2134.06982421875	1414.38781738281	1757.93249511719	2.39680361747742	1.4286298706534e-11	2.41065056805212e-10	43.8661346435547	6.30974154760926e-15	2.54063046642439e-13	243.92854309082	197.590179443359	125.324417114258	44	239.047698974609	99.1329040527344	352.487060546875	167.240112304688	245.212280273438	123.692962646484	0.16592001914978	47.7096099853516	956.544982910156	299.000640869141	129.370132446289	15.8310165405273	21.6294422149658	12.9718112945557	3.00231456756592	2.01919960975647	11.1411104202271	48.9915161132812	6.99955081939697	6	6	0.712751924991608	0.712399184703827
0.7096	1786244.98361179	-4371392.26460689	0.708513021469116	0.708510994911194	32.75	560	0	104.010765075684	2695.4462890625	1233.04223632812	1570.42834472656	3.7409610748291	1.19755880559347e-11	3.03199326756598e-10	5.734534740448	6.34142142686952e-15	2.27468976814194e-13	234.473815917969	193.365310668945	118.74536895752	51	222.8310546875	104.416107177734	355.555511474609	203.416778564453	244.328598022461	158.618270874023	0.156947374343872	53.1558113098145	523.52001953125	183.613845825195	119.274635314941	26.9521026611328	21.7815818786621	10.9642581939697	3.13632941246033	2.6692967414856	8.77291774749756	55.5930442810059	6.288743019104	6	6	0.708513021469116	0.710782527923584
0.712663	1800887.82597761	-4155676.86289826	0.711893022060394	0.710283994674683	285	730	0	800.802734375	716.013061523438	1589.19592285156	2245.63818359375	3.17542243003845	3.01142825953615e-11	6.54587148374297e-11	199.865600585938	5.48157583573857e-15	2.67371194628829e-13	183.034255981445	172.339584350586	129.402709960938	30	219.834075927734	72.8680953979492	315.312194824219	118.083068847656	144.324478149414	62.3080444335938	0.132271900773048	31.7297134399414	1105.01489257812	255.253082275391	142.100799560547	11.7640027999878	9.60985660552979	11.2962989807129	13.5315074920654	1.80379235744476	10.9244270324707	55.6513290405273	6.59334707260132	7.08771705627441	6.13377237319946	0.711893022060394	0.712323129177094
0.70923	1786546.12473602	-4372869.10092763	0.708513021469116	0.708510994911194	32.75	560	0	68.5397567749023	2685.99609375	1232.27880859375	1556.86340332031	3.77047228813171	1.1921246975688e-11	3.04698072328691e-10	4.88095140457153	6.34244252508743e-15	2.26846034903465e-13	237.542953491211	197.386856079102	113.896919250488	49	232.34602355957	102.191856384277	362.006866455078	193.164413452148	261.015747070312	142.799407958984	0.156317204236984	52.8181266784668	555.852844238281	187.64128112793	121.121078491211	28.1673908233643	22.530668258667	10.9099016189575	3.26600480079651	2.64513087272644	8.22317790985107	55.331916809082	6.89822244644165	6	6	0.708534598350525	0.710735201835632
0.717306	1802717.72944993	-4138167.62313268	0.711893022060394	0.710283994674683	285	730	0	1451.81030273438	1376.41857910156	1370.60522460938	1903.83044433594	3.19156098365784	3.26124960370322e-11	6.08280648073389e-11	202.025115966797	5.29217588060072e-15	2.53946603329114e-13	207.325897216797	198.806747436523	124.547035217285	33	234.560424804688	90.6014785766602	323.118957519531	169.021148681641	172.798385620117	86.0914306640625	0.14215874671936	34.514820098877	925.389587402344	265.511169433594	161.745361328125	10.188081741333	18.2260227203369	13.5019502639771	15.2784290313721	2.00978016853333	12.2709083557129	53.0142707824707	5.82989978790283	6	6	0.711893022060394	0.711858034133911
0.70944	1787459.85634716	-4371348.35336957	0.708513021469116	0.708510994911194	32.75	560	0	107.044082641602	2703.82470703125	1234.63745117188	1568.01611328125	3.77213168144226	1.1990748671753e-11	3.03511910049181e-10	5.21363925933838	6.34652649444262e-15	2.27782880448182e-13	230.342147827148	191.762847900391	119.036285400391	52	226.810211181641	104.014175415039	356.421875	213.714462280273	260.109710693359	171.237503051758	0.156589388847351	53.5053367614746	509.801391601562	176.608505249023	122.724258422852	27.0588722229004	22.0222854614258	10.708794593811	3.12160634994507	2.6692967414856	8.7178430557251	56.306640625	6.01517057418823	6	6	0.708513021469116	0.710792541503906
0.715515	1800817.34946118	-4170887.60086405	0.711893022060394	0.710283994674683	285	730	0	704.368713378906	715.929992675781	1608.62683105469	2217.72705078125	2.92878794670105	2.78725948571479e-11	6.94737115058963e-11	186.234680175781	5.65598542529239e-15	2.80721545184784e-13	205.157775878906	174.069366455078	131.379119873047	23	232.822570800781	79.133415222168	327.533782958984	83.9485549926758	146.040115356445	68.017951965332	0.132635101675987	28.256763458252	1239.24377441406	295.598388671875	142.800659179688	11.8396520614624	9.01008796691895	12.2443923950195	13.2818546295166	1.73929584026337	11.8358917236328	55.6687202453613	5.90823841094971	6.00101852416992	6	0.711893022060394	0.71198844909668
0.70923	1787329.85240473	-4373809.1849431	0.708513021469116	0.708510994911194	32.75	560	0	52.7089347839355	2690.38623046875	1232.53393554688	1548.78723144531	3.88425016403198	1.18821159508786e-11	3.06514785775036e-10	4.00878286361694	6.34861612472349e-15	2.26527902881003e-13	232.808303833008	195.04524230957	112.675231933594	52	232.338562011719	101.374526977539	362.408447265625	216.922592163086	245.009658813477	134.526824951172	0.159693717956543	52.8363037109375	622.9970703125	177.474411010742	120.659706115723	29.1505718231201	23.9835319519043	11.0217876434326	3.11410856246948	2.48012447357178	7.70175313949585	54.6529388427734	7.35917568206787	6	6	0.708566009998322	0.710698664188385
0.710205	1789315.98518933	-4366695.48046371	0.708513021469116	0.708510994911194	32.75	560	0	127.128067016602	2660.97583007812	1255.48498535156	1604.19592285156	3.60023713111877	1.22924092779697e-11	2.96612789885131e-10	9.00163555145264	6.35134780597839e-15	2.31579864876444e-13	228.715408325195	211.75944519043	116.920669555664	50	311.444793701172	115.262809753418	348.604858398438	193.24577331543	235.808395385742	151.402770996094	0.158573850989342	55.7187232971191	681.039672851562	223.151779174805	128.958908081055	20.9851112365723	23.7464466094971	11.1067638397217	3.15356993675232	2.42684412002563	9.94620895385742	52.3114356994629	6.84661102294922	6	6	0.71018373966217	0.710975289344788
0.716136	1803048.97981164	-4174595.97078692	0.711893022060394	0.710283994674683	285	730	0	802.721069335938	764.912719726562	1575.06457519531	2188.1494140625	2.92838025093079	2.72545232909982e-11	7.0452761680162e-11	181.861785888672	5.7091977291048e-15	2.86034515300723e-13	194.238067626953	172.881393432617	130.255783081055	19	214.044158935547	73.7111053466797	316.567657470703	73.1540451049805	139.170913696289	57.6721382141113	0.130291894078255	26.107063293457	1163.41943359375	310.082061767578	148.797485351562	10.8631114959717	9.20392894744873	11.8402833938599	14.0253105163574	1.75928044319153	11.1238718032837	57.5479927062988	5.31504058837891	6.52926158905029	6.04062938690186	0.711893022060394	0.711905241012573
0.7102	1790443.71186846	-4366740.71726853	0.708513021469116	0.708510994911194	32.75	560	0	130.859344482422	2668.39477539062	1255.59460449219	1597.07421875	3.6018602848053	1.23074484631447e-11	2.96912938679839e-10	9.00163555145264	6.35634233575187e-15	2.31915018873013e-13	234.713729858398	206.836380004883	116.762023925781	48	310.959777832031	114.581344604492	352.450134277344	191.895950317383	250.915496826172	147.320358276367	0.158042103052139	56.0473785400391	556.302856445312	219.802658081055	128.752304077148	24.4932746887207	25.1495132446289	10.6374492645264	3.19784092903137	2.56768345832825	8.67545700073242	53.7792358398438	7.24668836593628	6	6	0.710517048835754	0.71097594499588
0.70992	1790881.55149313	-4366830.24122508	0.708513021469116	0.708510994911194	32.75	560	0	130.859344482422	2668.39477539062	1255.59460449219	1597.07421875	3.6018602848053	1.23074484631447e-11	2.96912938679839e-10	9.00163555145264	6.35634233575187e-15	2.31915018873013e-13	234.713729858398	206.836380004883	116.762023925781	48	310.959777832031	114.581344604492	352.450134277344	191.895950317383	250.915496826172	147.320358276367	0.158042103052139	56.0473785400391	556.302856445312	219.802658081055	128.752304077148	24.4932746887207	25.1495132446289	10.6374492645264	3.19784092903137	2.56768345832825	8.67545700073242	53.7792358398438	7.24668836593628	6	6	0.710517048835754	0.71097594499588
0.70978	1792071.96035678	-4368307.45240501	0.708513021469116	0.708510994911194	32.75	560	0	170.64631652832	2711.51245117188	1243.57958984375	1581.62194824219	3.73697662353516	1.22140483491129e-11	3.00231423056019e-10	6.42593765258789	6.36357133844022e-15	2.30967399069207e-13	226.531982421875	212.927352905273	111.163795471191	44	282.730773925781	108.494148254395	351.218292236328	206.190658569336	279.353240966797	153.469696044922	0.156554967164993	55.8362464904785	507.827270507812	209.581680297852	121.016380310059	27.6902637481689	24.1847438812256	11.0107336044312	3.38449382781982	2.57375192642212	8.7844181060791	52.4473609924316	6.74778890609741	6	6	0.709825873374939	0.710924029350281
0.71001	1792192.47643122	-4367143.72809704	0.708513021469116	0.708510994911194	32.75	560	0	202.629119873047	2730.15600585938	1248.55261230469	1589.07739257812	3.68487119674683	1.23375259661329e-11	2.97513264024829e-10	8.00186824798584	6.36633181881532e-15	2.32585353971207e-13	228.252380371094	222.614547729492	112.76131439209	50	292.640777587891	112.865760803223	359.323394775391	233.674896240234	271.150817871094	182.87580871582	0.156978622078896	56.7191848754883	476.692413330078	195.223480224609	113.17113494873	38.0100936889648	24.5785903930664	11.0670051574707	3.23770022392273	2.42780208587646	7.91378545761108	54.0771331787109	7.72864103317261	6	6	0.711225390434265	0.710988700389862
0.70982	1792267.50712185	-4367814.95589178	0.708513021469116	0.708510994911194	32.75	560	0	156.566741943359	2725.73315429688	1249.78283691406	1575.65380859375	3.73197197914124	1.22833306026582e-11	2.99024693894978e-10	7.14832353591919	6.36746938406348e-15	2.31940009733089e-13	223.997451782227	212.18098449707	110.578315734863	46	285.118988037109	108.410751342773	356.858337402344	277.059814453125	311.958801269531	182.274047851562	0.156533285975456	56.4593658447266	507.076690673828	199.456481933594	117.409042358398	34.988597869873	24.0347270965576	10.9928722381592	3.22055315971375	2.52881693840027	8.21506214141846	52.2845230102539	7.87833499908447	6	6	0.710809707641602	0.710956990718842
0.70996	1792372.82847781	-4367457.20989433	0.708513021469116	0.708510994911194	32.75	560	0	156.566741943359	2725.73315429688	1249.78283691406	1575.65380859375	3.73197197914124	1.22833306026582e-11	2.99024693894978e-10	7.14832353591919	6.36746938406348e-15	2.31940009733089e-13	223.997451782227	212.18098449707	110.578315734863	46	285.118988037109	108.410751342773	356.858337402344	277.059814453125	311.958801269531	182.274047851562	0.156533285975456	56.4593658447266	507.076690673828	199.456481933594	117.409042358398	34.988597869873	24.0347270965576	10.9928722381592	3.22055315971375	2.52881693840027	8.21506214141846	52.2845230102539	7.87833499908447	6	6	0.710809707641602	0.710956990718842
0.7093455	1792469.3439042	-4371245.51530194	0.708513021469116	0.708510994911194	32.75	560	0	153.029830932617	2728.9814453125	1231.65515136719	1566.93762207031	3.94465351104736	1.20665517508445e-11	3.0507474324537e-10	3.73453450202942	6.37205183230813e-15	2.29352507038344e-13	240.420852661133	201.810699462891	111.750358581543	45	223.830291748047	104.731819152832	355.454132080078	389.092559814453	242.134216308594	127.672920227051	0.154799461364746	55.3612670898438	464.773040771484	146.712600708008	113.234931945801	33.2836952209473	23.3384952545166	10.5301990509033	3.45150136947632	2.48891043663025	6.63055467605591	54.5453338623047	5.21484804153442	6	6	0.708768010139465	0.710851430892944
0.714807	1804694.96014872	-4197466.27836853	0.711893022060394	0.710283994674683	285	730	0	1243.34838867188	1223.80615234375	1395.02697753906	1966.3876953125	3.01734495162964	2.38666118118624e-11	7.64959207089078e-11	160.452194213867	5.97854827710104e-15	3.08522575976494e-13	198.154098510742	198.211776733398	126.947677612305	30	220.986434936523	89.5753402709961	321.816314697266	150.451126098633	223.921340942383	71.8494644165039	0.149180009961128	20.8343677520752	920.070495605469	258.915344238281	148.562347412109	10.7685766220093	11.1824941635132	13.8612842559814	14.1730670928955	1.91553938388824	12.2146987915039	56.3440170288086	5.77817726135254	6.02418279647827	6	0.711893022060394	0.712064743041992
0.714537	1806230.26801195	-4184317.85071001	0.711893022060394	0.710283994674683	285	730	0	926.526184082031	875.773498535156	1525.109375	2092.29638671875	2.862797498703	2.57527211361408e-11	7.29342489180773e-11	172.426071166992	5.83657750832822e-15	2.98553011739838e-13	171.894622802734	181.727157592773	134.756134033203	27	242.158752441406	74.1328811645508	329.767425537109	96.4341049194336	170.260971069336	80.8083038330078	0.13362093269825	22.0784664154053	1066.22937011719	278.030029296875	151.076629638672	13.0250587463379	10.0956602096558	13.6497325897217	14.153754234314	1.72860383987427	11.1277265548706	60.6049766540527	4.64236736297607	8.56197261810303	6	0.711893022060394	0.711893022060394
0.7093	1793593.01106061	-4374280.31863601	0.708513021469116	0.708510994911194	32.75	560	0	82.5427627563477	2757.67578125	1230.54919433594	1530.14282226562	4.02115726470947	1.19192034714333e-11	3.09936964981716e-10	0.648721754550934	6.38069326243601e-15	2.27706525510185e-13	233.084320068359	190.066635131836	112.002891540527	54	225.696273803711	104.111419677734	356.935821533203	330.365875244141	271.194549560547	128.940093994141	0.154107987880707	54.891960144043	512.287658691406	165.975814819336	128.804656982422	31.7034912109375	21.5673809051514	9.8857593536377	3.037193775177	2.62365031242371	7.64066505432129	52.8415832519531	5.81339311599731	6	6	0.708513021469116	0.710776090621948
0.72219	1803276.70983139	-4230885.08489684	0.712577998638153	0.710089027881622	302.049987792969	560	0	921.672180175781	1019.73901367188	1465.60681152344	2080.1494140625	3.0699770450592	1.98386029826025e-11	9.55943518787805e-11	130.132629394531	6.26274180694848e-15	3.24730449778252e-13	158.946212768555	172.551879882812	129.498275756836	33	217.416534423828	74.7002639770508	319.379364013672	166.45475769043	214.387420654297	62.9571304321289	0.159187719225883	16.4038600921631	1019.95831298828	274.825225830078	157.40202331543	11.3747549057007	10.4831161499023	10.6341953277588	13.7416124343872	1.756014585495	9.17311859130859	60.5346946716309	5.25627374649048	7.43743133544922	6.30227613449097	0.71284544467926	0.713180541992188
0.722395	1802780.34664427	-4239511.34730586	0.714218020439148	0.712720990180969	407	560	0	1115.58483886719	1315.90893554688	1378.74169921875	1922.23559570312	3.12934374809265	1.93411051063741e-11	1.08945789889514e-10	121.939926147461	6.26927412503771e-15	3.18344227931769e-13	207.604263305664	192.809967041016	127.5888671875	34	232.011352539062	90.5278015136719	328.318664550781	257.360321044922	251.292373657227	113.881561279297	0.162930846214294	17.5110340118408	753.106567382812	240.575073242188	145.670547485352	16.091028213501	13.3740177154541	9.31782150268555	11.0949850082397	2.09902501106262	9.0550479888916	57.0032615661621	7.70014905929565	6.27057361602783	6	0.713591516017914	0.713470458984375
0.70927	1793800.02339613	-4373721.44615118	0.708513021469116	0.708510994911194	32.75	560	0	97.6255187988281	2738.87084960938	1232.04614257812	1539.8408203125	4.03260278701782	1.19733728140559e-11	3.08419983996444e-10	2.02731394767761	6.37951122795812e-15	2.2836046205052e-13	236.850646972656	203.427505493164	107.694664001465	51	228.688858032227	105.539939880371	361.770294189453	251.709838867188	285.7978515625	123.665405273438	0.154086917638779	55.187328338623	474.760406494141	156.357162475586	124.091781616211	32.619068145752	21.7301616668701	10.1332483291626	3.23625922203064	2.6692967414856	6.99904727935791	53.2104377746582	5.85044288635254	6	6	0.708619952201843	0.71081668138504
0.70926	1794338.93577423	-4371170.98493177	0.708513021469116	0.708510994911194	32.75	560	0	173.7890625	2747.84741210938	1231.47229003906	1559.6875	4.0079779624939	1.20968729824811e-11	3.05699882074961e-10	3.73453450202942	6.38226196745433e-15	2.2998036851643e-13	215.91389465332	194.719909667969	112.563835144043	51	252.478912353516	109.806571960449	355.537445068359	318.962982177734	253.648910522461	143.728424072266	0.154511243104935	56.158447265625	452.882232666016	170.231399536133	114.255851745605	33.3463401794434	23.000373840332	10.287389755249	3.33038711547852	2.62961554527283	7.30804824829102	52.1546401977539	5.49541854858398	6	6	0.709573805332184	0.710891366004944
0.721322	1805673.69254989	-4225809.5538051	0.712577998638153	0.710089027881622	302.049987792969	730	0	1003.34820556641	1011.8056640625	1445.41235351562	2106.99951171875	3.20800256729126	2.01316151249298e-11	8.81057171664423e-11	133.924133300781	6.26181557642066e-15	3.29631450173701e-13	177.527221679688	165.825607299805	130.906799316406	25	226.235290527344	72.5126800537109	319.882354736328	151.1064453125	212.207183837891	63.8506660461426	0.158325344324112	17.0947437286377	1014.98651123047	285.942718505859	151.715484619141	12.9499168395996	10.1765031814575	10.0559253692627	13.5005416870117	1.80555832386017	12.2654056549072	57.7198944091797	5.60320854187012	6	6	0.712888896465302	0.712959766387939
0.714704	1812183.96128819	-4138096.32403642	0.711893022060394	0.710283994674683	285	730	0	1589.32922363281	1477.642578125	1324.25964355469	1884.48937988281	3.39393138885498	3.25040203086324e-11	6.02115718395524e-11	211.179595947266	5.32227180824961e-15	2.60409261428757e-13	218.628677368164	201.405532836914	127.387496948242	34	240.747467041016	103.208511352539	325.874755859375	283.890380859375	191.646408081055	112.56615447998	0.147680774331093	29.9533348083496	1085.48657226562	280.835388183594	176.083953857422	10.4921169281006	18.7206497192383	13.4911670684814	13.6762752532959	1.96106815338135	12.6174173355103	54.5967636108398	6.91336917877197	6	6	0.711600363254547	0.711442828178406
0.714727	1807954.66855481	-4212947.14449151	0.711893022060394	0.710283994674683	285	730	0	932.712646484375	871.156127929688	1491.15478515625	2152.26733398438	3.34239959716797	2.17078386516301e-11	8.0335835206391e-11	145.779479980469	6.1552037745145e-15	3.249117825916e-13	171.658248901367	170.953018188477	131.692230224609	22	207.310012817383	63.4845962524414	312.999237060547	81.1562118530273	176.647033691406	61.4988098144531	0.154674768447876	18.2838268280029	1039.47326660156	294.913208007812	160.811080932617	11.5649862289429	9.72624015808105	11.5449886322021	13.3945074081421	1.71828186511993	12.6766576766968	58.7741661071777	5.98057508468628	6.33261680603027	6	0.712803959846497	0.712415456771851
0.71322	1797893.74016779	-4362953.73574801	0.711893022060394	0.710283994674683	285	560	0	25.7063217163086	2518.52490234375	1287.67724609375	1634.03369140625	3.42273736000061	1.26290132865248e-11	2.92923296729697e-10	11.4143400192261	6.38634636032599e-15	2.36921186879194e-13	218.765991210938	200.230682373047	119.92626953125	50	297.349761962891	109.440223693848	355.06591796875	236.681060791016	249.006057739258	142.326354980469	0.159473985433578	59.2528533935547	740.498657226562	239.451187133789	133.248077392578	17.6292285919189	21.1532306671143	11.7049922943115	3.07305717468262	2.16831636428833	11.6946401596069	53.5440483093262	6.37941789627075	6	6	0.713096737861633	0.711132526397705
0.71169	1797890.64422068	-4363087.36804946	0.711893022060394	0.710283994674683	285	560	0	25.7063217163086	2518.52490234375	1287.67724609375	1634.03369140625	3.42273736000061	1.26290132865248e-11	2.92923296729697e-10	11.4143400192261	6.38634636032599e-15	2.36921186879194e-13	218.765991210938	200.230682373047	119.92626953125	50	297.349761962891	109.440223693848	355.06591796875	236.681060791016	249.006057739258	142.326354980469	0.159473985433578	59.2528533935547	740.498657226562	239.451187133789	133.248077392578	17.6292285919189	21.1532306671143	11.7049922943115	3.07305717468262	2.16831636428833	11.6946401596069	53.5440483093262	6.37941789627075	6	6	0.713096737861633	0.711132526397705
0.70928	1797592.38119674	-4370856.60473534	0.715143024921417	0.712998986244202	448	560	0	183.906631469727	2779.79125976562	1238.25317382812	1553.89172363281	4.01087856292725	1.21964278954056e-11	3.05112018983422e-10	3.58806324005127	6.39631636163165e-15	2.31591194789146e-13	237.367218017578	208.339508056641	119.128036499023	54	254.62272644043	106.231513977051	362.228912353516	284.112976074219	277.380249023438	183.00505065918	0.155777350068092	57.6448135375977	495.735717773438	204.122467041016	104.501640319824	28.8166637420654	23.6806945800781	12.2789363861084	2.88687348365784	2.6692967414856	9.06832122802734	51.9634628295898	6.65488195419312	6	6	0.711354434490204	0.710968554019928
0.70994	1797981.86109818	-4368708.47440553	0.715143024921417	0.712998986244202	448	560	0	313.28173828125	2819.45458984375	1226.59375	1584.73608398438	3.90648221969604	1.23045731589833e-11	3.0206215306805e-10	5.29495763778687	6.39380490894304e-15	2.32927419756626e-13	223.075347900391	192.913513183594	122.195732116699	49	216.681045532227	104.852684020996	354.558135986328	260.444458007812	288.395446777344	190.158935546875	0.156736418604851	58.0776405334473	525.266784667969	206.379653930664	94.9323120117188	29.3032512664795	25.0245952606201	11.8290348052979	2.92428827285767	2.78153395652771	8.80739402770996	53.5298118591309	6.77105951309204	6	6	0.712647318840027	0.711010634899139
0.70949	1798278.71841417	-4369594.12323235	0.715143024921417	0.712998986244202	448	560	0	228.159576416016	2808.92822265625	1233.43762207031	1565.7060546875	3.98041152954102	1.22656121370746e-11	3.03894465147891e-10	4.44153785705566	6.40011996308129e-15	2.32582020049527e-13	224.631698608398	202.047744750977	119.923454284668	51	230.701766967773	104.145942687988	350.739471435547	262.437164306641	253.574691772461	180.00505065918	0.156603127717972	58.274829864502	498.956207275391	205.666046142578	98.2904434204102	31.0475730895996	24.7450923919678	12.2679529190063	3.01160597801208	2.6692967414856	8.59245109558105	52.6882743835449	7.0847487449646	6	6	0.712408125400543	0.711003124713898
0.70953	1798442.17783759	-4369066.1872511	0.715143024921417	0.712998986244202	448	560	0	299.243957519531	2813.58471679688	1227.8603515625	1584.89477539062	3.93208384513855	1.23196609164156e-11	3.02367297866368e-10	5.29495763778687	6.39884348442978e-15	2.33254089871196e-13	228.302886962891	196.875350952148	122.325836181641	55	223.644882202148	107.283065795898	360.320983886719	252.165740966797	281.928405761719	182.910736083984	0.157121762633324	58.4746131896973	532.237976074219	211.504135131836	100.564651489258	30.3690948486328	25.1583423614502	12.2629327774048	2.98952007293701	2.67980217933655	8.87697124481201	52.6484527587891	7.26862573623657	6	6	0.713056623935699	0.711024761199951
0.70941	1798442.21655322	-4369066.18256405	0.715143024921417	0.712998986244202	448	560	0	299.243957519531	2813.58471679688	1227.8603515625	1584.89477539062	3.93208384513855	1.23196609164156e-11	3.02367297866368e-10	5.29495763778687	6.39884348442978e-15	2.33254089871196e-13	228.302886962891	196.875350952148	122.325836181641	55	223.644882202148	107.283065795898	360.320983886719	252.165740966797	281.928405761719	182.910736083984	0.157121762633324	58.4746131896973	532.237976074219	211.504135131836	100.564651489258	30.3690948486328	25.1583423614502	12.2629327774048	2.98952007293701	2.67980217933655	8.87697124481201	52.6484527587891	7.26862573623657	6	6	0.713056623935699	0.711024761199951
0.71807	1808911.65778922	-4228073.28542117	0.713784992694855	0.708616018295288	583.75	560	0	932.989135742188	963.783447265625	1467.64709472656	2136.91455078125	3.15996217727661	2.00588608223473e-11	9.09491162937037e-11	131.661849975586	6.26967561865471e-15	3.31158115252778e-13	178.180053710938	178.408447265625	132.130737304688	25	227.16716003418	74.9848098754883	321.100769042969	151.791748046875	209.118026733398	69.1914443969727	0.161080166697502	17.1087493896484	1011.98034667969	281.218780517578	149.84912109375	12.4220161437988	11.1512594223022	10.5959806442261	14.5632886886597	2.15307140350342	10.8741016387939	56.1564254760742	5.78207921981812	6	6	0.712801516056061	0.713054955005646
0.718193	1808350.92246619	-4271008.93930956	0.711284995079041	0.710537016391754	240	560	0	537.871032714844	1272.93005371094	1490.56213378906	2066.90942382812	3.14903903007507	1.77443424537183e-11	1.55455745498578e-10	91.6707458496094	6.31794802631873e-15	3.03555303723252e-13	239.837417602539	176.696060180664	132.320449829102	45	249.249633789062	84.8552322387695	343.650177001953	236.825546264648	196.901763916016	122.19026184082	0.143068015575409	26.079288482666	905.447204589844	241.941024780273	128.484741210938	14.8913507461548	20.9527530670166	9.91790962219238	16.5541362762451	1.93841779232025	10.8679609298706	58.4983596801758	5.34792518615723	6.0887598991394	6	0.711565315723419	0.712705194950104
0.70942	1802192.80720185	-4372732.40040793	0.708513021469116	0.708510994911194	32.75	560	0	210.308212280273	2861.1650390625	1226.12805175781	1537.40856933594	4.11600112915039	1.21642088762863e-11	3.09738873438548e-10	1.76190280914307	6.42447681899606e-15	2.31800825279196e-13	250.495101928711	214.538986206055	114.735633850098	55	241.681503295898	106.336624145508	341.291412353516	276.446624755859	256.544525146484	170.957092285156	0.15588116645813	59.5650596618652	406.838439941406	164.392196655273	100.434524536133	38.2607536315918	24.7322883605957	10.3862819671631	3.01343083381653	2.78438663482666	7.897376537323	53.2781410217285	5.71926116943359	6	6	0.712538361549377	0.711014866828918
0.711517	1817930.88333985	-4138525.30248363	0.711893022060394	0.710283994674683	285	730	0	1588.71691894531	1430.70178222656	1324.24304199219	1910.22351074219	3.47228217124939	3.21891541199548e-11	6.0243664223858e-11	213.189437866211	5.36125607613052e-15	2.66217603517305e-13	225.201049804688	201.840316772461	125.735305786133	29	229.049713134766	97.3751220703125	322.444793701172	214.690383911133	186.864135742188	81.795768737793	0.141784176230431	26.4991931915283	1594.8955078125	359.267150878906	176.178894042969	6.95328807830811	17.7961330413818	13.7262964248657	14.9613342285156	1.95958542823792	12.6047010421753	53.7428359985352	6.38905620574951	6	6	0.710722506046295	0.711240947246552
0.724345	1812313.04121757	-4237709.90317457	0.714218020439148	0.712720990180969	407	560	0	1044.99963378906	1236.91162109375	1409.765625	1951.51379394531	3.1126081943512	1.95682671455533e-11	1.05814641770952e-10	121.633018493652	6.28911290721183e-15	3.28347050070066e-13	205.268798828125	191.248641967773	130.645538330078	28	233.657409667969	95.5661087036133	325.458557128906	311.636474609375	252.973587036133	97.6838836669922	0.163885697722435	18.5141487121582	790.581909179688	237.553939819336	140.317153930664	19.6964454650879	14.6187133789062	10.1501159667969	8.44855880737305	1.96108269691467	8.62116527557373	56.9349327087402	8.15999698638916	6	6	0.713752329349518	0.713398694992065
0.718851	1814559.52542756	-4215077.7662687	0.713784992694855	0.708616018295288	583.75	730	0	862.243408203125	811.458679199219	1517.63940429688	2205.88208007812	3.30675935745239	2.14765948081119e-11	8.04960126332688e-11	142.088928222656	6.19228094771466e-15	3.33257998020448e-13	182.951675415039	167.493408203125	129.272216796875	19	211.03825378418	56.7164993286133	317.980621337891	77.3515167236328	186.216262817383	60.2327880859375	0.155900463461876	17.4285316467285	1239.53771972656	318.698577880859	168.525360107422	11.7778406143188	8.65957069396973	9.78141403198242	12.4637384414673	1.6031049489975	12.6612091064453	58.3285675048828	5.86501836776733	6.61626529693604	6	0.713079810142517	0.712459981441498
0.715744	1820980.12327544	-4131929.02612833	0.711893022060394	0.710283994674683	285	730	0	1502.63220214844	1330.19665527344	1359.94079589844	1940.28662109375	3.44644927978516	3.30944507909159e-11	5.82772788360053e-11	218.0791015625	5.2976057853091e-15	2.62284334875962e-13	217.781448364258	194.309997558594	130.208694458008	27	243.264541625977	94.602165222168	318.523162841797	239.675094604492	188.520248413086	84.370246887207	0.141941860318184	26.761775970459	1371.03723144531	340.737609863281	180.231155395508	6.23091650009155	10.1445627212524	10.5039920806885	13.4318552017212	1.77742624282837	14.7826194763184	56.546199798584	7.220046043396	6.04142761230469	6	0.710332334041595	0.711087882518768
0.713228	1817965.47501579	-4186555.19181841	0.711893022060394	0.710283994674683	285	730	0	1110.05126953125	1001.01770019531	1458.24829101562	2057.54565429688	3.04890108108521	2.54022532175657e-11	7.2940410655864e-11	167.738342285156	5.89250921141779e-15	3.101462229399e-13	196.999267578125	186.979431152344	127.875061035156	25	289.128570556641	85.2569274902344	324.776062011719	148.821166992188	186.002990722656	76.1207580566406	0.137502491474152	16.8236312866211	1052.49462890625	350.773895263672	164.651306152344	10.6850261688232	10.8931818008423	10.2457227706909	13.7677965164185	1.85997796058655	14.0040607452393	55.3230171203613	4.59690761566162	6.14391946792603	6	0.711893022060394	0.711893975734711
0.71567	1808915.72716142	-4322337.11277455	0.711284995079041	0.710537016391754	240	560	0	196.011337280273	2196.75122070312	1419.69580078125	1703.72644042969	2.45336055755615	1.49457703157996e-11	2.34507385732385e-10	43.7700386047363	6.38384973071396e-15	2.68715334272168e-13	228.809341430664	209.654708862305	124.895164489746	52	265.3662109375	121.338905334473	352.876678466797	297.748016357422	287.232055664062	239.158294677734	0.16193513572216	48.0625419616699	619.039245605469	193.294128417969	115.036796569824	23.3102378845215	24.1495780944824	11.8913841247559	3.49634480476379	2.40197420120239	9.82915782928467	54.2179985046387	6.97558069229126	6	6	0.712218046188354	0.712557554244995
0.71486	1810122.25441	-4317406.31203664	0.715143024921417	0.712998986244202	448	560	0	407.911407470703	2190.28857421875	1389.56921386719	1717.45361328125	2.72949719429016	1.52286915716671e-11	2.27034765987177e-10	48.2706069946289	6.38106595693281e-15	2.72678716628852e-13	225.345581054688	210.785217285156	111.198974609375	56	274.299438476562	114.276443481445	358.511413574219	312.380096435547	287.480865478516	214.611221313477	0.165794134140015	45.5825500488281	483.331787109375	206.519073486328	121.106178283691	42.4942321777344	27.2951698303223	10.8124675750732	3.07252812385559	2.36617827415466	9.5511474609375	50.8744659423828	9.47902679443359	6	6	0.714275598526001	0.71272224187851
0.713497	1822007.64179136	-4142618.47945066	0.711893022060394	0.710283994674683	285	730	0	1555.32971191406	1410.60021972656	1334.54443359375	1905.42883300781	3.48046636581421	3.1513614634493e-11	6.11437359077094e-11	208.822845458984	5.42373492038589e-15	2.73151428776056e-13	218.077545166016	195.176895141602	126.209548950195	28	223.925445556641	100.930732727051	320.291717529297	201.248443603516	195.442932128906	82.5648422241211	0.141927510499954	23.2801876068115	1423.57385253906	345.145721435547	195.745681762695	6.53127670288086	14.9672651290894	8.68564319610596	13.1087017059326	1.75393891334534	12.7012395858765	60.5657272338867	6.72614288330078	6	6	0.711502850055695	0.711216807365417
0.715873	1817804.77304492	-4219152.51916558	0.711893022060394	0.710283994674683	285	730	0	793.647644042969	786.333190917969	1537.3994140625	2257.94897460938	3.23596858978271	2.09465240291751e-11	8.13927467091524e-11	137.707229614258	6.24204370984938e-15	3.39769689163341e-13	180.33219909668	162.191940307617	131.466156005859	23	219.854904174805	56.6390914916992	309.346984863281	75.477653503418	186.584976196289	63.2647361755371	0.159769684076309	17.2947387695312	1251.41040039062	290.469543457031	171.082717895508	11.2152805328369	8.16337871551514	8.70536136627197	12.4638137817383	1.45968556404114	11.2093086242676	59.7189254760742	5.83849620819092	7.13578367233276	6	0.712684750556946	0.71260803937912
0.717134	1818460.79363082	-4224301.0165803	0.713784992694855	0.708616018295288	583.75	730	0	793.570678710938	824.751037597656	1526.10388183594	2227.13940429688	3.18531012535095	2.0336458211867e-11	8.59919566109646e-11	132.633148193359	6.28546177169269e-15	3.42367274938291e-13	178.51481628418	164.550415039062	132.813766479492	20	222.845993041992	61.9037055969238	303.0908203125	97.0175552368164	193.279724121094	60.618221282959	0.165705278515816	17.6053447723389	1247.28796386719	299.916290283203	145.956619262695	13.9261159896851	10.4671974182129	9.83835315704346	13.879732131958	1.5126975774765	12.380823135376	56.7616424560547	5.00420236587524	6.19082832336426	6	0.712877631187439	0.712871670722961
0.712852	1822703.2166033	-4171415.38432714	0.711893022060394	0.710283994674683	285	730	0	1224.32788085938	1062.45129394531	1431.71618652344	2032.89428710938	3.25542736053467	2.74471730066228e-11	6.87496032325541e-11	181.391540527344	5.74496496585203e-15	3.00689188175232e-13	204.212509155273	192.892990112305	132.270370483398	30	229.63410949707	88.1771697998047	328.117401123047	156.11767578125	182.508575439453	79.7688598632812	0.133254855871201	14.6860198974609	1360.29028320312	409.047271728516	179.510543823242	10.8352127075195	9.96545886993408	12.5486812591553	13.8664627075195	1.81631910800934	16.4156665802002	51.0792770385742	7.25278568267822	6	6	0.711893022060394	0.711893022060394
0.717935	1815733.4751676	-4281875.25863729	0.711284995079041	0.710537016391754	240	560	0	423.619049072266	1353.69396972656	1485.03540039062	2113.00830078125	3.19099807739258	1.7243149616486e-11	1.72716257962335e-10	79.3374786376953	6.35311641077226e-15	3.01178136249969e-13	237.864456176758	195.391342163086	128.466064453125	33	295.078277587891	78.9589157104492	341.085174560547	190.911148071289	187.196105957031	98.092414855957	0.142905622720718	30.4315376281738	968.852783203125	223.431930541992	130.803802490234	13.4452543258667	18.0863990783691	11.7807779312134	14.0744438171387	1.92589604854584	9.71967124938965	63.6542625427246	5.08442211151123	7.4305272102356	7.14492082595825	0.711352527141571	0.712428510189056
0.712588	1824865.36001926	-4157621.23171188	0.711893022060394	0.710283994674683	285	730	0	1602.7158203125	1500.97265625	1307.73291015625	1872.18371582031	3.38156390190125	2.93535577788884e-11	6.4974671476481e-11	194.191131591797	5.60038279450283e-15	2.89457992080563e-13	237.511535644531	208.500244140625	124.929618835449	39	287.685913085938	100.077651977539	326.056060791016	187.411697387695	200.140594482422	90.9903259277344	0.140717253088951	17.4537830352783	1194.82348632812	362.823669433594	179.28044128418	7.09958505630493	16.5312480926514	12.6162919998169	13.2426443099976	1.71828186511993	12.3140621185303	57.9997787475586	5.88726472854614	6	6	0.711893022060394	0.711696267127991
0.71802	1815407.11891014	-4306720.26378557	0.711893022060394	0.710283994674683	285	560	0	554.528137207031	1776.77709960938	1382.60192871094	1936.26940917969	3.39040780067444	1.59018926498833e-11	2.11124118187911e-10	56.1019973754883	6.38842159104676e-15	2.83730775419572e-13	223.896270751953	189.3564453125	128.002960205078	35	234.390151977539	96.4197158813477	344.447418212891	272.317565917969	252.24934387207	160.576141357422	0.154737859964371	40.6426658630371	799.829040527344	243.673904418945	133.184143066406	16.690580368042	18.3740558624268	12.4637384414673	16.4950981140137	2.16933488845825	9.07223510742188	55.0462074279785	6.50634956359863	6	6	0.712454736232758	0.712826430797577
0.712158	1827384.62085007	-4132307.04297378	0.703992009162903	0.702769994735718	172.550003051758	730	0	1569.51062011719	1379.36499023438	1340.2353515625	1929.31628417969	3.45786714553833	3.27354324203277e-11	5.82765641299332e-11	217.237869262695	5.34230159635334e-15	2.68860319207684e-13	209.692962646484	205.541854858398	128.963317871094	27	237.670715332031	96.4525909423828	321.9091796875	229.400192260742	186.783798217773	80.5395889282227	0.139517992734909	23.7305889129639	1406.87854003906	338.444549560547	186.211181640625	7.16617012023926	17.4211349487305	12.9552316665649	13.4701900482178	1.755366563797	13.648889541626	56.5878982543945	6.16975784301758	6	6	0.709551990032196	0.710999250411987
0.70948	1812509.04435628	-4371219.21987862	0.708513021469116	0.708510994911194	32.75	560	0	147.753570556641	2784.06665039062	1243.28051757812	1562.19677734375	4.02630376815796	1.23697658019339e-11	3.11326131541279e-10	3.55896282196045	6.47415318377016e-15	2.35630986293936e-13	230.983901977539	214.882629394531	118.575073242188	58	260.688018798828	99.2200622558594	359.023376464844	299.611358642578	263.700531005859	174.58447265625	0.161173582077026	62.5430068969727	605.736206054688	215.577697753906	103.513122558594	22.1789073944092	22.4344425201416	10.870810508728	2.71491956710815	2.58458781242371	9.82673835754395	54.2048683166504	6.07084941864014	6	6	0.712324619293213	0.711094915866852
0.70953	1812532.11145929	-4371389.10131481	0.708513021469116	0.708510994911194	32.75	560	0	147.753570556641	2784.06665039062	1243.28051757812	1562.19677734375	4.02630376815796	1.23697658019339e-11	3.11326131541279e-10	3.55896282196045	6.47415318377016e-15	2.35630986293936e-13	230.983901977539	214.882629394531	118.575073242188	58	260.688018798828	99.2200622558594	359.023376464844	299.611358642578	263.700531005859	174.58447265625	0.161173582077026	62.5430068969727	605.736206054688	215.577697753906	103.513122558594	22.1789073944092	22.4344425201416	10.870810508728	2.71491956710815	2.58458781242371	9.82673835754395	54.2048683166504	6.07084941864014	6	6	0.712324619293213	0.711094915866852
0.724322	1823559.72340007	-4234302.57121468	0.712577998638153	0.710089027881622	302.049987792969	560	0	764.709289550781	899.336181640625	1516.06811523438	2164.15649414062	3.09669613838196	1.98598151812668e-11	1.01035090016577e-10	122.172271728516	6.30882463444385e-15	3.40097307954812e-13	177.502685546875	179.365249633789	133.634536743164	23	241.887741088867	69.2497100830078	315.251434326172	142.379653930664	224.842742919922	73.0175476074219	0.162841215729713	18.8816871643066	1117.51684570312	255.518936157227	129.468963623047	13.8826837539673	11.6208095550537	10.6440343856812	13.7053928375244	1.72753071784973	9.67159366607666	59.433910369873	5.37900066375732	6.82438611984253	6	0.712977588176727	0.713259756565094
0.71576	1847345.74112346	-3865285.64956988	0.709096014499664	0.70907998085022	1.29999995231628	730	0	910.635864257812	634.20166015625	1708.24279785156	2569.619140625	2.96358704566956	1.41805900355507e-10	1.56440155968385e-11	299.924194335938	3.83450544672601e-15	1.40914271353973e-13	241.955078125	129.627639770508	136.6337890625	31	207.650527954102	69.0271987915039	316.859039306641	69.0338592529297	140.992919921875	47.1705093383789	0.131709903478622	264.037445068359	1628.30749511719	242.941558837891	153.210403442383	24.8141975402832	5.44387149810791	5.00811576843262	12.4568424224854	0.936637043952942	14.4707345962524	61.9165725708008	5.10156106948853	6.09815168380737	6.09815168380737	0.708723247051239	0.709910988807678
0.71019	1814926.0271384	-4370440.08492808	0.715143024921417	0.712998986244202	448	560	0	58.6343688964844	2778.31298828125	1257.31555175781	1555.62292480469	3.90434575080872	1.24537446327677e-11	3.10383496682221e-10	3	6.48272727477874e-15	2.37000116797351e-13	223.959548950195	219.44596862793	114.543235778809	53	281.44140625	107.14518737793	349.552825927734	359.292846679688	266.366882324219	160.884429931641	0.162339195609093	61.5066833496094	630.038452148438	202.77424621582	107.666046142578	23.0457134246826	22.1939716339111	11.004077911377	2.73409390449524	2.46032476425171	10.0201930999756	55.325496673584	6.14951992034912	6.09745073318481	6	0.711718082427979	0.711121737957001
0.717959	1822837.70375503	-4255493.66392164	0.711893022060394	0.710283994674683	285	560	0	758.416015625	1140.63122558594	1461.92932128906	2128.34838867188	3.18129587173462	1.87246520372275e-11	1.33244248967657e-10	102.387817382812	6.33640826237119e-15	3.24547490661645e-13	209.096664428711	183.374938964844	132.462249755859	21	211.729827880859	78.295783996582	332.076599121094	280.690521240234	243.867141723633	86.4111709594727	0.152640849351883	23.9674530029297	1019.45123291016	253.425277709961	137.054962158203	15.5444669723511	11.0977392196655	10.3108787536621	14.8197736740112	1.83582305908203	8.74365329742432	58.6936492919922	4.95904397964478	7.32373285293579	6.61593818664551	0.713859975337982	0.713344216346741
0.718722	1821817.05795351	-4272273.90568169	0.711284995079041	0.710537016391754	240	560	0	467.321868896484	1283.26696777344	1492.05590820312	2123.734375	3.13755917549133	1.78026014069355e-11	1.59366478347245e-10	86.9742584228516	6.35849549350379e-15	3.11757835259191e-13	251.497528076172	193.410430908203	127.976333618164	27	228.817749023438	76.6466751098633	337.109802246094	240.634338378906	200.329986572266	111.220306396484	0.138068079948425	28.0699844360352	1090.25427246094	279.583374023438	119.752281188965	22.4970951080322	18.8685741424561	9.0794153213501	14.7985916137695	1.73914861679077	11.5740098953247	57.9847450256348	4.90842628479004	6.21656274795532	6	0.71162074804306	0.712728381156921
0.720261	1824110.09816989	-4245671.39503018	0.711893022060394	0.710283994674683	285	560	0	793.716735839844	1068.62133789062	1477.39465332031	2122.9970703125	3.15875244140625	1.92716658603542e-11	1.17897608342687e-10	111.859428405762	6.3244506982548e-15	3.32405083276407e-13	210.781204223633	183.961303710938	133.587448120117	23	213.055969238281	70.5598678588867	327.453735351562	156.81689453125	218.46598815918	86.2497787475586	0.156791999936104	21.5525798797607	944.780639648438	268.658203125	137.179092407227	15.7680292129517	10.5767021179199	10.5329351425171	15.012188911438	1.7549387216568	10.4877529144287	58.2398452758789	5.82458257675171	6.26460552215576	6	0.713730037212372	0.713562905788422
0.712536	1830487.92488197	-4184748.04042619	0.711893022060394	0.710283994674683	285	730	0	1012.15167236328	858.82177734375	1495.28076171875	2142.09204101562	3.37056469917297	2.55996977088779e-11	7.17943829386947e-11	168.426071166992	5.9106746800046e-15	3.19827470713838e-13	198.985427856445	186.951934814453	134.284362792969	23	221.614822387695	68.0290145874023	317.031311035156	104.576591491699	154.604614257812	60.8197326660156	0.130431964993477	14.5622434616089	1236.25500488281	329.584381103516	160.191558837891	13.6806297302246	7.99072599411011	9.66929340362549	13.2390089035034	1.53204536437988	14.7721471786499	56.4705543518066	5.1026029586792	6	6	0.711893022060394	0.711893022060394
0.712076	1834003.92348508	-4132984.59965036	0.711893022060394	0.710283994674683	285	730	0	1454.20080566406	1242.34106445312	1382.09167480469	1957.87329101562	3.42046284675598	3.25490537300688e-11	5.80494576019053e-11	217.237869262695	5.37111765721893e-15	2.73715376536074e-13	191.258148193359	185.660675048828	131.03742980957	26	231.735916137695	88.2444076538086	318.896881103516	167.984970092773	174.22673034668	77.3180313110352	0.138199999928474	24.6360187530518	1449.74401855469	338.817474365234	179.914077758789	7.01028776168823	10.2020587921143	12.8102951049805	13.7525129318237	1.74587798118591	13.5053586959839	58.938304901123	6.88299322128296	6.65501022338867	6	0.709942162036896	0.710991144180298
0.70977	1819728.39646696	-4371274.28509714	0.715143024921417	0.712998986244202	448	560	0	48.6690826416016	2579.63012695312	1254.88818359375	1533.484375	4.14243268966675	1.24758909800238e-11	3.13514103567059e-10	0.801119029521942	6.5098882332654e-15	2.3782844725713e-13	225.587768554688	224.261795043945	113.949211120605	58	270	98	361	346.891906738281	274	153	0.16295325756073	58.7848663330078	632.185546875	194.866500854492	111.565742492676	31.7135314941406	22.5169334411621	11.078950881958	2.6043426990509	2.33845734596252	9.50626087188721	53.3478775024414	5.72121858596802	5.90071296691895	5.90071296691895	0.711398482322693	0.710976779460907
0.717586	1828292.32904873	-4257422.96113818	0.715143024921417	0.712998986244202	448	560	0	717.296142578125	1200.00646972656	1462.15612792969	2088.89306640625	3.21346354484558	1.8692082603966e-11	1.36510608372831e-10	99.6928787231445	6.35496506017964e-15	3.27905210579724e-13	239.356506347656	175.784271240234	130.326568603516	29	212.124176025391	91.8458099365234	338.200988769531	285.860198974609	212.910629272461	142.553680419922	0.152043476700783	24.3026943206787	819.283813476562	221.161560058594	131.475845336914	16.3817367553711	14.291407585144	9.79247093200684	12.3069925308228	2.10433387756348	9.14429950714111	56.2419738769531	6.82119798660278	6.24466037750244	6.08564853668213	0.714460909366608	0.713262259960175
0.714653	1835848.191364	-4145458.77433403	0.711893022060394	0.710283994674683	285	730	0	1431.21057128906	1228.91516113281	1380.97521972656	1968.21899414062	3.44706225395203	3.074348761678e-11	6.13719977615723e-11	205.297378540039	5.51798978214104e-15	2.8749851349423e-13	208.925018310547	193.918426513672	131.553451538086	24	220.92936706543	88.4786758422852	326.368011474609	238.11735534668	182.794464111328	85.7649536132812	0.143838346004486	21.49560546875	1726.69213867188	395.552581787109	214.195785522461	4.68775272369385	8.33018207550049	8.61936664581299	13.8012447357178	1.59978055953979	14.328987121582	58.2731132507324	7.08602714538574	6.12868738174438	6	0.711995840072632	0.711240947246552
0.711662	1835131.14230077	-4169235.3549357	0.711893022060394	0.710283994674683	285	730	0	1257.99731445312	1062.91577148438	1420.04309082031	2033.68872070312	3.40227437019348	2.75621903772505e-11	6.76861136583717e-11	182.077789306641	5.76621702249864e-15	3.09208930161786e-13	205.090744018555	193.271957397461	133.300567626953	24	220.128479003906	84.3132781982422	333.167510986328	156.933563232422	173.113800048828	80.4417953491211	0.138253375887871	14.9217662811279	1105.84191894531	337.059234619141	160.775619506836	12.2154016494751	9.71695709228516	12.7178926467896	14.877103805542	1.67777299880981	16.114709854126	54.2313423156738	6.34444379806519	6	6	0.711893022060394	0.711893022060394
0.71612	1827291.93470453	-4301163.35179635	0.711893022060394	0.710283994674683	285	560	0	400.494415283203	1716.07299804688	1426.46508789062	1973.13916015625	3.2450852394104	1.63316669216096e-11	2.05097508421126e-10	58.3517189025879	6.42402365636928e-15	2.94569680063181e-13	235.891464233398	191.152969360352	127.363349914551	34	288.344024658203	82.7052230834961	345.736358642578	203.600936889648	202.735824584961	120.033294677734	0.144397273659706	36.0083427429199	880.427673339844	251.545272827148	121.323379516602	11.286810874939	17.5624675750732	13.4418439865112	14.6118507385254	2.02629971504211	8.95804595947266	59.1307640075684	5.49694395065308	7.17190408706665	6	0.711973249912262	0.712742328643799
0.715835	1834249.47295113	-4220420.28013763	0.713784992694855	0.708616018295288	583.75	730	0	754.679138183594	806.121459960938	1540.40991210938	2252.93115234375	3.17630553245544	2.08537319357216e-11	8.09991240746655e-11	135.016067504883	6.29594592199733e-15	3.57614410089954e-13	180.216842651367	188.732559204102	133.383972167969	23	216.024261474609	58.7518768310547	305.447998046875	67.9343719482422	197.790649414062	64.2335052490234	0.14823579788208	17.8025093078613	1191.77331542969	262.054473876953	136.350006103516	14.3252325057983	10.090368270874	10.6498613357544	13.062385559082	1.85847890377045	10.9450149536133	61.2858543395996	4.51735925674438	8.64152050018311	6	0.712780594825745	0.712589502334595
0.717867	1835524.95492047	-4236174.09124422	0.712577998638153	0.710089027881622	302.049987792969	560	0	659.308227539062	927.526000976562	1529.31481933594	2186.47534179688	3.0853865146637	1.9895652833557e-11	1.03865416267723e-10	119.4794921875	6.3374920410272e-15	3.49291586322978e-13	184.183029174805	186.206008911133	133.700393676758	24	218.106002807617	66.5055999755859	316.225036621094	111.579467773438	229.603912353516	77.3758087158203	0.156040608882904	19.6901073455811	1121.77514648438	254.1572265625	114.58228302002	14.9215335845947	9.94157314300537	9.8951358795166	14.5268888473511	1.71828186511993	11.161771774292	56.5326309204102	5.2651891708374	6.05362367630005	6	0.71320641040802	0.71325808763504
0.713912	1840928.97689875	-4182324.37719774	0.711893022060394	0.710283994674683	285	730	0	999.411804199219	852.96533203125	1498.57958984375	2139.07934570312	3.33748364448547	2.57945765441692e-11	7.07993663695561e-11	170.113616943359	5.92108598547578e-15	3.26781895813866e-13	193.27734375	177.207977294922	135.77946472168	19	214.600891113281	61.8216018676758	317.217498779297	102.13729095459	157.151718139648	60.5464935302734	0.131381288170815	14.6890325546265	1175.79895019531	326.672454833984	163.021911621094	14.2627449035645	9.19972038269043	10.3203382492065	14.7516021728516	1.66809797286987	15.299750328064	57.6134757995605	5.16792917251587	6.98240184783936	6	0.711893022060394	0.711893022060394
0.718365	1836773.23021922	-4245310.07522755	0.714218020439148	0.712720990180969	407	560	0	567.095825195312	1061.35778808594	1521.99548339844	2134.9404296875	3.07710027694702	1.94291423227799e-11	1.1793165055618e-10	110.859428405762	6.35499343578337e-15	3.43386560505698e-13	199.591781616211	172.055358886719	130.628067016602	33	275.619750976562	87.1701354980469	332.773864746094	254.628448486328	226.952499389648	112.851974487305	0.158864811062813	21.6162986755371	985.806396484375	220.607727050781	105.27326965332	15.285852432251	13.2330751419067	9.52138423919678	14.5912303924561	1.83633041381836	9.72285842895508	56.3209075927734	6.03085231781006	6.15442752838135	6	0.713500082492828	0.713505864143372
0.713987	1844248.03409574	-4133134.37175202	0.711893022060394	0.710283994674683	285	730	0	1382.63891601562	1120.27917480469	1411.28381347656	2021.0615234375	3.42119336128235	3.22073652470056e-11	5.76330962120952e-11	216.237869262695	5.42394710213918e-15	2.82616351111528e-13	189.515548706055	194.593307495117	135.390182495117	23	225.675186157227	77.5971527099609	325.335968017578	126.144386291504	182.083282470703	67.6954040527344	0.138481050729752	26.2959766387939	1598.69580078125	426.725006103516	194.974975585938	5.86108446121216	8.944167137146	11.5911636352539	13.879732131958	1.71828186511993	18.916202545166	55.9798965454102	6.84556436538696	6	6	0.710429847240448	0.710809886455536
0.713647	1840583.12801598	-4193876.62143519	0.711893022060394	0.710283994674683	285	730	0	896.192199707031	810.56884765625	1520.93444824219	2181.74291992188	3.27729773521423	2.43748077277672e-11	7.36592939420966e-11	159.829666137695	6.03344532944554e-15	3.37299849509365e-13	168.679397583008	170.588806152344	132.992523193359	23	234.188446044922	66.8281784057617	322.704223632812	131.135650634766	179.506896972656	67.9608383178711	0.133925572037697	15.6462841033936	1174.39111328125	273.253753662109	143.666427612305	13.340404510498	10.3353796005249	11.2212028503418	14.8791255950928	1.80231237411499	14.5043601989746	56.0628128051758	5.09912300109863	7.07950878143311	6.19836282730103	0.711893022060394	0.711907505989075
0.7185	1835023.48384461	-4286292.78493764	0.711284995079041	0.710537016391754	240	560	0	441.892944335938	1529.38366699219	1447.03112792969	2072.16455078125	3.11694431304932	1.72237710205358e-11	1.82331191811436e-10	72.1859970092773	6.42159860104129e-15	3.1050577148535e-13	223.475006103516	207.127716064453	127.994438171387	28	206.745666503906	74.7517623901367	336.040466308594	239.766159057617	214.334564208984	119.188842773438	0.145732134580612	30.1345691680908	947.241577148438	254.788986206055	108.947174072266	14.0567302703857	17.174144744873	12.7964429855347	17.174144744873	1.93862009048462	11.8613300323486	57.328182220459	5.07532978057861	6	6	0.711787104606628	0.712323129177094
0.720718	1837316.41345023	-4260792.49315063	0.711284995079041	0.710537016391754	240	560	0	451.737731933594	1272.19567871094	1505.86474609375	2089.80541992188	2.98071551322937	1.86443100541611e-11	1.41523265329013e-10	97.1500854492188	6.38380102631949e-15	3.32749046415629e-13	222.769866943359	189.300155639648	129.263244628906	25	232.165496826172	74.6548538208008	334.773712158203	318.039947509766	266.766265869141	108.87557220459	0.153134867548943	24.6941165924072	1064.791015625	251.038223266602	115.972343444824	17.2054405212402	11.5565853118896	9.42199897766113	16.640697479248	1.83807027339935	12.2359666824341	56.6449851989746	5.19507694244385	6	6	0.711945652961731	0.713209807872772
0.71422	1832955.11455528	-4351039.5039464	0.711893022060394	0.710283994674683	285	560	0	62.487678527832	2539.31982421875	1333.85607910156	1678.85632324219	3.30593657493591	1.37906292288492e-11	2.8381200167793e-10	12.6472635269165	6.53425948874027e-15	2.58947756900246e-13	216.824203491211	190.561584472656	125.605186462402	48	305.612182617188	108.781272888184	362.041717529297	188.012847900391	229.059280395508	142.951629638672	0.162735477089882	52.5326805114746	757.611755371094	201.442169189453	143.870803833008	15.879638671875	20.4768009185791	13.1232814788818	3.357177734375	2.38273239135742	11.7877616882324	56.1037101745605	5.28605508804321	6.05538177490234	6	0.711141884326935	0.710444390773773
0.714804	1843652.09186548	-4205515.64831467	0.711893022060394	0.710283994674683	285	730	0	928.917114257812	895.699157714844	1492.224609375	2161.01342773438	3.28086972236633	2.28445838634794e-11	7.66235894178457e-11	148.69482421875	6.16267545214223e-15	3.51564697492757e-13	205.321807861328	186.698364257812	133.254943847656	22	231.912872314453	67.1340408325195	315.567718505859	159.846115112305	192.755722045898	61.9555740356445	0.126052141189575	16.79030418396	1196.71826171875	299.152893066406	149.394241333008	14.0129957199097	10.010232925415	10.8751583099365	13.7493257522583	1.72605657577515	13.3070888519287	57.6910705566406	5.14185857772827	6	6	0.711893022060394	0.712060511112213
0.713942	1844422.65653549	-4223090.30483662	0.711893022060394	0.710283994674683	285	560	0	715.367004394531	877.088745117188	1529.89343261719	2205.51391601562	3.11651539802551	2.07442812927283e-11	8.15759890193668e-11	133.32470703125	6.33107703700117e-15	3.68162016714871e-13	204.668045043945	185.027160644531	131.078216552734	23	219.749816894531	58.5376968383789	308.435607910156	73.0728149414062	226.099426269531	59.4964828491211	0.146111324429512	18.3182525634766	1330.46826171875	291.734924316406	132.18913269043	13.328423500061	9.96873188018799	8.25024890899658	12.614161491394	1.50879836082458	12.2081642150879	57.0342483520508	5.98447465896606	6.85356378555298	6	0.712266743183136	0.712654590606689
0.713059	1850258.90640431	-4145261.59627802	0.711893022060394	0.710283994674683	285	730	0	1487.49951171875	1254.75573730469	1366.28759765625	1966.62573242188	3.47159504890442	3.03698906300998e-11	6.07681682751604e-11	203.204330444336	5.58361365972956e-15	2.99925150904282e-13	205.686904907227	200.960510253906	131.338455200195	26	221.388565063477	80.222900390625	328.781829833984	193.779205322266	173.922653198242	84.3455657958984	0.147697255015373	23.1834316253662	1302.02209472656	392.579345703125	180.043060302734	8.19745826721191	17.8610439300537	12.5109272003174	13.879732131958	1.56432855129242	14.8039541244507	56.5126533508301	5.47088766098022	6	6	0.711015105247498	0.711031436920166
0.71314	1838940.23650263	-4343254.05657862	0.711893022060394	0.710283994674683	285	560	0	110.955902099609	2521.25439453125	1352.49157714844	1697.703125	3.0664119720459	1.42500811498025e-11	2.7406057978574e-10	19.612886428833	6.54751513084833e-15	2.67160669671987e-13	214.644500732422	211.233383178711	124.551773071289	42	314.004577636719	111.849746704102	355.098907470703	161.121490478516	234.302215576172	146.530288696289	0.162646785378456	47.2886505126953	1029.22412109375	198.971710205078	182.996566772461	16.415491104126	20.0543079376221	11.0795574188232	2.97617697715759	1.89857792854309	13.0230283737183	60.7883224487305	5.10686874389648	6	6	0.710927546024323	0.710741281509399
0.714543	1851787.28389661	-4183215.6618938	0.711893022060394	0.710283994674683	285	730	0	1074.64794921875	946.77392578125	1466.11474609375	2096.57788085938	3.33851552009583	2.55898531531518e-11	7.05390190702815e-11	169.294067382812	5.96564415366609e-15	3.37471126347563e-13	190.275924682617	184.385696411133	132.577346801758	20	206.204055786133	60.7506408691406	322.015533447266	88.9450073242188	172.086532592773	66.6281585693359	0.125644654035568	15.1054935455322	1315.93444824219	308.217956542969	162.789184570312	12.478611946106	9.58302593231201	9.55062866210938	13.1201887130737	1.6062343120575	14.1046829223633	56.7752342224121	4.96570014953613	7.8216757774353	6	0.711893022060394	0.711893022060394
0.72191	1848300.31991818	-4248096.52008425	0.711893022060394	0.710283994674683	285	560	0	680.860107421875	1255.54370117188	1465.75012207031	2050.57592773438	3.05141758918762	1.94687703458651e-11	1.21156376597931e-10	110.165519714355	6.38715188865883e-15	3.51908226951109e-13	220.915084838867	184.778305053711	124.286140441895	33	236.291885375977	85.0220565795898	330.211364746094	260.644226074219	223.123840332031	134.217864990234	0.170523717999458	22.0356903076172	891.318237304688	233.772811889648	116.956428527832	14.7998924255371	12.1781206130981	10.0710906982422	16.0196971893311	2.08833742141724	10.5084371566772	54.3481636047363	5.98557901382446	6	6	0.713487803936005	0.71349024772644
0.722874	1848762.14559339	-4258591.04943211	0.714218020439148	0.712720990180969	407	560	0	476.044128417969	1492.81616210938	1483.90393066406	1938.14990234375	2.90959119796753	1.88872476686308e-11	1.38750358424922e-10	99.8453369140625	6.4091802510016e-15	3.42981990465036e-13	209.005218505859	198.10693359375	127.392532348633	41	267.874786376953	93.6312866210938	341.653289794922	259.356567382812	248.438018798828	168.733184814453	0.17258594930172	23.9960498809814	795.385070800781	243.051574707031	133.289779663086	16.7105312347412	19.2412910461426	8.55197811126709	5.74227046966553	2.27351832389832	10.9948472976685	52.142162322998	7.08872604370117	6	6	0.714007973670959	0.71330451965332
0.71565	1857547.55389758	-4130907.86383723	0.711893022060394	0.710283994674683	285	730	0	1454.568359375	1200.24865722656	1390.16296386719	1980.56958007812	3.4531946182251	3.20517501428697e-11	5.6626210664934e-11	211.991607666016	5.46665662092211e-15	2.9120296126707e-13	165.976669311523	176.617034912109	135.373001098633	27	230.420883178711	74.8843460083008	327.932739257812	116.273284912109	171.301147460938	74.3980178833008	0.143059223890305	28.9111614227295	1207.20300292969	329.499664306641	169.513366699219	9.32794857025146	9.91832065582275	13.5079193115234	15.0589694976807	1.7185240983963	12.9197368621826	57.0601844787598	5.94641828536987	6.08209323883057	6	0.711893022060394	0.710658192634583
0.71871	1849088.48543193	-4274346.21120472	0.711284995079041	0.710537016391754	240	560	0	379.979431152344	1543.02612304688	1470.34802246094	2011.59985351562	2.86318731307983	1.80414554823427e-11	1.6443495176599e-10	85.2775573730469	6.44189943968814e-15	3.29867047305782e-13	213.920227050781	191.279754638672	129.330047607422	28	210.618011474609	78.2150726318359	329.381500244141	207.511703491211	242.412857055664	142.428253173828	0.15410241484642	26.7781066894531	1000.93170166016	274.249481201172	120.470817565918	13.1974945068359	19.2073497772217	10.083779335022	15.7788362503052	1.82846403121948	10.9381608963013	59.3176345825195	4.99492692947388	7.21538734436035	6	0.711847126483917	0.712605953216553
0.71199	1845601.21460854	-4339875.85046405	0.711284995079041	0.710537016391754	240	560	0	142.248107910156	2534.2109375	1359.78112792969	1679.81689453125	2.87059116363525	1.45630781739348e-11	2.69238381589432e-10	24.0206336975098	6.57004917186061e-15	2.73605140280186e-13	233.217956542969	183.385620117188	123.881927490234	47	312.852752685547	105.131500244141	352.78125	146.390380859375	236.338104248047	169.950469970703	0.163794949650764	42.9219360351562	960.765502929688	214.654510498047	180.272247314453	18.5833148956299	19.5372791290283	11.7856416702271	3.46612071990967	2.23290586471558	12.1074695587158	58.3271484375	5.64395618438721	6	6	0.710976123809814	0.710964500904083
0.714932	1853700.97610793	-4235735.76805251	0.712577998638153	0.710089027881622	302.049987792969	560	0	813.675598144531	1183.14758300781	1456.78649902344	2036.06750488281	3.07737445831299	2.01625677959116e-11	1.01913325001313e-10	121.325904846191	6.37421388390599e-15	3.65995103147887e-13	214.633255004883	172.52799987793	130.389541625977	27	224.832244873047	75.8679122924805	333.92578125	211.207611083984	210.120178222656	100.810440063477	0.161649212241173	19.9986171722412	971.885559082031	240.338500976562	134.501754760742	12.902735710144	12.5103845596313	9.83781147003174	14.9339771270752	1.87419474124908	9.0042781829834	56.6405143737793	5.93838167190552	6.98740005493164	6	0.713509202003479	0.713383555412292
0.715377	1853745.67071828	-4258752.68743518	0.714218020439148	0.712720990180969	407	560	0	712.281005859375	1615.64013671875	1419.27392578125	1901.03393554688	2.91861128807068	1.89493750551994e-11	1.38922109926831e-10	100.69066619873	6.42233806080424e-15	3.46933880278691e-13	231.184417724609	197.515930175781	126.900016784668	46	231.427200317383	99.304557800293	343.417083740234	244.828094482422	231.717880249023	177.823699951172	0.162909746170044	23.8631134033203	747.096252441406	253.286148071289	135.301071166992	19.2547264099121	24.8862590789795	9.30098628997803	5.40297698974609	2.44724178314209	11.5113658905029	50.1731872558594	7.29863786697388	6	6	0.714261472225189	0.713320076465607
0.71638	1852680.28245051	-4285118.42903396	0.714218020439148	0.712720990180969	407	560	0	290.877075195312	1630.41528320312	1468.06274414062	1972.64697265625	2.90158104896545	1.75650761297108e-11	1.80936376992236e-10	75.7909469604492	6.47554909406723e-15	3.24316094812982e-13	219.376083374023	199.080215454102	127.982894897461	36	285.884368896484	76.2700958251953	334.315643310547	210.718673706055	207.307144165039	134.382705688477	0.160069167613983	28.1158657073975	1000.54974365234	278.836547851562	120.729927062988	13.0263452529907	19.2732982635498	13.8312702178955	15.7790937423706	1.95813322067261	9.46932601928711	59.8878974914551	5.23814344406128	6	6	0.713276565074921	0.712190508842468
0.715312	1862660.77289836	-4140437.15695592	0.711893022060394	0.710283994674683	285	730	0	1447.66271972656	1224.13305664062	1384.28759765625	1956.05224609375	3.45027685165405	3.06765342295012e-11	5.90032536718077e-11	201.148696899414	5.58783400138926e-15	3.04982330622677e-13	169.515472412109	193.514892578125	132.315551757812	23	232.162307739258	74.8648452758789	329.399383544922	96.6358871459961	157.608947753906	70.547248840332	0.14074844121933	26.2643699645996	1315.51635742188	372.179382324219	176.411361694336	9.64376831054688	11.6818075180054	12.3738851547241	13.7147159576416	1.80523407459259	14.9625177383423	55.451286315918	6.20959424972534	6	6	0.711015105247498	0.710901856422424
0.714706	1864392.54844541	-4147739.22365463	0.711893022060394	0.710283994674683	285	730	0	1276.01782226562	1071.02331542969	1434.09631347656	2020.26135253906	3.31078600883484	2.97812711991252e-11	6.07165082100458e-11	194.456726074219	5.66401614466531e-15	3.1348477958458e-13	198.481109619141	186.036331176758	132.252090454102	25	222.545318603516	73.167236328125	321.282501220703	153.568771362305	170.824523925781	90.2254943847656	0.143368005752563	24.051778793335	1131.0166015625	288.578247070312	163.030670166016	14.1195611953735	11.9360198974609	14.5935344696045	14.8353271484375	2.00692391395569	11.6788120269775	57.6216506958008	5.44940280914307	6	6	0.709747076034546	0.711244344711304
0.71069	1865720.12232476	-4138835.44368928	0.711893022060394	0.710283994674683	285	730	0	1646.76818847656	1437.93249511719	1321.11157226562	1892.35266113281	3.47799062728882	3.08344634547542e-11	5.83735629278159e-11	201.572723388672	5.58231261712258e-15	3.05484749909407e-13	211.751007080078	192.899002075195	129.517791748047	28	227.301574707031	83.9290542602539	333.868041992188	163.829650878906	156.090270996094	86.1186294555664	0.137309104204178	27.3533782958984	1147.59338378906	318.851409912109	159.533020019531	13.3439054489136	18.2572288513184	11.2748174667358	14.4327659606934	2.1460542678833	12.1522722244263	52.6097602844238	6.54524374008179	6	6	0.711210191249847	0.710942149162292
0.71353	1854894.70559476	-4304766.20906725	0.711893022060394	0.710283994674683	285	560	0	392.93017578125	1933.50817871094	1395.62829589844	1906.09765625	3.06435346603394	1.65369992005671e-11	2.13777842650309e-10	57.8020439147949	6.52724309132169e-15	3.08435487436989e-13	273.367919921875	186.876907348633	125.793678283691	32	213.429748535156	91.5046539306641	354.838836669922	160.224227905273	207.197479248047	115.819297790527	0.148082450032234	31.8701362609863	902.551696777344	272.827606201172	125.71802520752	11.0452032089233	17.1973915100098	12.2195978164673	14.3673009872437	2.05039668083191	9.27285861968994	62.3764266967773	4.89469385147095	6.45240163803101	6	0.711795449256897	0.712667524814606
0.711688	1867178.80876251	-4133533.75767695	0.703992009162903	0.702769994735718	172.550003051758	730	0	1646.92163085938	1418.14184570312	1326.02697753906	1909.71301269531	3.48659086227417	3.14042195026509e-11	5.70561028978567e-11	205.396591186523	5.53916729988829e-15	3.01398391921309e-13	210.561447143555	176.616271972656	131.077392578125	24	226.764556884766	73.9281997680664	325.209167480469	158.61247253418	172.09716796875	82.0794525146484	0.137663409113884	29.2620239257812	1151.87463378906	347.639801025391	167.602615356445	10.9033164978027	17.2369804382324	12.0846395492554	13.879732131958	1.92999088764191	11.5675735473633	54.2747611999512	6.03230285644531	6	6	0.708966732025146	0.710861563682556
0.71268	1855419.34566913	-4317271.1197504	0.715143024921417	0.712998986244202	448	560	0	711.564331054688	2607.9091796875	1284.65808105469	1664.38403320312	2.84227752685547	1.58657028487275e-11	2.35272079596172e-10	45.7479667663574	6.56130186261431e-15	2.97634963550286e-13	223.777084350586	200.308242797852	112.794067382812	60	270.987854003906	107.632095336914	356.589630126953	351.360046386719	290.830810546875	266.675537109375	0.162343978881836	34.3062171936035	362.144927978516	194.458679199219	119.590538024902	44.7892799377441	28.6266765594482	10.7263631820679	3.38771414756775	2.54835963249207	8.16403484344482	49.5009994506836	8.13831901550293	6	6	0.715015172958374	0.712620556354523
0.71515	1855328.78846736	-4324703.82831599	0.711893022060394	0.710283994674683	285	560	0	162.351455688477	2542.68627929688	1398.75024414062	1611.45178222656	2.4807460308075	1.54969717613973e-11	2.46798192993225e-10	39.792064666748	6.57791387277586e-15	2.91453249338589e-13	233.843231201172	243.638214111328	115.927940368652	54	293.653472900391	108.087707519531	358.837249755859	295.321838378906	267.157836914062	253.597229003906	0.164306238293648	35.6544418334961	475.01171875	204.088638305664	105.591117858887	32.4435958862305	24.3287410736084	11.3061752319336	3.14438891410828	2.4634313583374	8.81215381622314	51.4062690734863	8.00273704528809	6	6	0.712627947330475	0.712326526641846
0.721283	1861792.08277825	-4247407.03683662	0.715143024921417	0.712998986244202	448	560	0	834.257568359375	1485.42272949219	1409.38708496094	1891.70104980469	3.07278299331665	1.96268713087422e-11	1.21253826423917e-10	110.262939453125	6.41825832661379e-15	3.62781067122717e-13	225.584320068359	187.407302856445	130.382598876953	35	297.95068359375	75.5198974609375	337.472412109375	252.570571899414	237.516983032227	144.620681762695	0.166920021176338	22.0364780426025	855.425048828125	253.501525878906	139.108688354492	16.5631446838379	14.3872871398926	8.97068214416504	7.17978382110596	1.97582137584686	10.5942506790161	51.5260620117188	7.44700860977173	6	6	0.714364647865295	0.713581204414368
0.711828	1869026.79242417	-4149741.49364372	0.711893022060394	0.710283994674683	285	730	0	947.672058105469	796.06787109375	1538.58752441406	2130.21533203125	3.24057459831238	2.94495226815794e-11	6.10644104725999e-11	190.929412841797	5.7001277003056e-15	3.18784820589613e-13	193.698699951172	179.806228637695	135.637786865234	26	249.231643676758	60.7398872375488	319.627105712891	95.9913940429688	177.251922607422	78.0477600097656	0.138266980648041	23.7459774017334	1210.33471679688	283.929962158203	150.605621337891	14.1925773620605	11.5925960540771	12.0339097976685	15.1481008529663	1.64430391788483	13.1833028793335	56.4893188476562	5.37727212905884	6.03150749206543	6.01414680480957	0.710820019245148	0.711308777332306
0.71802	1862040.64606138	-4264741.61046262	0.714218020439148	0.712720990180969	407	560	0	537.303833007812	1763.37951660156	1425.79724121094	1936.93884277344	2.81073951721191	1.87334713713794e-11	1.49006265659501e-10	94.7589721679688	6.45726038218659e-15	3.48030632091323e-13	235.886184692383	199.318008422852	125.833831787109	28	273.757080078125	82.8328399658203	353.643005371094	145.801773071289	199.778839111328	161.60823059082	0.159503698348999	24.5429534912109	900.392517089844	263.755004882812	133.289779663086	11.4986724853516	24.2700462341309	9.12885093688965	13.3240060806274	2.43054986000061	11.19748878479	57.4484634399414	5.32532835006714	6.4687294960022	6	0.713167905807495	0.713366687297821
0.71632	1861503.43206218	-4276844.88745827	0.711284995079041	0.710537016391754	240	560	0	439.302886962891	1715.56286621094	1434.58154296875	1950.13403320312	2.95170259475708	1.81028924489679e-11	1.68672284472926e-10	83.5806503295898	6.48534460658576e-15	3.37511296038054e-13	248.389541625977	202.724502563477	128.03955078125	34	227.428680419922	84.8077392578125	355.601654052734	193.442260742188	226.31266784668	156.610107421875	0.157799541950226	26.3931751251221	946.015747070312	257.051086425781	132.204971313477	12.8113412857056	19.183572769165	11.6858530044556	14.5073585510254	1.99685299396515	9.23052215576172	60.0109901428223	4.7697286605835	6.47073173522949	6	0.711888611316681	0.712817668914795
0.715253	1866494.78749852	-4217963.90581884	0.713784992694855	0.708616018295288	583.75	560	0	712.107177734375	981.221130371094	1504.98474121094	2124.06591796875	3.13917708396912	2.15444242307461e-11	7.84999842906586e-11	134.77409362793	6.32882477639442e-15	3.84691491986042e-13	191.155609130859	182.088409423828	130.095886230469	18	223.404296875	62.0608177185059	314.145172119141	88.6062774658203	237.413513183594	68.8631362915039	0.15536043047905	18.6122589111328	1239.19689941406	260.546783447266	124.41357421875	18.5020656585693	10.8847999572754	9.96777725219727	12.476541519165	1.71375453472137	11.6023645401001	61.8461990356445	4.97020816802979	9	6.66063833236694	0.712733924388885	0.712432682514191
0.71414	1871103.21639436	-4163505.22108711	0.711893022060394	0.710283994674683	285	730	0	793.490966796875	726.16943359375	1568.73229980469	2222.30639648438	3.10971665382385	2.77716599716982e-11	6.45488662520677e-11	177.135345458984	5.83939601046021e-15	3.34346103320754e-13	180.350158691406	185.137969970703	132.906921386719	22	209.608306884766	61.3729362487793	313.039367675781	36.1940002441406	188.201889038086	59.1639556884766	0.13309371471405	18.550666809082	1494.62084960938	269.426422119141	157.184768676758	36.328296661377	8.89550113677979	7.38415288925171	13.723593711853	1.599249958992	13.4534578323364	57.8117370605469	6.13449287414551	6	6	0.711893022060394	0.711623072624207
0.712252	1871569.89481953	-4177419.10241729	0.711893022060394	0.710283994674683	285	730	0	762.664123535156	759.512512207031	1556.74438476562	2189.10571289062	3.15145993232727	2.6141162151605e-11	6.80670311781206e-11	164.937194824219	5.97275203064298e-15	3.49167905960152e-13	171.438446044922	166.877090454102	135.679260253906	19	207.763885498047	64.0671539306641	322.954956054688	69.3764419555664	183.192276000977	65.7703170776367	0.139932692050934	14.9328441619873	1261.18249511719	264.054992675781	123.532974243164	28.7419033050537	8.97418212890625	8.75096225738525	14.900390625	1.62831687927246	12.023419380188	57.9463539123535	6.12376356124878	6.90070295333862	6	0.711893022060394	0.711893022060394
0.71292	1861245.10422514	-4340603.66922731	0.708513021469116	0.708510994911194	32.75	560	0	117.646133422852	2656.9716796875	1343.42138671875	1641.17724609375	2.81028866767883	1.4740660081447e-11	2.74641837050282e-10	24.1687774658203	6.6430269894972e-15	2.7987803589459e-13	238.862167358398	201.977462768555	125.163764953613	45	303.117736816406	107.175323486328	356.269561767578	179.364151000977	246.640243530273	199.185455322266	0.160632699728012	38.679443359375	988.645385742188	213.023910522461	142.071914672852	19.0513191223145	21.2851085662842	12.4637384414673	3.12988972663879	1.876011967659	11.9676523208618	57.4860992431641	6.07860517501831	6	6	0.710474252700806	0.710647106170654
0.70949	1860399.68944383	-4370258.47649183	0.708513021469116	0.708510994911194	32.75	560	0	135.511276245117	3044.9521484375	1226.82202148438	1507.96325683594	3.99658703804016	1.31500140637675e-11	3.24647531080302e-10	0.477457076311111	6.71654521415413e-15	2.5163606007933e-13	224.669769287109	190.315826416016	117.810615539551	48	275.408905029297	113.629035949707	345.150024414062	232.948623657227	249.758895874023	134.459030151367	0.262578755617142	40.7151489257812	597.126953125	166.066421508789	96.863037109375	28.8515491485596	23.1822128295898	11.3496551513672	2.74946928024292	2.55305743217468	9.19139671325684	56.5932159423828	6.12335062026978	6.07992887496948	6	0.708513021469116	0.70864999294281
0.714476	1873633.35952084	-4197225.88643807	0.711893022060394	0.710283994674683	285	730	0	692.358825683594	821.616577148438	1542.22192382812	2180.37744140625	3.15482807159424	2.38543178265882e-11	7.305175908634e-11	147.245101928711	6.16186314754581e-15	3.71025232022079e-13	178.665145874023	180.970230102539	132.687789916992	21	201.513168334961	60.7771186828613	311.144653320312	101.95760345459	190.594985961914	59.8720092773438	0.134740814566612	16.8181495666504	1352.14294433594	255.425018310547	121.203544616699	30.2202777862549	9.36399745941162	8.76687526702881	13.1737365722656	1.53423476219177	11.658016204834	60.2914161682129	5.75611925125122	8.18667888641357	6	0.711893022060394	0.711974084377289
0.71003	1863080.38949047	-4357260.41692417	0.711893022060394	0.710283994674683	285	560	0	46.3086280822754	2885.75537109375	1284.81726074219	1546.05224609375	3.18949794769287	1.38626462739544e-11	3.03380764954397e-10	9.33962821960449	6.6919901525297e-15	2.64500362801359e-13	201.01188659668	235.55876159668	118.173873901367	50	284.201416015625	110.181518554688	364.070678710938	261.514038085938	267.543701171875	173.044418334961	0.16425459086895	40.7698822021484	585.529541015625	192.018203735352	106.576118469238	25.7989082336426	24.0466232299805	13.0417776107788	3.28351831436157	2.46280097961426	10.8805656433105	55.182731628418	7.07197093963623	6	6	0.709055483341217	0.70919543504715
0.71715	1865362.21174499	-4329476.14893603	0.711893022060394	0.710283994674683	285	560	0	125.68383026123	2563.7822265625	1375.71948242188	1619.66491699219	2.52273869514465	1.53749929454605e-11	2.57131205216865e-10	32.5362548828125	6.6316894534982e-15	2.91937291398495e-13	236.351470947266	251.25944519043	119.112045288086	44	291.311340332031	112.248916625977	354.868041992188	270.888122558594	250.05859375	249.290374755859	0.161444932222366	36.7972984313965	665.919860839844	208.642059326172	125.059875488281	19.8277149200439	23.490665435791	12.7442474365234	3.41959857940674	2.34997296333313	9.15223121643066	54.4062194824219	7.47188997268677	6	6	0.711979150772095	0.711905300617218
0.715237	1872356.17565808	-4229470.38015823	0.713784992694855	0.708616018295288	583.75	560	0	663.854736328125	1110.18139648438	1481.25744628906	2110.83813476562	3.08085894584656	2.07019575093614e-11	9.16052858568328e-11	121.403343200684	6.3999865553921e-15	3.88233472063335e-13	195.63493347168	185.260223388672	132.222946166992	25	232.641082763672	66.0863418579102	328.276031494141	156.793197631836	222.397476196289	78.7020874023438	0.166194155812263	20.0259132385254	1373.64001464844	256.990753173828	117.577934265137	17.3798637390137	10.5388860702515	9.93626594543457	13.879732131958	1.57667171955109	11.9834871292114	54.9898643493652	4.99455595016479	6.43262147903442	6.14875936508179	0.712854325771332	0.713110387325287
0.70924	1862608.50674059	-4371031.76236831	0.708513021469116	0.708510994911194	32.75	560	0	46.024169921875	2999.0751953125	1233.22509765625	1492.80224609375	4.05817747116089	1.31802867231468e-11	3.25267701661858e-10	-0.411936700344086	6.72671088007061e-15	2.52272405439416e-13	220.055114746094	191.936218261719	117.040756225586	51	261.714202880859	108.397483825684	347.115264892578	212.088500976562	262.616821289062	132.945449829102	0.256990045309067	40.8172607421875	617.201293945312	195.578765869141	98.9179382324219	28.3902225494385	22.6358852386475	10.7527332305908	2.70009160041809	2.24692630767822	9.44122123718262	56.0713005065918	6.31324481964111	5.54345703125	5.54345703125	0.708551049232483	0.708652853965759
0.70976	1863732.37487878	-4357421.06795581	0.711893022060394	0.710283994674683	285	560	0	49.9341659545898	2895.63037109375	1281.82055664062	1547.28332519531	3.1957836151123	1.38774660166097e-11	3.03658626021885e-10	8.34972286224365	6.69678647659353e-15	2.64873707819455e-13	199.860153198242	230.765243530273	117.387153625488	50	282.815155029297	113.270927429199	364.6669921875	219.89860534668	266.749298095703	177.875961303711	0.16371776163578	40.820915222168	563.555480957031	202.194671630859	103.166297912598	25.4592895507812	25.1129207611084	12.8781595230103	3.37455987930298	2.43189597129822	10.9872636795044	54.7088775634766	7.09957265853882	6	6	0.709055483341217	0.709197342395782
0.71012	1864953.57987846	-4347167.79232826	0.708513021469116	0.708510994911194	32.75	560	0	123.183479309082	2737.40844726562	1312.45239257812	1630.60571289062	3.01704049110413	1.44167377688631e-11	2.87104284790729e-10	16.2042808532715	6.67482460633712e-15	2.74662345818577e-13	242.869567871094	190.360443115234	124.207298278809	43	289.337707519531	115.870422363281	354.810424804688	162.886306762695	252.613830566406	174.294143676758	0.161760181188583	40.2334060668945	955.791748046875	225.867752075195	137.243637084961	16.7522926330566	19.1958656311035	11.891263961792	2.76050567626953	1.70320904254913	9.50642490386963	61.6760482788086	4.94133424758911	6	6	0.708596467971802	0.709918797016144
0.71589	1870553.02321123	-4288749.58806275	0.711893022060394	0.710283994674683	285	560	0	278.644470214844	1708.39770507812	1445.74279785156	1899.28576660156	2.91118693351746	1.75906893218336e-11	1.89371934800064e-10	70.8354644775391	6.54345149028387e-15	3.32883785640614e-13	232.8525390625	209.360443115234	129.544219970703	38	247.258499145508	85.2466049194336	350.037139892578	201.46662902832	225.044128417969	174.698135375977	0.143426910042763	29.3912982940674	940.248596191406	275.543579101562	142.866119384766	16.1091918945312	21.3099308013916	14.9931583404541	14.3811683654785	2.20631003379822	11.0052900314331	53.9151649475098	5.41495800018311	6	6	0.712033867835999	0.712579905986786
0.722702	1875750.49793152	-4246149.60026416	0.715143024921417	0.712998986244202	448	560	0	1064.70678710938	1595.99621582031	1343.01147460938	1845.21203613281	3.13323211669922	1.99015734447805e-11	1.18033735563294e-10	106.968238830566	6.44662249540203e-15	3.76330992193571e-13	245.356094360352	197.412689208984	131.180038452148	30	246.008544921875	73.6180267333984	338.270538330078	244.669692993164	212.198684692383	125.806060791016	0.170273169875145	22.6307048797607	733.584411621094	242.542785644531	138.051895141602	18.0131225585938	22.5269756317139	8.20263671875	13.4981603622437	2.16676592826843	9.60414600372314	55.627986907959	6.84882164001465	6	6	0.71442174911499	0.713744103908539
0.70952	1868136.91333307	-4355310.19419477	0.708513021469116	0.708510994911194	32.75	560	0	169.800231933594	2910.88500976562	1268.21691894531	1565.54919433594	3.33254885673523	1.40414841212633e-11	3.01385055800907e-10	8.38449001312256	6.71046182352695e-15	2.68280894461653e-13	227.537124633789	177.757583618164	120.043273925781	49	268.399291992188	103.662254333496	367.498382568359	220.408615112305	270.999389648438	146.912200927734	0.161555126309395	41.017749786377	566.588134765625	180.687744140625	94.2504577636719	24.2397842407227	22.5579051971436	12.5114345550537	3.31234359741211	2.36815476417542	9.13096809387207	57.0013618469238	5.19007253646851	6	6	0.70880514383316	0.709389328956604
0.714187	1882659.45377292	-4163200.27183016	0.711893022060394	0.710283994674683	285	730	0	725.563293457031	689.575988769531	1581.77209472656	2218.37548828125	3.12442398071289	2.75752701922594e-11	6.40257638573338e-11	172.135345458984	5.88477368302699e-15	3.44608158198492e-13	202.64192199707	173.566314697266	134.598342895508	21	209.79020690918	60.8973579406738	307.444580078125	43.6832008361816	178.22834777832	59.1038284301758	0.127233222126961	18.5421714782715	1411.32006835938	254.669570922852	131.475067138672	38.2280502319336	8.52563190460205	6.52215623855591	13.3665504455566	1.68287754058838	12.8290100097656	56.8895645141602	5.16350030899048	6.62546062469482	6	0.711893022060394	0.711699604988098
0.709415	1868912.69620568	-4362773.21312038	0.711893022060394	0.710283994674683	285	560	0	26.8635025024414	2944.548828125	1258.66711425781	1520.77795410156	3.5385890007019	1.36898391928097e-11	3.13530978957033e-10	2.15640020370483	6.73471618845511e-15	2.61923349762633e-13	209.495407104492	228.511169433594	110.380828857422	52	283.768707275391	107.691116333008	352.392059326172	314.966979980469	274.341766357422	167.462097167969	0.189972564578056	41.0943183898926	587.600708007812	171.906509399414	111.969345092773	24.5910549163818	24.2639598846436	10.9300966262817	2.94916009902954	2.29287099838257	10.1375312805176	54.0905418395996	7.64236116409302	6	6	0.708949327468872	0.708919703960419
0.71948	1878548.30604287	-4261606.45709322	0.711893022060394	0.710283994674683	285	560	0	495.916381835938	1596.87841796875	1445.71667480469	1902.7734375	2.8387622833252	1.91035815638729e-11	1.44808193214274e-10	93.3630905151367	6.49615528809156e-15	3.63869551893783e-13	206.887023925781	191.798049926758	129.692108154297	43	307.519439697266	80.2055282592773	342.289337158203	149.628997802734	205.796081542969	129.271484375	0.169565618038177	25.6045436859131	969.435546875	268.25732421875	132.021194458008	13.7605314254761	22.2824039459229	8.98849010467529	9.03878307342529	2.18318128585815	11.2926197052002	53.5844650268555	6.42257356643677	6	6	0.713620185852051	0.713824987411499
0.713103	1885553.5093152	-4174107.41825057	0.711893022060394	0.710283994674683	285	730	0	672.865417480469	699.24072265625	1577.05212402344	2209.3740234375	3.11546897888184	2.64386377374359e-11	6.64133192884719e-11	161.705093383789	5.98412387147634e-15	3.57352629475408e-13	163.842636108398	175.591232299805	134.69010925293	23	199.152221679688	44.5397834777832	316.400451660156	36.3868675231934	183.802871704102	59.2252540588379	0.126113384962082	14.2799596786499	1316.81982421875	230.505096435547	119.812728881836	36.7679214477539	8.9296817779541	7.4579758644104	13.6959018707275	1.33908271789551	11.4630393981934	59.4572219848633	5.52243375778198	8.3505277633667	6	0.711893022060394	0.711893022060394
0.72018	1877120.06518729	-4309283.3514576	0.711893022060394	0.710283994674683	285	560	0	271.265075683594	2095.18774414062	1390.09851074219	1763.21643066406	2.88383817672729	1.65738742174959e-11	2.25473389958708e-10	50.5515327453613	6.62111848231646e-15	3.16762946168253e-13	231.767181396484	190.15559387207	127.443351745605	41	268.529266357422	91.5207061767578	351.616119384766	195.067398071289	221.631942749023	162.77995300293	0.153767168521881	34.0143165588379	927.474487304688	262.482238769531	128.748245239258	15.8859882354736	20.954418182373	13.3125247955322	14.9097137451172	2.2097384929657	10.8009939193726	59.0844535827637	4.77699184417725	6	6	0.712815880775452	0.712725579738617
0.715653	1883693.75173738	-4215455.12184664	0.713784992694855	0.708616018295288	583.75	560	0	594.42578125	933.101806640625	1521.31530761719	2166.49584960938	3.08205699920654	2.1917651721326e-11	7.70846234066092e-11	126.247955322266	6.34534700106357e-15	3.98542581315359e-13	189.865219116211	187.860900878906	129.838470458984	25	204.498870849609	60.5592994689941	320.053375244141	116.341575622559	214.48405456543	60.2317810058594	0.169445499777794	18.9070911407471	1268.75415039062	214.460296630859	115.551261901855	30.1480178833008	10.2886295318604	7.91392517089844	13.0215396881104	1.64933836460114	9.6940221786499	63.8776397705078	4.98985624313354	8.99926471710205	6.88161611557007	0.712406873703003	0.712302505970001
0.71983	1878753.34774675	-4296554.4769512	0.711284995079041	0.710537016391754	240	560	0	209.745300292969	1763.15161132812	1436	1864.99694824219	2.79296159744263	1.72788242047694e-11	2.03756581051984e-10	62.6001243591309	6.59198478409565e-15	3.30506238696571e-13	222.474014282227	206.223419189453	126.432479858398	30	226.173645019531	76.0663833618164	335.051422119141	235.65544128418	206.023513793945	136.170028686523	0.147406190633774	31.8478317260742	1000.0869140625	275.716064453125	117.133926391602	12.5823345184326	20.5098667144775	14.3499202728271	16.2267742156982	2.00416612625122	10.5993957519531	59.249641418457	5.10097217559814	6	6	0.71143513917923	0.713032245635986
0.71238	1879425.62454692	-4328095.8235165	0.711893022060394	0.710283994674683	285	560	0	203.898132324219	2514.49243164062	1341.58508300781	1637.41625976562	2.64355564117432	1.56771193249305e-11	2.56633964079711e-10	33.2387390136719	6.68437744391626e-15	3.00802080726442e-13	255.70068359375	186.705184936523	123.17333984375	51	302.527648925781	104.226638793945	340.242431640625	179.295593261719	238.414138793945	222.373626708984	0.165073245763779	37.55126953125	841.09375	229.912536621094	134.329650878906	17.612548828125	21.2952861785889	12.3474235534668	3.03108835220337	2.28251361846924	11.0386419296265	56.3546943664551	6.01110410690308	6	6	0.711893022060394	0.712254047393799
0.711486	1891970.58249805	-4157430.12832508	0.711893022060394	0.710283994674683	285	730	0	751.056274414062	694.1181640625	1575.89465332031	2199.39428710938	3.14844036102295	2.80661605067678e-11	6.21285800583848e-11	173.694488525391	5.86700589640891e-15	3.46156995211996e-13	201.586883544922	173.757919311523	135.444061279297	20	206.66862487793	54.2996253967285	312.465515136719	28.5366172790527	168.426422119141	59.2567825317383	0.128899767994881	21.1734848022461	1519.21154785156	270.153717041016	150.684188842773	36.3965454101562	8.44459533691406	6.09991788864136	13.777551651001	0.886070251464844	12.4277381896973	56.9952545166016	4.90841960906982	6.38398933410645	6	0.711893022060394	0.711691558361053
0.71175	1882158.68123512	-4338375.49961718	0.711893022060394	0.710283994674683	285	560	0	194.254043579102	2643.43579101562	1300.52893066406	1639.84509277344	2.8503212928772	1.51328533037898e-11	2.75919564973748e-10	22.8724365234375	6.72546828273698e-15	2.90795301250216e-13	269.404815673828	173.777969360352	125.952255249023	48	299.171661376953	110.274024963379	352.9892578125	158.180068969727	246.960418701172	194.248611450195	0.163871809840202	39.6253700256348	879.1767578125	182.656295776367	142.499237060547	17.6879787445068	19.2531929016113	12.4276742935181	2.98281383514404	1.94906842708588	12.3726186752319	61.0636787414551	5.64066076278687	6	6	0.711851298809052	0.711062133312225
0.713679	1891031.98338293	-4224932.3489397	0.711893022060394	0.710283994674683	285	560	0	461.292175292969	938.976989746094	1535.50366210938	2163.5986328125	3.06421518325806	2.11724492105159e-11	8.24981055691509e-11	114.954193115234	6.42188743927631e-15	4.09494785085993e-13	217.047912597656	190.004287719727	132.528900146484	24	221.080764770508	62.2610702514648	326.255035400391	61.7829742431641	223.724105834961	60.1273918151855	0.168969511985779	20.2439231872559	1490.63500976562	229.05989074707	120.580108642578	33.473217010498	8.79184913635254	6.42692947387695	12.5327482223511	1.59839200973511	11.4485034942627	61.124828338623	5.74580574035645	8.45542907714844	6.11460256576538	0.712041616439819	0.71274995803833
0.71539	1885004.99241723	-4312893.80152951	0.715143024921417	0.712998986244202	448	560	0	268.457733154297	2184.62963867188	1371.12487792969	1694.12854003906	2.89905524253845	1.65271754615226e-11	2.31888772073141e-10	47.0005912780762	6.65998755371654e-15	3.18376076370586e-13	238.90266418457	199.170547485352	122.451972961426	42	260.991821289062	97.7753753662109	355.901580810547	182.848587036133	215.715484619141	197.698715209961	0.154814288020134	35.3803901672363	854.020629882812	259.307281494141	133.016632080078	19.6334838867188	21.6874828338623	12.6803016662598	5.48928785324097	2.25479936599731	10.3586368560791	57.6929321289062	5.48081636428833	6	6	0.714099824428558	0.712846875190735
0.716033	1887858.58791194	-4290861.01105762	0.711893022060394	0.710283994674683	285	560	0	308.332977294922	1775.41333007812	1424.71765136719	1815.37927246094	2.82526612281799	1.77103644249943e-11	1.94626426086586e-10	64.6964797973633	6.60522475609418e-15	3.42186592646246e-13	216.967636108398	207.186264038086	128.443237304688	39	259.893463134766	97.4868927001953	356.087860107422	268.86083984375	230.354019165039	171.113571166992	0.161594957113266	31.8908843994141	730.416809082031	261.277679443359	133.289779663086	20.2168788909912	25.1905136108398	15.0597324371338	5.60949659347534	2.71080684661865	11.4575271606445	50.2578506469727	6.47342348098755	6	6	0.712442338466644	0.713231384754181
0.715107	1899553.16454388	-4145281.78931537	0.711893022060394	0.710283994674683	285	730	0	758.953674316406	684.469665527344	1582.65417480469	2226.94384765625	3.15638041496277	2.91494640924927e-11	5.87956419662028e-11	181.508148193359	5.79798499318542e-15	3.4051881865442e-13	204.105133056641	203.428604125977	136.369140625	24	210.437286376953	67.2947387695312	312.963684082031	54.2779960632324	196.522171020508	61.2653312683105	0.134999841451645	26.803316116333	1503.30822753906	257.044342041016	147.413162231445	38.3183784484863	9.13519382476807	5.41389513015747	12.4637384414673	0.820945858955383	12.6990718841553	57.7492752075195	5.85279226303101	6.45740747451782	6	0.711893022060394	0.711361169815063
0.71157	1900636.49833791	-4138097.51235711	0.711893022060394	0.710283994674683	285	730	0	796.758666992188	718.53564453125	1582.29284667969	2210.86474609375	3.1594865322113	2.99500528544439e-11	5.67605615287015e-11	188.717590332031	5.73507543267637e-15	3.33085257509316e-13	211.44807434082	184.067520141602	135.603820800781	24	230.950576782227	63.0835876464844	312.965728759766	47.6626434326172	177.926055908203	70.1019439697266	0.136952966451645	30.5103931427002	1410.0791015625	255.082565307617	147.448043823242	38.0795440673828	9.84635639190674	7.12663555145264	12.9653282165527	0.893155694007874	12.6979303359985	56.8124313354492	5.66368532180786	6.24766683578491	6.00194644927979	0.710917592048645	0.711119413375854
0.71502	1887673.37329048	-4328294.36277015	0.711893022060394	0.710283994674683	285	560	0	211.705520629883	2495.95971679688	1321.94641113281	1650.67041015625	2.61657094955444	1.57379439341687e-11	2.59992388729202e-10	32.387523651123	6.7205732793348e-15	3.03781901977301e-13	279.993408203125	189.947647094727	124.961517333984	38	284.749084472656	109.33137512207	340.221252441406	176.487197875977	238.814178466797	197.007522583008	0.16292767226696	38.3723793029785	807.238098144531	227.737106323242	162.717620849609	20.5288562774658	20.8796367645264	11.9329862594604	2.72272157669067	2.21848344802856	12.4218950271606	60.0702018737793	5.49379587173462	6	6	0.711893022060394	0.712274253368378
0.72016	1894555.55964692	-4262489.97516408	0.715143024921417	0.712998986244202	448	560	0	315.685729980469	1409.26098632812	1494.06701660156	1850.21752929688	2.75300550460815	1.92517824598726e-11	1.4719085672521e-10	81.1985702514648	6.5423334067935e-15	3.75305255623237e-13	232.719711303711	198.739822387695	126.050788879395	44	300.872497558594	96.7725219726562	345.269958496094	262.105377197266	248.372039794922	163.258651733398	0.162682831287384	27.230375289917	926.114135742188	286.354827880859	140.23664855957	18.3585014343262	25.3768062591553	8.48991012573242	3.3643696308136	2.39195036888123	12.2897453308105	50.7206916809082	8.02253246307373	6	6	0.713750243186951	0.71361780166626
0.713065	1900199.79216262	-4184386.58699073	0.711893022060394	0.710283994674683	285	730	0	690.152770996094	766.508178710938	1540.99145507812	2179.6171875	3.18786716461182	2.51533776446378e-11	6.8469792335879e-11	146.426071166992	6.1267909013318e-15	3.81877987348442e-13	184.508392333984	179.566101074219	134.013458251953	22	207.061599731445	58.6205711364746	319.211181640625	29.3392448425293	188.693771362305	51.4972152709961	0.12883634865284	15.1571950912476	1551.1181640625	228.344909667969	147.413162231445	31.8353309631348	8.07224178314209	6.20536041259766	13.5386161804199	1.47261416912079	11.9958562850952	61.7428741455078	4.47702741622925	7.1310133934021	7.03762531280518	0.711893022060394	0.711893022060394
0.713159	1894937.14412778	-4283966.3706176	0.715143024921417	0.712998986244202	448	560	0	743.434875488281	1883.81188964844	1332.25952148438	1867.11950683594	3.03687977790833	1.81649625896618e-11	1.83325937763712e-10	65.6604232788086	6.6067307806744e-15	3.53958426154224e-13	231.361099243164	202.120529174805	125.204002380371	42	214.470138549805	87.233039855957	350.557067871094	307.199615478516	241.005630493164	187.060485839844	0.158598512411118	31.3784580230713	675.038330078125	215.321838378906	122.685836791992	22.5991191864014	24.9027080535889	14.3513679504395	8.29192638397217	2.50379920005798	11.3703680038452	52.0194396972656	8.05395793914795	6	6	0.71506279706955	0.713344216346741
0.71606	1893550.61036723	-4310807.60117281	0.715143024921417	0.712998986244202	448	560	0	117.194717407227	2028.31311035156	1389.04260253906	1706.89404296875	2.80076003074646	1.67542386214636e-11	2.29917987426553e-10	44.7129058837891	6.6879193121852e-15	3.25522974461284e-13	237.694686889648	215.403656005859	125.808647155762	43	215.321044921875	87.8361892700195	345.914581298828	210.497253417969	231.182998657227	186.407379150391	0.160062104463577	35.9724998474121	955.361083984375	244.98014831543	139.031951904297	17.7334079742432	24.2399520874023	15.0005931854248	3.3057074546814	2.32011699676514	11.8697071075439	52.6643333435059	6.38945722579956	6	6	0.71422016620636	0.713111400604248
0.71458	1893647.01770526	-4310792.31234757	0.715143024921417	0.712998986244202	448	560	0	117.194717407227	2028.31311035156	1389.04260253906	1706.89404296875	2.80076003074646	1.67542386214636e-11	2.29917987426553e-10	44.7129058837891	6.6879193121852e-15	3.25522974461284e-13	237.694686889648	215.403656005859	125.808647155762	43	215.321044921875	87.8361892700195	345.914581298828	210.497253417969	231.182998657227	186.407379150391	0.160062104463577	35.9724998474121	955.361083984375	244.98014831543	139.031951904297	17.7334079742432	24.2399520874023	15.0005931854248	3.3057074546814	2.32011699676514	11.8697071075439	52.6643333435059	6.38945722579956	6	6	0.71422016620636	0.713111400604248
0.7162	1893083.21233458	-4319198.97162079	0.711893022060394	0.710283994674683	285	560	0	63.38037109375	2373.89624023438	1363.82873535156	1602.19836425781	2.41587924957275	1.62745199261405e-11	2.45370945783918e-10	38.4676856994629	6.71262429864129e-15	3.1563331592474e-13	225.991607666016	239.206649780273	120.789016723633	56	291.168884277344	120.712661743164	351.635437011719	274.077514648438	277.04248046875	239.399002075195	0.159217536449432	37.3286743164062	644.903686523438	210.080978393555	114.40901184082	18.4669799804688	23.5038890838623	11.9673538208008	2.77092027664185	1.97591710090637	9.49527454376221	55.2583503723145	7.47550058364868	6	6	0.713409662246704	0.712964117527008
0.713307	1903867.51370442	-4166760.83770371	0.711893022060394	0.710283994674683	285	730	0	761.982543945312	733.213256835938	1549.25463867188	2203.26586914062	3.19267678260803	2.69303850053415e-11	6.38559274901418e-11	161.606781005859	5.98884438609139e-15	3.65697842017246e-13	198.398696899414	172.688232421875	133.670669555664	23	208.640472412109	54.2559547424316	319.708892822266	32.2145080566406	179.885772705078	59.4806747436523	0.131327897310257	17.1019458770752	1377.04711914062	284.179351806641	140.990249633789	36.280216217041	8.36536026000977	6.62292909622192	13.879732131958	0.979843378067017	13.1367254257202	57.8143081665039	4.99891185760498	6.79921674728394	6	0.711893022060394	0.711893022060394
0.70973	1890091.50897857	-4363031.10195539	0.708513021469116	0.708510994911194	32.75	560	0	232.355285644531	3193.64208984375	1188.1640625	1486.84533691406	3.76046013832092	1.40036046994418e-11	3.19626214384527e-10	3.4143397808075	6.83775478187328e-15	2.69318367520505e-13	227.223510742188	191.365509033203	116.773902893066	47	236.373565673828	112.930084228516	342.102966308594	302.310455322266	267.672119140625	151.735244750977	0.18563124537468	42.1661682128906	462.825714111328	144.278656005859	101.270179748535	35.2409400939941	21.7941112518311	11.1748199462891	2.85720133781433	2.6692967414856	8.55844593048096	55.9376678466797	5.44637298583984	6	6	0.708855926990509	0.709646284580231
0.71014	1893756.0218514	-4346041.29865366	0.715143024921417	0.712998986244202	448	560	0	253.945388793945	2802.92041015625	1239.5234375	1622.87939453125	2.99564838409424	1.49429271040225e-11	2.90940244118687e-10	18.90869140625	6.80095501196334e-15	2.88839508951269e-13	211.445999145508	186.742858886719	121.028030395508	52	280.049957275391	112.799133300781	348.944885253906	189.568664550781	267.55908203125	179.135711669922	0.157827645540237	41.5247344970703	735.625854492188	203.782669067383	125.56795501709	21.9600734710693	21.4032039642334	12.02272605896	2.74011731147766	2.11234760284424	10.5404253005981	57.1303024291992	5.67295694351196	6	6	0.711356997489929	0.710772097110748
0.714891	1904685.24788431	-4204021.85154581	0.711893022060394	0.710283994674683	285	730	0	603.164001464844	830.95458984375	1528.38513183594	2154.78076171875	3.16828727722168	2.32618594525613e-11	7.299196663757e-11	127.384468078613	6.29249172163842e-15	4.05437266875683e-13	174.811737060547	171.98274230957	132.101745605469	22	222.205047607422	54.5671424865723	321.727203369141	29.4906158447266	203.540969848633	50.15673828125	0.145941764116287	17.7735843658447	1547.09301757812	225.137100219727	133.289779663086	37.6064796447754	8.31066513061523	6.49256563186646	13.1576461791992	1.53541922569275	12.6806030273438	61.0759086608887	4.87959861755371	9	6.3481912612915	0.711893022060394	0.711967647075653
0.716345	1899625.09605348	-4278504.17420645	0.711893022060394	0.710283994674683	285	560	0	234.224090576172	1560.02661132812	1471.12670898438	1832.21569824219	2.68611788749695	1.84882439219214e-11	1.75120681844554e-10	65.6327362060547	6.60659822001816e-15	3.62599517468934e-13	187.330352783203	203.951599121094	127.058769226074	32	304.532806396484	77.8121109008789	319.032775878906	193.933639526367	228.438293457031	108.799270629883	0.161906942725182	30.9403266906738	1071.82177734375	280.517272949219	121.304634094238	15.1089639663696	23.1056575775146	10.1255140304565	15.6669874191284	2.22402954101562	10.3904943466187	58.1145057678223	5.53619289398193	6	6	0.713702738285065	0.713270485401154
0.713685	1901285.00677203	-4295708.11847105	0.711893022060394	0.710283994674683	285	560	0	169.887725830078	1759.23193359375	1424.43640136719	1793.76110839844	2.73175024986267	1.76372250138002e-11	2.04939065717724e-10	51.5364990234375	6.66824654846875e-15	3.46079339231392e-13	212.927673339844	202.78857421875	130.23454284668	38	252.264739990234	84.6645889282227	340.424072265625	247.415100097656	204.507919311523	159.355529785156	0.168116167187691	34.5198440551758	924.114013671875	263.291259765625	127.903839111328	15.3106708526611	21.3796615600586	14.4332160949707	8.01139259338379	2.15498876571655	10.5418291091919	57.1824722290039	5.81167030334473	6	6	0.711973249912262	0.713755130767822
0.715714	1912869.69224545	-4137212.19075625	0.711893022060394	0.710283994674683	285	730	0	739.57666015625	688.265747070312	1592.84924316406	2264.22802734375	3.16706275939941	2.96056998361216e-11	5.62952566507402e-11	185.030960083008	5.79073439115692e-15	3.42884249639186e-13	184.024688720703	174.497039794922	137.274337768555	23	219.90869140625	53.2309074401855	313.990753173828	36.7861633300781	175.579055786133	56.0036697387695	0.133533626794815	31.3760166168213	1469.95190429688	251.040969848633	133.289779663086	39.2080421447754	9.03856372833252	5.43035268783569	12.4637384414673	0.784332752227783	13.3091020584106	57.8028144836426	5.64391565322876	7.01415014266968	6	0.711893022060394	0.711159706115723
0.71166	1900951.16248745	-4327678.76557281	0.714832007884979	0.712261021137238	426.799987792969	560	0	78.4025039672852	2482.3955078125	1313.69665527344	1603.369140625	2.54762506484985	1.59730163123983e-11	2.6091204197165e-10	26.851131439209	6.77126015441497e-15	3.11308812929456e-13	222.480590820312	216.962524414062	117.508575439453	53	299.999237060547	119.24543762207	355.358520507812	260.54345703125	263.292999267578	253.794586181641	0.152882993221283	39.2693481445312	729.577575683594	226.718231201172	125.162643432617	19.9878311157227	22.5786743164062	13.1775417327881	3.42542409896851	2.12358641624451	11.232159614563	55.6541023254395	6.87307262420654	6	6	0.712546110153198	0.71306324005127
0.720556	1906444.84024794	-4257769.85662966	0.712836027145386	0.707082986831665	771	560	0	425.393157958984	1444.26232910156	1480.767578125	1811.345703125	2.73736763000488	1.96593956391933e-11	1.38999367571557e-10	78.6928787231445	6.55853248839326e-15	3.89881215420024e-13	213.432327270508	196.281112670898	129.132171630859	45	305.500091552734	92.106201171875	342.194671630859	308.856048583984	214.221939086914	189.834518432617	0.162275537848473	27.075496673584	768.497985839844	262.861633300781	138.198837280273	18.8898754119873	24.286657333374	9.09842872619629	3.2848207950592	2.64375996589661	12.7184076309204	48.6483039855957	7.34940528869629	6	6	0.712553977966309	0.713309168815613
0.71246	1902393.94094382	-4322807.19335344	0.711893022060394	0.710283994674683	285	560	0	121.23819732666	2456.33642578125	1324.4208984375	1599.62524414062	2.5551393032074	1.62588727203872e-11	2.52498133512802e-10	29.363302230835	6.76245228231295e-15	3.17729918980839e-13	229.070175170898	200.596817016602	120.409599304199	51	286.36279296875	118.585227966309	350.199737548828	227.088607788086	259.930694580078	221.482498168945	0.152578800916672	37.9969749450684	648.691772460938	227.619277954102	115.176063537598	20.126012802124	25.0879611968994	11.570291519165	2.93914175033569	2.04032421112061	9.78542327880859	53.6693840026855	6.82075071334839	6	6	0.713182866573334	0.71360045671463
0.71274	1901958.81421458	-4330142.18670965	0.711893022060394	0.710283994674683	285	560	0	63.6952476501465	2512.78125	1304.33923339844	1600.03308105469	2.6099967956543	1.58839920383347e-11	2.64642641134571e-10	24.8396282196045	6.78221059635708e-15	3.09644752330071e-13	219.215026855469	220.050552368164	117.781555175781	51	284.426696777344	125.002700805664	345.641021728516	187.503631591797	243.198196411133	241.060821533203	0.151377379894257	39.0636672973633	724.407836914062	225.673889160156	115.848739624023	20.2907066345215	22.8925476074219	12.4968729019165	3.09404277801514	2.21185827255249	9.32236480712891	55.5050621032715	6.99290037155151	6	6	0.712257564067841	0.712870657444
0.715606	1910052.99837398	-4221181.83650707	0.711893022060394	0.710283994674683	285	560	0	520.113342285156	893.502624511719	1514.98229980469	2191.97021484375	3.17715406417847	2.15705404926769e-11	7.71801650367721e-11	109.17041015625	6.44571998179673e-15	4.2920118956298e-13	185.980880737305	172.210067749023	129.904113769531	25	208.812057495117	58.0763702392578	312.216033935547	74.8488464355469	214.155395507812	55.9111366271973	0.169398009777069	20.2528495788574	1426.01623535156	220.40641784668	139.908447265625	30.923454284668	8.5209903717041	6.35207271575928	12.4637384414673	1.71828186511993	10.0408248901367	63.5800971984863	5.01745748519897	8.70729923248291	6.96700572967529	0.712126612663269	0.712677299976349
0.714	1902364.45485367	-4330442.89307478	0.711893022060394	0.710283994674683	285	560	0	49.0647468566895	2546.068359375	1299.57763671875	1589.67492675781	2.67169857025146	1.58465983390865e-11	2.66617922184409e-10	23.052433013916	6.78982584606936e-15	3.09049200076725e-13	207.120223999023	192.196899414062	117.598846435547	49	270.057403564453	118.602188110352	346.713653564453	220.079940795898	259.828338623047	224.854385375977	0.150353580713272	38.6595878601074	830.491271972656	238.731063842773	132.769409179688	19.3865566253662	22.0034065246582	12.4637384414673	2.9674174785614	2.18833541870117	11.0102014541626	54.3404197692871	6.67338991165161	6	6	0.712005317211151	0.712822318077087
0.70973	1903036.72466221	-4359944.36457231	0.708513021469116	0.708510994911194	32.75	560	0	79.7138442993164	3107.3583984375	1182.54077148438	1499.68835449219	3.47820162773132	1.43523882015217e-11	3.18055470849288e-10	5.64426851272583	6.8909154166759e-15	2.77221279786077e-13	205.727722167969	182.993865966797	117.452842712402	47	281.233856201172	116.269065856934	351.603759765625	226.939178466797	242.65950012207	146.393112182617	0.174949020147324	39.1349945068359	748.645812988281	212.838760375977	115.202980041504	20.2205448150635	20.116678237915	11.6623916625977	3.00887894630432	2.54725289344788	9.32993412017822	53.3938026428223	6.37766933441162	6	6	0.708888590335846	0.710413217544556
0.71117	1904440.88786416	-4341741.11280131	0.711893022060394	0.710283994674683	285	560	0	83.220085144043	2707.21044921875	1244.37890625	1590.21130371094	3.08681774139404	1.53086363030575e-11	2.8655833261837e-10	14.1944007873535	6.83671420189757e-15	2.97925583942621e-13	223.039779663086	171.943695068359	116.4765625	48	287.959869384766	115.284957885742	358.721130371094	201.300415039062	247.124618530273	199.107177734375	0.150635942816734	37.9787559509277	843.486450195312	203.756759643555	140.524291992188	17.7661399841309	21.4388751983643	12.7101697921753	3.2622401714325	2.07286596298218	10.5143365859985	59.0090522766113	5.72127866744995	6	6	0.71255749464035	0.71155309677124
0.720284	1912282.62290137	-4236175.27269269	0.715143024921417	0.712998986244202	448	560	0	542.418701171875	1139.61083984375	1483.41979980469	1939.52062988281	3.10647511482239	2.08117984651368e-11	1.02377897825967e-10	94.4794921875	6.5033842907799e-15	4.17228724442983e-13	207.471282958984	182.55598449707	131.551300048828	30	244.436431884766	86.3106384277344	339.947662353516	137.342437744141	198.318435668945	94.0596466064453	0.176751464605331	21.4271755218506	1007.42114257812	242.310684204102	115.854675292969	15.9041767120361	11.6909780502319	10.321907043457	11.6603832244873	1.90280950069427	9.97027587890625	56.9873657226562	6.91374063491821	6	6	0.714321553707123	0.713388919830322
0.71463	1912368.07705594	-4268012.94838729	0.711893022060394	0.710283994674683	285	560	0	342.480560302734	1464.48071289062	1483.91320800781	1846.60815429688	2.64399695396423	1.92205487636876e-11	1.56790760930114e-10	67.0081024169922	6.60842272898654e-15	3.83796781248252e-13	214.262878417969	164.564163208008	130.533477783203	31	220.828994750977	78.9317855834961	347.673950195312	273.089813232422	214.753021240234	95.3656311035156	0.170710742473602	28.8408088684082	1132.85522460938	312.062622070312	129.522079467773	11.4427366256714	18.4968185424805	9.58536052703857	14.7743549346924	1.99853312969208	10.2907228469849	58.9906883239746	4.61893844604492	6.24276638031006	6	0.711704075336456	0.713104605674744
0.714751	1922237.60955127	-4156362.99627724	0.711893022060394	0.710283994674683	285	730	0	631.389953613281	681.477294921875	1590.01098632812	2261.04956054688	3.09725594520569	2.75623499718103e-11	6.05666350406153e-11	165.033584594727	5.98274363128879e-15	3.71321192110113e-13	197.442306518555	189.886016845703	135.286972045898	22	216.831146240234	72.1954803466797	327.360931396484	38.9434661865234	194.428085327148	58.4962272644043	0.127647936344147	26.3622455596924	1345.61267089844	241.485977172852	135.255493164062	35.8121719360352	9.29308319091797	5.28242301940918	12.4650821685791	0.822118818759918	12.4732875823975	60.6296424865723	5.61422824859619	6.8315577507019	6.37717485427856	0.711893022060394	0.71188896894455
0.716398	1912785.99219577	-4297328.99154826	0.711893022060394	0.710283994674683	285	560	0	374.158843994141	1952.37683105469	1380.154296875	1770.56018066406	3.04559707641602	1.76810874968902e-11	2.09864930988957e-10	42.1019706726074	6.71313082434375e-15	3.50851617723913e-13	227.922592163086	199.243804931641	128.986618041992	35	250.014877319336	80.4932708740234	355.301422119141	216.250869750977	196.777786254883	202.942520141602	0.171842038631439	35.3597068786621	962.921081542969	270.242767333984	137.158920288086	13.4196624755859	20.7817153930664	12.9192457199097	12.5594825744629	2.30502820014954	10.3407497406006	58.9010543823242	5.09856748580933	6	6	0.713417708873749	0.714314043521881
0.72622	1917839.9234984	-4255467.70241623	0.712836027145386	0.707082986831665	771	560	0	558.864135742188	1479.9091796875	1451.39074707031	1815.18212890625	2.75531601905823	1.98982288979188e-11	1.35811376034134e-10	75.4094467163086	6.58021737887592e-15	4.00825883985559e-13	219.056076049805	193.500518798828	132.319122314453	43	313.622741699219	88.6073455810547	339.641235351562	292.379455566406	218.339447021484	151.202743530273	0.160741612315178	25.1662979125977	856.513305664062	256.097930908203	133.289779663086	20.1503086090088	24.5088043212891	9.48195648193359	3.03367567062378	2.63903284072876	11.409161567688	50.4689788818359	6.88178777694702	6	6	0.712864518165588	0.713037610054016
0.712741	1926791.28294732	-4126610.95154597	0.711893022060394	0.710283994674683	285	730	0	842.406921386719	770.630187988281	1571.04992675781	2241.50854492188	3.23081946372986	3.02096681004116e-11	5.30612151439236e-11	191.277084350586	5.772153029393e-15	3.42561320022111e-13	204.033386230469	177.597259521484	136.254196166992	20	235.312255859375	56.6418495178223	315.307983398438	50.8243408203125	170.502380371094	55.6852188110352	0.128143876791	44.49560546875	1388.80639648438	266.154602050781	147.027603149414	28.1590061187744	9.63527870178223	9.35695457458496	13.1789236068726	0.896596372127533	11.1090078353882	58.460693359375	5.33829402923584	7.55075693130493	6	0.710137248039246	0.710817277431488
0.71518	1926599.8629413	-4133124.86245082	0.711893022060394	0.710283994674683	285	730	0	759.48095703125	731.001525878906	1584.70275878906	2268.73681640625	3.20173406600952	2.96602152560776e-11	5.45293081521958e-11	185.237869262695	5.81776660063559e-15	3.48969036176663e-13	195.483673095703	175.534484863281	137.687164306641	22	230.429397583008	52.5971870422363	318.519775390625	44.6691589355469	165.769485473633	55.3987159729004	0.128141775727272	41.2854423522949	1498.16967773438	270.470733642578	154.696258544922	41.0495414733887	8.20001316070557	6.1170015335083	12.9537267684937	0.683938801288605	14.2917413711548	55.4892082214355	5.89994764328003	6.81056451797485	6	0.711112678050995	0.711058974266052
0.70978	1911420.38472957	-4355670.23538736	0.708513021469116	0.708510994911194	32.75	560	0	54.7054634094238	3007.9453125	1170.63232421875	1531.63391113281	3.63974475860596	1.46913956694528e-11	3.13393061501799e-10	1.88274133205414	6.9195692707321e-15	2.85081691326489e-13	220.71159362793	205.805313110352	119.824638366699	44	295.522613525391	118.502502441406	351.697204589844	256.903839111328	272.866088867188	142.542846679688	0.233774676918983	31.9698257446289	719.25537109375	197.963088989258	131.88899230957	16.1628723144531	20.1968784332275	11.1847982406616	2.63727688789368	1.87551271915436	9.4722843170166	61.421688079834	5.07402658462524	6.5233006477356	6	0.708987414836884	0.71109539270401
0.714958	1916905.67385184	-4280721.79235244	0.714832007884979	0.712261021137238	426.799987792969	560	0	280.016723632812	1577.62561035156	1461.59594726562	1857.48486328125	2.8108286857605	1.86052111217361e-11	1.80091511148284e-10	53.3557052612305	6.66586384478812e-15	3.72385444962625e-13	207.297836303711	184.99333190918	127.51513671875	32	232.362274169922	82.8609390258789	337.480224609375	229.040512084961	191.4970703125	135.238204956055	0.169432446360588	32.431884765625	1058.16430664062	298.386169433594	122.509239196777	11.8710851669312	19.2489566802979	9.80740356445312	14.6762037277222	2.02409386634827	10.5517539978027	61.4736747741699	5.10700845718384	6.58475828170776	6	0.713155686855316	0.71309894323349
0.7113	1913573.3357873	-4332054.39472875	0.711893022060394	0.710283994674683	285	560	0	280.481719970703	2746.13403320312	1243.39196777344	1594.43908691406	3.17342162132263	1.59511275715785e-11	2.7073443487069e-10	15.8335580825806	6.83973810951927e-15	3.13278754066754e-13	203.408233642578	170.178863525391	124.352546691895	52	281.699127197266	106.074523925781	348.247802734375	219.923538208008	280.025268554688	177.948455810547	0.160941302776337	33.1091117858887	733.880554199219	240.377517700195	126.177886962891	23.0278263092041	25.8547306060791	12.3385095596313	3.05593848228455	2.17634320259094	9.5949821472168	56.8681564331055	4.46781921386719	6	6	0.711821496486664	0.713672399520874
0.71045	1914394.73261124	-4329969.51291706	0.711893022060394	0.710283994674683	285	560	0	258.053863525391	2681.96997070312	1250.85986328125	1595.69567871094	3.12119460105896	1.60677981336788e-11	2.6735511027276e-10	17.5362548828125	6.83656554761533e-15	3.16039105692847e-13	196.225372314453	169.880218505859	122.657005310059	56	258.480682373047	99.7684173583984	357.62255859375	230.411926269531	316.424011230469	241.45166015625	0.162482663989067	32.8402633666992	671.800964355469	207.983901977539	107.166709899902	29.5857620239258	24.5692577362061	12.2899370193481	3.06530976295471	2.3142237663269	10.0194149017334	56.6479187011719	4.76458835601807	6	6	0.71153849363327	0.713971972465515
0.71442	1923862.87305689	-4217105.21310555	0.713784992694855	0.708616018295288	583.75	560	0	461.295135498047	863.570434570312	1536.18225097656	2169.25024414062	3.14716172218323	2.21666938277076e-11	7.51978271318343e-11	109.003280639648	6.43506811896853e-15	4.36940820981377e-13	208.191711425781	171.112548828125	130.734329223633	24	201.733154296875	61.8629684448242	322.315643310547	60.2140922546387	218.954544067383	52.1354904174805	0.177675634622574	17.8471546173096	1360.54089355469	224.286682128906	132.67236328125	31.9992752075195	8.78794288635254	6.43185997009277	13.0619382858276	1.85124397277832	11.154070854187	58.4026412963867	5.68249607086182	7.26040267944336	6.36188316345215	0.712850689888	0.712513625621796
0.71043	1916243.22460183	-4336098.87561702	0.715143024921417	0.712998986244202	448	560	0	244.637847900391	2772.5458984375	1220.67419433594	1606.38635253906	3.34407734870911	1.57889274571277e-11	2.78586487212351e-10	11.4275226593018	6.86742549898265e-15	3.10133239618884e-13	202.917846679688	188.425552368164	120.191383361816	49	286.293090820312	108.012428283691	349.967254638672	231.07487487793	259.704528808594	223.135726928711	0.166352272033691	30.9327278137207	757.472961425781	188.587036132812	125.196449279785	22.5898246765137	22.7677402496338	11.7256097793579	2.90859723091125	2.1292576789856	9.2595853805542	57.0296249389648	5.45977210998535	7.06047391891479	6	0.713767290115356	0.71351820230484
0.713472	1929133.45908914	-4188600.29879347	0.711893022060394	0.710283994674683	285	730	0	539.382873535156	766.529663085938	1559.92077636719	2199.5078125	3.09439206123352	2.46259557884487e-11	6.81144654568477e-11	133.094421386719	6.24246468522416e-15	4.11046224184711e-13	210.551788330078	187.841857910156	134.566009521484	24	254.849899291992	68.9685211181641	326.367248535156	86.4433288574219	191.944915771484	60.4266395568848	0.11616738140583	18.6711692810059	1404.04248046875	244.878402709961	146.021774291992	35.9180679321289	7.92596006393433	5.4620156288147	13.1903305053711	0.960730612277985	13.5296449661255	59.402961730957	5.33658933639526	6	6	0.711893022060394	0.711893022060394
0.716665	1927512.9108261	-4221452.63000542	0.711893022060394	0.710283994674683	285	560	0	514.812561035156	941.681030273438	1511.43786621094	2126.43969726562	3.11369943618774	2.17737945729102e-11	7.62010315957795e-11	103.17041015625	6.47919641793811e-15	4.4615255500452e-13	200.863800048828	164.47346496582	129.394775390625	22	195.397705078125	61.5531044006348	311.143829345703	60.1929588317871	228.842071533203	57.8108291625977	0.195205539464951	17.0078964233398	1296.34729003906	202.312255859375	133.352157592773	28.7208118438721	9.06081771850586	7.89142227172852	12.2575359344482	1.74782311916351	9.88750553131104	62.9847984313965	4.4996509552002	8.04726791381836	6.31080007553101	0.712523698806763	0.712873339653015
0.722283	1926906.37725805	-4233488.44137682	0.714218020439148	0.712720990180969	407	560	0	688.66552734375	1169.85388183594	1431.88000488281	1979.25720214844	3.17536878585815	2.11313813669456e-11	9.67622995617923e-11	92.580810546875	6.52264031428631e-15	4.32958980082707e-13	197.492233276367	177.720886230469	133.075042724609	32	310.757934570312	68.3738098144531	329.910797119141	128.998809814453	230.50309753418	98.1110382080078	0.182283952832222	16.5960235595703	954.968200683594	228.363494873047	126.003150939941	12.5394382476807	12.7104005813599	11.1023082733154	13.9956159591675	2.14406561851501	7.93260622024536	59.2932205200195	5.83161354064941	6.09273624420166	6	0.713687002658844	0.713394582271576
0.71588	1921192.77467433	-4320892.70389364	0.726557016372681	0.717988014221191	771	560	0	214.900619506836	2536.95678710938	1279.17004394531	1619.013671875	3.01013851165771	1.66264415429884e-11	2.52515647281015e-10	18.3602619171143	6.83133681323193e-15	3.29961020529082e-13	215.951644897461	190.305877685547	123.139343261719	51	300.300659179688	107.577285766602	344.615936279297	211.891647338867	254.642822265625	189.95361328125	0.161509051918983	31.4836235046387	720.105102539062	226.51481628418	109.132476806641	23.7640609741211	23.8329601287842	12.4637384414673	3.11615109443665	2.32011699676514	9.44577598571777	53.0705757141113	6.23609113693237	6	6	0.718299806118011	0.715119600296021
0.71018	1920226.73023231	-4342592.08804455	0.715143024921417	0.712998986244202	448	560	0	156.211822509766	2911.99951171875	1181.66882324219	1564.87866210938	3.6893675327301	1.54884299830016e-11	2.92187579686853e-10	3.94082689285278	6.91169821706973e-15	3.03812097007805e-13	219.879577636719	192.663330078125	117.120887756348	43	284.103759765625	109.829177856445	357.538055419922	199.717391967773	226.675399780273	142.736175537109	0.164617463946342	26.9569511413574	556.655578613281	203.736145019531	117.442985534668	19.3152408599854	21.1979503631592	11.1824941635132	2.82766008377075	2.12959384918213	8.55706882476807	57.6480178833008	5.70677375793457	6.1160569190979	6	0.713270008563995	0.712756335735321
0.71108	1922394.22671151	-4322031.55300031	0.714832007884979	0.712261021137238	426.799987792969	560	0	256.101715087891	2589.81860351562	1265.85485839844	1618.24145507812	3.05894684791565	1.65893097869851e-11	2.5451379892516e-10	17.2824115753174	6.83916170359867e-15	3.29325054639756e-13	199.358825683594	176.224655151367	123.671379089355	51	292.461364746094	104.186294555664	347.039337158203	214.436080932617	254.092056274414	173.938446044922	0.161969020962715	30.9224586486816	686.118957519531	212.080917358398	111.867935180664	23.5427989959717	22.4564189910889	12.5890464782715	2.9651186466217	2.34180903434753	9.01730442047119	53.9388465881348	5.45164585113525	6	6	0.718283653259277	0.715173423290253
0.71361	1926036.1990818	-4273173.35157034	0.711893022060394	0.710283994674683	285	560	0	293.211364746094	1498.08264160156	1491.16687011719	1887.37976074219	2.83030414581299	1.90788392029351e-11	1.68296002134305e-10	56.1259307861328	6.66757146320978e-15	3.86712878516424e-13	211.017532348633	183.699859619141	125.620223999023	30	210.389602661133	71.3627624511719	347.110290527344	262.730560302734	202.931106567383	106.756454467773	0.16839773952961	30.3189067840576	1036.45971679688	321.410186767578	138.748062133789	11.1849336624146	19.0855369567871	9.00813865661621	14.8034181594849	2.00844860076904	10.3818655014038	57.9282073974609	4.69058227539062	6	6	0.712110698223114	0.712745547294617
0.70932	1920978.59164781	-4346380.42860316	0.708513021469116	0.708510994911194	32.75	560	0	31.6019191741943	2042.12475585938	1177.2705078125	1540.38928222656	3.82193779945374	1.5284081292255e-11	2.99459429475846e-10	0.113026440143585	6.92721670769638e-15	2.99118640013224e-13	203.841522216797	204.932922363281	116.257461547852	48	248.638488769531	110.703323364258	348.091430664062	288.494598388672	285.182678222656	163.084259033203	0.18047858774662	25.9489860534668	496.756439208984	196.554244995117	113.764488220215	29.2554454803467	21.7727527618408	10.876579284668	2.91630172729492	2.22014141082764	8.37390232086182	56.0387535095215	5.93911600112915	3.96677160263062	3.96677160263062	0.711434900760651	0.711884319782257
0.70928	1921282.46721102	-4346142.21697411	0.708513021469116	0.708510994911194	32.75	560	0	68.3773574829102	2373.79956054688	1171.99401855469	1545.36254882812	3.75158452987671	1.53496954730103e-11	2.97888907985211e-10	1.81738269329071	6.92786426438456e-15	3.00717241906445e-13	204.51301574707	212.302795410156	115.627220153809	55	249.54118347168	106.930854797363	347.050354003906	303.969665527344	290.260070800781	169.187973022461	0.173334032297134	25.4661026000977	496.268585205078	179.601333618164	104.789733886719	28.503791809082	20.6346549987793	11.1393547058105	2.86327862739563	2.19328165054321	8.21354293823242	56.7055320739746	6.27704954147339	6	6	0.711763024330139	0.712168633937836
0.716132	1927550.06215199	-4262703.47506465	0.709980010986328	0.70898699760437	172.550003051758	560	0	414.951477050781	1483.24340820312	1495.84155273438	1822.81384277344	2.83359289169312	1.96649935918503e-11	1.48646983610945e-10	65.4546356201172	6.63204224272073e-15	4.00835316544459e-13	219.682861328125	187.954544067383	130.90625	35	315.574249267578	97.1460494995117	342.860778808594	284.378875732422	253.083511352539	190.384490966797	0.169725641608238	26.2863311767578	888.853454589844	270.271911621094	136.845397949219	17.5940246582031	22.2649269104004	8.53948879241943	7.39295148849487	2.47028255462646	11.2224473953247	52.9983291625977	6.30119705200195	6	6	0.711450040340424	0.712755501270294
0.7093	1921698.4493579	-4346162.16586844	0.708513021469116	0.708510994911194	32.75	560	0	68.3773574829102	2373.79956054688	1171.99401855469	1545.36254882812	3.75158452987671	1.53496954730103e-11	2.97888907985211e-10	1.81738269329071	6.92786426438456e-15	3.00717241906445e-13	204.51301574707	212.302795410156	115.627220153809	55	249.54118347168	106.930854797363	347.050354003906	303.969665527344	290.260070800781	169.187973022461	0.173334032297134	25.4661026000977	496.268585205078	179.601333618164	104.789733886719	28.503791809082	20.6346549987793	11.1393547058105	2.86327862739563	2.19328165054321	8.21354293823242	56.7055320739746	6.27704954147339	6	6	0.711763024330139	0.712168633937836
0.70934	1922312.0316834	-4345868.79724753	0.715143024921417	0.712998986244202	448	560	0	57.1675224304199	2289.96264648438	1169.24584960938	1536.21179199219	3.70817828178406	1.53642220473982e-11	2.9813707058679e-10	1.69278240203857	6.93239673768531e-15	3.01141463111484e-13	206.139251708984	205.411392211914	115.583137512207	55	268.156646728516	102.449317932129	347.986633300781	393.900451660156	293.868743896484	182.015029907227	0.171421587467194	24.7276210784912	505.045196533203	185.054382324219	109.770111083984	27.8454627990723	18.0442371368408	10.400899887085	2.63141775131226	2.19181036949158	8.55900001525879	56.742561340332	6.28877019882202	5.07091760635376	5.07091760635376	0.711537718772888	0.712267994880676
0.716234	1932205.49443005	-4208817.62736887	0.711893022060394	0.710283994674683	285	730	0	537.106750488281	863.725280761719	1523.07214355469	2173.74633789062	3.15504145622253	2.29164846821117e-11	7.27762086705219e-11	114.159980773926	6.39677460645611e-15	4.36544843242931e-13	195.255218505859	179.435882568359	130.180053710938	25	202.830352783203	60.3117408752441	318.922882080078	45.6207160949707	221.488098144531	53.5439186096191	0.172074764966965	17.5776557922363	1441.31652832031	219.340545654297	150.459213256836	33.6175537109375	7.01433134078979	6.43369722366333	13.879732131958	1.71828186511993	11.4838542938232	61.4323921203613	6.4869270324707	6.10472917556763	6	0.711893022060394	0.712190508842468
0.713947	1926565.13037614	-4290532.48085352	0.715143024921417	0.712998986244202	448	560	0	485.419036865234	1863.04858398438	1383.22619628906	1840.90478515625	3.56415367126465	1.8224992695548e-11	1.99021674140987e-10	40.6227073669434	6.7350198497667e-15	3.67778236250865e-13	221.578216552734	205.855728149414	126.743347167969	35	219.138336181641	78.3215179443359	355.125579833984	206.882354736328	199.348327636719	167.967163085938	0.163643166422844	36.6586875915527	816.375854492188	245.150482177734	130.638229370117	14.4888401031494	20.7544860839844	13.1120433807373	14.3412971496582	2.39107632637024	11.047233581543	53.6596374511719	5.80927324295044	6	6	0.714621424674988	0.713731944561005
0.71085	1923465.27370158	-4335098.42012067	0.715143024921417	0.712998986244202	448	560	0	104.848526000977	2699.14404296875	1210.20861816406	1601.55212402344	3.29695987701416	1.59399386051584e-11	2.78329886915785e-10	9.19828414916992	6.89370300210532e-15	3.14578414315966e-13	242.896560668945	177.690002441406	121.391448974609	45	262.348510742188	112.112167358398	351.436126708984	203.521331787109	240.974380493164	195.140365600586	0.164640799164772	27.1781673431396	852.22119140625	197.105392456055	125.188743591309	19.2611446380615	21.8141059875488	12.4405479431152	2.88713407516479	1.88688790798187	8.97418212890625	60.2171783447266	5.2611255645752	6	6	0.713610649108887	0.71434098482132
0.71082	1923630.31039867	-4335159.48258471	0.715143024921417	0.712998986244202	448	560	0	104.848526000977	2699.14404296875	1210.20861816406	1601.55212402344	3.29695987701416	1.59399386051584e-11	2.78329886915785e-10	9.19828414916992	6.89370300210532e-15	3.14578414315966e-13	242.896560668945	177.690002441406	121.391448974609	45	262.348510742188	112.112167358398	351.436126708984	203.521331787109	240.974380493164	195.140365600586	0.164640799164772	27.1781673431396	852.22119140625	197.105392456055	125.188743591309	19.2611446380615	21.8141059875488	12.4405479431152	2.88713407516479	1.88688790798187	8.97418212890625	60.2171783447266	5.2611255645752	6	6	0.713610649108887	0.71434098482132
0.71232	1926159.38378258	-4308521.17248501	0.715143024921417	0.712998986244202	448	560	0	684.712219238281	2730.37353515625	1255.86767578125	1604.38757324219	3.32546305656433	1.72939301767983e-11	2.31469635125769e-10	24.9859638214111	6.80066532669538e-15	3.46169599062252e-13	184.122985839844	191.444778442383	114.824012756348	49	259.909332275391	95.0889511108398	363.915649414062	263.4775390625	248.330352783203	223.628036499023	0.15993320941925	33.2899055480957	367.872528076172	198.756164550781	101.362731933594	43.3559913635254	28.3218784332275	11.5881977081299	3.31062030792236	3.05519986152649	8.18840408325195	49.3288955688477	8.24017238616943	6	6	0.715216338634491	0.715424358844757
0.71323	1926883.25079123	-4306543.80860719	0.715143024921417	0.712998986244202	448	560	0	846.302185058594	2730.06811523438	1225.86730957031	1627.93017578125	3.51676177978516	1.74094887811505e-11	2.27996274637654e-10	26.1019973754883	6.79662413250403e-15	3.4909724308356e-13	190.314865112305	196.265930175781	115.147308349609	49	270.841735839844	101.94507598877	361.196350097656	314.788757324219	283.173828125	194.839324951172	0.160432294011116	33.6734352111816	438.364807128906	186.039016723633	113.610610961914	40.1739311218262	29.2968139648438	12.4111995697021	3.06754112243652	3.05519986152649	8.6933069229126	48.0107841491699	7.98515796661377	6	6	0.715143024921417	0.715481281280518
0.72034	1932508.21177413	-4232544.28435102	0.714218020439148	0.712720990180969	407	560	0	699.256652832031	1218.86401367188	1423.28234863281	1953.22021484375	3.1560206413269	2.12532005883226e-11	9.48071343653822e-11	91.8379974365234	6.53141896375165e-15	4.39477610119504e-13	226.825180053711	188.313766479492	131.66926574707	44	307.069000244141	70.781135559082	334.826293945312	150.941940307617	218.871520996094	113.700614929199	0.187616288661957	14.6628704071045	920.413024902344	237.284820556641	125.440734863281	14.6599760055542	19.1581439971924	9.53783702850342	9.37067985534668	2.23454999923706	8.00642013549805	55.7809448242188	6.76514434814453	6.63512897491455	6	0.713423371315002	0.713379383087158
0.71036	1924981.12245188	-4338134.81984402	0.715143024921417	0.712998986244202	448	560	0	155.348037719727	2787.13110351562	1191.80285644531	1591.4228515625	3.48250913619995	1.58012127687845e-11	2.84022166896492e-10	7.03917551040649	6.90980594546557e-15	3.11495756489047e-13	262.019378662109	180.023345947266	118.153121948242	49	296.473388671875	113.370346069336	350.478515625	199.746994018555	245.366760253906	210.655700683594	0.16409158706665	25.7287445068359	803.655517578125	191.798599243164	122.732734680176	19.2296180725098	22.8576316833496	12.1501607894897	2.85638093948364	2.02513527870178	9.05317974090576	58.034553527832	5.62730121612549	6	6	0.714139938354492	0.714143693447113
0.71394	1926250.66157428	-4325527.5136496	0.711893022060394	0.710283994674683	285	560	0	90.0799331665039	2632.31225585938	1245.56237792969	1584.8037109375	3.16088271141052	1.64412719549922e-11	2.62560390096311e-10	11.0266132354736	6.87093390945017e-15	3.26690063889856e-13	216.115646362305	193.396545410156	121.112617492676	48	262.254974365234	107.748504638672	351.999481201172	227.357299804688	254.865966796875	194.206085205078	0.163233041763306	28.3300094604492	599.784545898438	212.89404296875	105.722389221191	19.6252288818359	27.3347511291504	11.2398405075073	2.93236351013184	2.19196844100952	8.80610942840576	55.2057723999023	6.59224367141724	6	6	0.716238677501678	0.715481698513031
0.714546	1934146.00001615	-4218300.983869	0.713784992694855	0.708616018295288	583.75	560	0	610.409484863281	936.470153808594	1476.69104003906	2136.09301757812	3.20799446105957	2.20898421082749e-11	7.51478254623628e-11	104.645080566406	6.46935177750865e-15	4.48490311728833e-13	221.453887939453	178.726211547852	131.486801147461	20	206.291290283203	61.9659652709961	322.409515380859	58.2762451171875	206.535659790039	54.2840461730957	0.199839994311333	16.3201141357422	1324.5703125	210.894744873047	137.293746948242	31.2622909545898	7.36793947219849	7.13296985626221	13.4288911819458	1.75420129299164	12.0553998947144	58.5999870300293	4.9462366104126	6	6	0.712973535060883	0.712715983390808
0.71208	1926676.89137739	-4327078.41799043	0.711893022060394	0.710283994674683	285	560	0	53.9395713806152	2615.14697265625	1243.45056152344	1583.26708984375	3.1691107749939	1.63903196570558e-11	2.64384319992317e-10	10.9498558044434	6.87488023595143e-15	3.25503973818211e-13	211.865280151367	220.121871948242	119.97664642334	44	263.3369140625	107.384796142578	348.086212158203	247.13102722168	251.332931518555	201.147796630859	0.1636121571064	28.0249900817871	589.185363769531	200.891204833984	108.343360900879	17.4758358001709	27.0357913970947	11.1824941635132	2.76081013679504	2.0332977771759	8.51013851165771	56.5049514770508	6.43455457687378	6	6	0.714798033237457	0.715431034564972
0.720953	1933574.90916773	-4234790.55732842	0.714218020439148	0.712720990180969	407	560	0	726.064331054688	1225.88293457031	1416.1474609375	1939.56408691406	3.2368221282959	2.11633280344792e-11	9.83742393101394e-11	89.1722717285156	6.54105057539488e-15	4.38068093085164e-13	193.034439086914	183.635314941406	129.286270141602	46	286.179382324219	77.0252075195312	334.210357666016	183.807205200195	225.074508666992	109.484184265137	0.182435378432274	14.8861589431763	987.095886230469	236.693115234375	129.122177124023	13.7163343429565	21.5368041992188	10.4951639175415	14.0537776947021	2.27374219894409	8.20607662200928	56.9039840698242	7.12560129165649	6	6	0.714013636112213	0.713440477848053
0.71732	1960027.63435696	-3838729.6260386	0.712577998638153	0.710089027881622	302.049987792969	730	7	1017.94592285156	893.223449707031	1696.49389648438	2506.34814453125	2.99728846549988	7.86953835429927e-11	1.41002921144606e-11	415.109344482422	5.1047715350866e-15	2.07997749340945e-13	183.394439697266	187.340789794922	135.4580078125	19	204.586654663086	61.6806488037109	333.630645751953	46.9973068237305	91.9903411865234	55.1858177185059	0.12782384455204	147.2470703125	2285.94409179688	216.306762695312	212.011917114258	30.9425067901611	7.77287340164185	4.80602884292603	8.97418212890625	1.17704808712006	7.91908645629883	71.2592926025391	3.33143448829651	9	9	0.71232008934021	0.711769640445709
0.719692	1933693.80600855	-4237681.55101281	0.715143024921417	0.712998986244202	448	560	0	881.575378417969	1514.33251953125	1371.26550292969	1806.82763671875	3.31303811073303	2.10108215548122e-11	1.03771873039005e-10	86.6330184936523	6.5524215691953e-15	4.34600543487013e-13	287.175842285156	184.581268310547	126.823760986328	46	290.463623046875	77.761116027832	333.737548828125	243.380706787109	213.533508300781	119.625534057617	0.173945426940918	16.0126800537109	810.128723144531	238.621063232422	137.513824462891	16.2783489227295	23.3545017242432	9.82425403594971	7.50910520553589	2.33981990814209	8.43364334106445	55.1381988525391	9.48029232025146	6	5.80083847045898	0.71458774805069	0.713461339473724
0.71284	1927310.20800725	-4329238.85892718	0.711893022060394	0.710283994674683	285	560	0	22.6593341827393	2657.130859375	1227.98669433594	1577.32763671875	3.23670721054077	1.62516024942994e-11	2.70067579410949e-10	8.08647441864014	6.89092049887359e-15	3.22433459055624e-13	210.200988769531	245.350967407227	117.812843322754	44	283.442810058594	108.716148376465	341.085754394531	239.144500732422	254.30632019043	186.838882446289	0.164073824882507	26.6168613433838	651.211669921875	181.886337280273	101.94263458252	17.1846199035645	25.9024925231934	10.8293514251709	2.67347621917725	2.06320357322693	8.07803058624268	55.204288482666	6.08051776885986	6	6	0.712495863437653	0.715429425239563
0.72098	1935019.59032469	-4234579.05905575	0.714218020439148	0.712720990180969	407	560	0	771.916748046875	1276.0068359375	1404.60754394531	1922.3076171875	3.24805641174316	2.11751796652671e-11	9.83500503259904e-11	89.1722717285156	6.54316180501591e-15	4.38958738064807e-13	209.636199951172	178.601058959961	131.289886474609	28	282.549743652344	80.0680236816406	339.952423095703	178.507339477539	214.183349609375	108.306312561035	0.182828575372696	14.5958290100098	970.290893554688	233.847198486328	133.932815551758	13.9784746170044	21.3430709838867	10.3835525512695	13.9345836639404	2.26883387565613	8.03661441802979	56.2490081787109	7.21920490264893	6	6	0.714033901691437	0.713444411754608
0.719712	1935682.33584033	-4227686.75879398	0.712577998638153	0.710089027881622	302.049987792969	560	0	588.907775878906	1020.94116210938	1475.49621582031	2065.12744140625	3.15421748161316	2.15425628724564e-11	8.57131310372239e-11	95.1702346801758	6.51855465086523e-15	4.47976210163695e-13	217.751190185547	188.700561523438	130.177795410156	30	301.958892822266	64.2696533203125	320.892120361328	87.9985504150391	223.111389160156	86.8231887817383	0.20104144513607	14.6097278594971	1124.60583496094	245.313690185547	115.297370910645	19.5507144927979	10.3527708053589	8.95127201080322	12.3849201202393	1.81644022464752	9.29036617279053	59.6814765930176	5.2758936882019	8.44469547271729	6.49903106689453	0.712735235691071	0.713214814662933
0.71442	1928893.19199588	-4324574.57284575	0.726557016372681	0.717988014221191	771	560	0	161.882736206055	2687.37475585938	1239.22546386719	1590.26208496094	3.18864893913269	1.65202608537474e-11	2.61129617928901e-10	10.6154222488403	6.87513434583561e-15	3.28901456850966e-13	220.929580688477	174.076751708984	120.99494934082	47	259.724761962891	100.344833374023	340.874908447266	222.11442565918	244.259216308594	181.160522460938	0.162662148475647	27.8373069763184	592.807312011719	206.721832275391	100.549339294434	24.8783435821533	25.7547245025635	10.9512605667114	3.04752993583679	2.27417993545532	9.08261585235596	54.6794242858887	6.33580732345581	6	6	0.719388484954834	0.715812742710114
0.70934	1929142.25912234	-4346142.21697411	0.708513021469116	0.708510994911194	32.75	560	0	57.2012367248535	2287.955078125	1142	1534.47082519531	3.82597589492798	1.54513866978956e-11	2.99626073951842e-10	-2	6.95959115397339e-15	3.03686681921503e-13	223.928939819336	255.395645141602	112.85368347168	59	247.880645751953	115.744117736816	324.965698242188	381.394775390625	285.939727783203	196.258499145508	0.162967041134834	20.2967205047607	464.682952880859	192.471664428711	114.767082214355	31.7782382965088	21.3192310333252	11.1259860992432	2.81541633605957	2.28976798057556	8.04768085479736	56.9698448181152	4.53472423553467	3.75170516967773	3.75170516967773	0.71008026599884	0.71292644739151
0.71459	1933254.68377003	-4292100.88768829	0.711893022060394	0.710283994674683	285	560	0	490.384643554688	1964.22143554688	1373.45532226562	1829.12866210938	3.54726672172546	1.82665566700324e-11	2.01635139140954e-10	36.8472175598145	6.76229346363534e-15	3.71179622411441e-13	241.885833740234	209.055358886719	125.200538635254	37	222.223098754883	70.7697525024414	344.165344238281	159.015182495117	193.923812866211	159.207794189453	0.162770211696625	37.9258460998535	818.969055175781	275.769439697266	133.836791992188	10.3729057312012	17.5260887145996	13.5667810440063	14.2903890609741	2.17318820953369	8.75816631317139	59.2538642883301	4.8088526725769	7.49089002609253	6	0.713136851787567	0.713809788227081
0.71686	1936593.10200377	-4246614.80392126	0.712836027145386	0.707082986831665	771	560	0	1033.97778320312	1879.28601074219	1317.62756347656	1703.76635742188	3.07400870323181	2.05897434518709e-11	1.20004492454306e-10	78.0124969482422	6.59382792778888e-15	4.2668462079537e-13	292.935485839844	178.688888549805	124.375373840332	46	231.657913208008	100.606895446777	344.304565429688	269.318420410156	270.186767578125	175.118667602539	0.169929534196854	18.8404216766357	611.655029296875	225.103439331055	145.004425048828	24.6987686157227	25.4634399414062	8.24986362457275	3.05519986152649	2.6692967414856	10.94983959198	50.5113868713379	9.23665046691895	6	6	0.713747441768646	0.713230669498444
0.71067	1930104.89274298	-4339572.97413283	0.715143024921417	0.712998986244202	448	560	0	72.2369155883789	2783.09619140625	1166.03588867188	1571.90661621094	3.76391243934631	1.57711326637111e-11	2.88838786222101e-10	2.42366313934326	6.93970197333891e-15	3.11371371394809e-13	232.16047668457	196.18586730957	117.987640380859	49	278.086120605469	122.23673248291	347.66796875	227.574081420898	269.586669921875	185.791564941406	0.163593307137489	21.9186458587646	534.489074707031	205.76806640625	120.430725097656	22.3694496154785	22.4204120635986	11.3999280929565	2.76285743713379	2.05750036239624	8.47717571258545	56.7484169006348	6.27869462966919	6	6	0.712242126464844	0.714730262756348
0.71013	1930537.81398491	-4335359.10823818	0.711893022060394	0.710283994674683	285	560	0	34.286548614502	2736.74609375	1183.41906738281	1572.59802246094	3.71676564216614	1.59889098488852e-11	2.81714901406716e-10	2.61458253860474	6.92780454856178e-15	3.16664473505937e-13	221.249954223633	288.410522460938	109.324844360352	53	293.671203613281	125.461875915527	348.896942138672	440.988342285156	292.317749023438	199.702194213867	0.164357170462608	22.8678092956543	558.484497070312	196.16748046875	121.602249145508	17.1537971496582	23.9479236602783	11.3857154846191	2.67995381355286	1.9014607667923	8.598069190979	55.6931800842285	6.89723920822144	6	6	0.712025821208954	0.715577661991119
0.71014	1930345.43407343	-4339794.84921947	0.715143024921417	0.712998986244202	448	560	0	24.5959701538086	2542.93701171875	1167.70678710938	1566.22985839844	3.83189678192139	1.57855152560504e-11	2.89072127346301e-10	2	6.9441023094999e-15	3.11820990035738e-13	232.16047668457	196.18586730957	117.987640380859	49	285.552154541016	117.283737182617	350.135040283203	225.15966796875	272.789093017578	185.088012695312	0.163772359490395	21.2776393890381	545.312744140625	202.581787109375	120.052963256836	22.5507621765137	22.2743587493896	10.82825756073	2.83103179931641	1.90580677986145	8.47546577453613	55.0867500305176	6.73094129562378	5.89538097381592	5.89538097381592	0.712068319320679	0.714957296848297
0.71014	1930674.78628064	-4335802.97278736	0.711893022060394	0.710283994674683	285	560	0	34.286548614502	2736.74609375	1183.41906738281	1572.59802246094	3.71676564216614	1.59889098488852e-11	2.81714901406716e-10	2.61458253860474	6.92780454856178e-15	3.16664473505937e-13	214.577285766602	211.095413208008	114.727394104004	44	293.671203613281	125.461875915527	348.896942138672	440.988342285156	292.317749023438	199.702194213867	0.164357170462608	22.8678092956543	558.484497070312	196.16748046875	121.602249145508	17.1537971496582	23.9479236602783	11.3857154846191	2.67995381355286	1.9014607667923	8.598069190979	55.6931800842285	6.89723920822144	6	6	0.712025821208954	0.715577661991119
0.7096	1930029.08965305	-4344805.58392179	0.708513021469116	0.708510994911194	32.75	560	0	135.022323608398	2595.443359375	1142.44897460938	1552.6875	3.88016939163208	1.5516782303493e-11	2.98033792089925e-10	-0.478368490934372	6.96004474011664e-15	3.05322688789675e-13	242.465255737305	208.248184204102	117.453536987305	51	265.851165771484	121.734367370605	339.469848632812	329.937866210938	307.707885742188	180.480987548828	0.162967041134834	19.9576988220215	453.849182128906	189.232650756836	109.197059631348	30.6998138427734	21.2950038909912	10.7739486694336	2.76644563674927	2.15782308578491	8.42396259307861	56.3129501342773	4.6071195602417	6	6	0.710729241371155	0.713456034660339
0.71165	1931281.58651681	-4340928.82910265	0.715143024921417	0.712998986244202	448	560	0	10.8583030700684	455.083709716797	1161.30004882812	1562.36047363281	3.8746931552887	1.57490739199906e-11	2.9114843869138e-10	0.889707744121552	6.9526086378727e-15	3.11053754368379e-13	242.049514770508	223.970138549805	115.767143249512	48	276.9794921875	112.457481384277	345.542510986328	298	256.190582275391	182.255126953125	0.163766220211983	20.2168064117432	542.818908691406	192.586944580078	119.39037322998	24.2145977020264	22.0108375549316	10.4482259750366	2.96403908729553	1.86089718341827	7.87354135513306	56.1980743408203	6.62607622146606	4.83022546768188	4.83022546768188	0.71162885427475	0.714956641197205
0.71545	1935699.28068885	-4288947.43523175	0.711893022060394	0.710283994674683	285	560	0	410.275970458984	1836.14611816406	1409.17651367188	1881.27111816406	3.33151769638062	1.84452661478041e-11	1.96378399652808e-10	39.2021789550781	6.75694148595811e-15	3.76082764106181e-13	228.887924194336	207.164688110352	126.148857116699	34	214.034118652344	75.462532043457	350.279449462891	230.768905639648	234.46044921875	151.525604248047	0.163682013750076	36.8347625732422	896.642578125	288.224822998047	133.289779663086	11.1824941635132	18.3030281066895	13.6740741729736	15.5487966537476	2.01837110519409	10.8466815948486	57.4809455871582	4.74677324295044	6.05514860153198	6	0.712185621261597	0.713488459587097
0.71772	1938634.42490968	-4250389.08082359	0.712836027145386	0.707082986831665	771	560	0	837.577758789062	1683.40844726562	1365.83642578125	1791.85607910156	2.8694281578064	2.04111831603182e-11	1.27283017459234e-10	73.624267578125	6.61433290137601e-15	4.23626357517332e-13	246.775238037109	182.686706542969	131.604080200195	35	300.836730957031	84.0890579223633	345.133178710938	215.955596923828	200.667831420898	132.700210571289	0.169640511274338	20.1353034973145	889.823059082031	254.670455932617	151.265853881836	16.7178401947021	23.0940952301025	8.29178714752197	4.434250831604	2.32460451126099	11.1127033233643	56.506462097168	5.37702417373657	6.75839185714722	6	0.712836027145386	0.713103532791138
0.715639	1947288.43830384	-4134469.18797784	0.711893022060394	0.710283994674683	285	730	0	734.011596679688	767.182800292969	1582.083984375	2317.8740234375	3.18906021118164	2.88450912461213e-11	5.42159477034954e-11	177.555252075195	5.9324150511453e-15	3.68162098030034e-13	197.45246887207	192.721801757812	138.641738891602	29	237.099227905273	62.3468246459961	321.474914550781	58.4874420166016	191.215545654297	52.9192276000977	0.132713705301285	52.4381141662598	1338.43078613281	259.811767578125	137.872467041016	33.5064010620117	9.45166969299316	6.00830602645874	13.0341968536377	0.880366623401642	13.0827674865723	56.5121307373047	5.22439670562744	7.4373631477356	6	0.711893022060394	0.711711704730988
0.71052	1932740.11117621	-4341953.56744055	0.715143024921417	0.712998986244202	448	560	0	25.9238758087158	1244.294921875	1149.05212402344	1537.12744140625	3.91071796417236	1.57126811561881e-11	2.93230162373703e-10	0.683132946491241	6.96116197657407e-15	3.10277384297716e-13	245.229110717773	249.706268310547	95.2734603881836	49	268.824066162109	113.703094482422	347.780395507812	304.456573486328	283.016723632812	174.239791870117	0.163518145680428	19.1210651397705	559.636840820312	181.202377319336	120.311630249023	23.1232986450195	21.1979503631592	11.5029735565186	2.57008051872253	1.71828186511993	7.70996427536011	57.7010612487793	5.98920249938965	4.30518436431885	4.30518436431885	0.711605787277222	0.714901268482208
0.71145	1933216.04622711	-4342738.80330808	0.715143024921417	0.712998986244202	448	560	0	42.9756698608398	2907.32958984375	1137.3388671875	1526.52465820312	3.93621206283569	1.56763386993664e-11	2.95317326148847e-10	0.275225043296814	6.96976274912049e-15	3.09491852718696e-13	245.229110717773	249.706268310547	95.2734603881836	49	290	105	345	340.660369873047	278	203	0.163235902786255	17.990406036377	590.006713867188	184.281982421875	116.618743896484	26.5610980987549	21.2320957183838	10.8062658309937	2.51057553291321	1.71828186511993	8.60486221313477	56.187183380127	5.72084522247314	5.93137168884277	5.93137168884277	0.71132355928421	0.714811980724335
0.71521	1938755.866918	-4284366.89097729	0.711893022060394	0.710283994674683	285	560	0	310.836456298828	1775.72497558594	1449.88635253906	1860.8076171875	3.10858416557312	1.86874543617321e-11	1.8936284484905e-10	41.7909469604492	6.75051250588845e-15	3.82916463294303e-13	216.940063476562	239.440811157227	124.914611816406	36	299.701904296875	72.478271484375	336.113555908203	212.033233642578	230.911026000977	171.204650878906	0.165166214108467	35.283317565918	892.366943359375	276.949951171875	131.665145874023	12.7540473937988	20.2445793151855	11.4657011032104	12.1766681671143	2.18345904350281	11.6101388931274	56.7583236694336	4.97744417190552	6	6	0.713012456893921	0.713122367858887
0.715762	1947965.89222556	-4158583.83805803	0.711893022060394	0.710283994674683	285	730	0	622.310974121094	758.7529296875	1578.26440429688	2286.32080078125	3.14090704917908	2.69102049671455e-11	5.99902141851238e-11	155.348617553711	6.09665092796965e-15	3.94654361274283e-13	172.166091918945	183.086654663086	135.407745361328	24	214.551513671875	57.5053405761719	324.543060302734	42.0494842529297	192.648330688477	56.5138626098633	0.114848114550114	35.9252738952637	1231.0947265625	268.835327148438	154.927825927734	35.0834503173828	8.98775672912598	5.7099175453186	12.8586950302124	1.01630973815918	13.7531538009644	57.172420501709	6.01872634887695	6.36955451965332	6	0.711893022060394	0.711893022060394
0.71658	1940022.94518059	-4281029.31280158	0.714218020439148	0.712720990180969	407	560	0	286.501983642578	1738.54040527344	1474.94030761719	1846.71838378906	2.97817587852478	1.89031654912464e-11	1.82119611058518e-10	45.1862182617188	6.73739577718374e-15	3.88443834389851e-13	211.469863891602	209.165496826172	124.529083251953	27	306.989624023438	83.0480117797852	331.257873535156	175.054809570312	188.71418762207	165.752349853516	0.160691872239113	33.4820442199707	983.28271484375	276.832611083984	117.372619628906	11.721321105957	19.3452110290527	8.90004253387451	14.1283664703369	2.09156942367554	9.15756702423096	59.1492195129395	5.77192258834839	6	6	0.713293552398682	0.712797224521637
0.71349	1946117.88875545	-4196913.25337641	0.711893022060394	0.710283994674683	285	730	0	658.380737304688	890.002807617188	1504.9033203125	2198.45849609375	3.24153161048889	2.39199597629192e-11	6.92175136651763e-11	121.177757263184	6.34644899092794e-15	4.35129959407837e-13	176.262817382812	177.904922485352	130.367538452148	20	212.926895141602	58.8840827941895	323.881866455078	45.6049461364746	198.502731323242	48.1187553405762	0.109678022563457	19.8132801055908	1530.18823242188	243.691925048828	154.829055786133	35.8051567077637	6.7939715385437	5.67227697372437	13.8329305648804	1.82027816772461	14.7282819747925	58.8781890869141	5.19762134552002	7.83119630813599	6	0.711893022060394	0.711980760097504
0.7146	1945736.56538907	-4271506.44941123	0.711893022060394	0.710283994674683	285	560	0	383.551086425781	1634.64880371094	1508.93017578125	1878.49438476562	2.89410972595215	1.94356128413453e-11	1.66026026260369e-10	52.8225250244141	6.71837565235315e-15	4.03723902182504e-13	208.609573364258	190.86848449707	124.730834960938	37	309.163970947266	77.073616027832	337.581146240234	211.378158569336	186.848434448242	132.072875976562	0.144422203302383	29.2025814056396	961.511474609375	310.599212646484	131.27131652832	11.4579410552979	20.1873264312744	9.5758581161499	13.9365425109863	2.07865905761719	10.6620216369629	56.6566963195801	4.86603164672852	6.01837110519409	6	0.711929321289062	0.712339043617249
0.71954	1949947.96685734	-4254018.51344055	0.712836027145386	0.707082986831665	771	560	0	620.868286132812	1629.01232910156	1439.24780273438	1808.12939453125	2.83962392807007	2.03944222620933e-11	1.32982652667479e-10	67.7843246459961	6.65394312660494e-15	4.28989200933205e-13	214.942306518555	198.11344909668	126.492012023926	44	312.122467041016	88.2589874267578	337.792694091797	309.011383056641	222.218353271484	190.093002319336	0.163759708404541	19.7521266937256	716.925964355469	250.840393066406	130.844284057617	17.9010829925537	26.0170993804932	8.19777584075928	3.05645155906677	2.34053325653076	11.1983938217163	51.6772003173828	8.36013412475586	6	6	0.712730228900909	0.713035762310028
0.71985	1950150.17620469	-4253960.68484898	0.712836027145386	0.707082986831665	771	560	0	620.868286132812	1629.01232910156	1439.24780273438	1808.12939453125	2.83962392807007	2.03944222620933e-11	1.32982652667479e-10	67.7843246459961	6.65394312660494e-15	4.28989200933205e-13	214.942306518555	198.11344909668	126.492012023926	44	312.122467041016	88.2589874267578	337.792694091797	309.011383056641	222.218353271484	190.093002319336	0.163759708404541	19.7521266937256	716.925964355469	250.840393066406	130.844284057617	17.9010829925537	26.0170993804932	8.19777584075928	3.05645155906677	2.34053325653076	11.1983938217163	51.6772003173828	8.36013412475586	6	6	0.712730228900909	0.713035762310028
0.71872	1949980.77645094	-4257995.21678505	0.712836027145386	0.707082986831665	771	560	0	566.170104980469	1618.54809570312	1450.4296875	1830.94311523438	2.91790318489075	2.01926583093259e-11	1.40371381185389e-10	64.066276550293	6.67075546005851e-15	4.24047461641125e-13	223.077499389648	193.927612304688	128.037399291992	39	230.108535766602	86.9379959106445	345.392456054688	295.168426513672	225.724746704102	171.9970703125	0.159586876630783	21.8715686798096	728.791748046875	236.477462768555	121.77180480957	23.5348320007324	27.0607166290283	8.72737884521484	3.06163287162781	2.6692967414856	11.4250144958496	50.2603302001953	9.09605312347412	6	6	0.711578667163849	0.712996602058411
0.712568	1953541.71742935	-4219260.14067446	0.712577998638153	0.710089027881622	302.049987792969	560	0	799.270629882812	1180.37890625	1426.15148925781	2050.56225585938	3.44339346885681	2.2213710038077e-11	7.4309662589922e-11	96.8616714477539	6.51488318655536e-15	4.68369158561355e-13	220.499801635742	172.971969604492	130.552536010742	21	220.977722167969	62.5332641601562	322.461608886719	88.9376068115234	182.129211425781	69.4743576049805	0.136673167347908	13.5980138778687	1027.64038085938	276.658538818359	150.566680908203	12.3927364349365	10.0195903778076	9.78922176361084	15.0231304168701	1.68056178092957	10.9195108413696	57.4387245178223	4.60128545761108	6.53762292861938	6.53760528564453	0.712618291378021	0.7128084897995
0.72335	1952612.84086945	-4236409.19783188	0.715143024921417	0.712998986244202	448	560	0	1002.97308349609	1639.05493164062	1337.91882324219	1805.25866699219	3.48007154464722	2.1287719850771e-11	1.01605161784146e-10	82.150016784668	6.5895622698665e-15	4.52520751989885e-13	320.007568359375	175.636947631836	127.13444519043	36	269.104766845703	84.1283111572266	347.23486328125	218.175064086914	207.473785400391	114.132080078125	0.164454996585846	11.3649463653564	766.442626953125	212.814544677734	147.582702636719	19.6455974578857	23.5325298309326	8.54953002929688	7.20119094848633	2.31772041320801	9.45752811431885	54.4534149169922	10.2624788284302	6	6	0.714731931686401	0.713354885578156
0.71424	1951345.57994218	-4266727.60512584	0.711893022060394	0.710283994674683	285	560	0	439.976226806641	1669.60974121094	1475.30090332031	1856.49401855469	3.0159764289856	1.97639613008782e-11	1.57131030409374e-10	55.4124641418457	6.71439502101753e-15	4.14403510421921e-13	205.190521240234	192.852066040039	127.879249572754	29	251.165023803711	76.7336730957031	334.194366455078	251.921295166016	205.988388061523	125.15592956543	0.147797703742981	28.0608139038086	936.315185546875	267.890655517578	134.26091003418	9.98631000518799	20.2715892791748	8.14813041687012	13.0849466323853	2.1692066192627	9.10843372344971	60.6421356201172	4.31134653091431	7.68832206726074	6	0.711538732051849	0.712655961513519
0.71423	1950987.32798188	-4272732.47602336	0.711893022060394	0.710283994674683	285	560	0	342.693756103516	1708.36950683594	1494.3896484375	1880.27893066406	2.89056396484375	1.94488956190009e-11	1.68214039919512e-10	50.9697647094727	6.73722806466019e-15	4.06152975834795e-13	241.008605957031	196.604385375977	128.041305541992	33	214.096496582031	77.5868911743164	362.521759033203	179.688903808594	227.757827758789	141.243011474609	0.146009221673012	30.9872188568115	1097.60009765625	317.002624511719	142.989028930664	10.3039360046387	19.0253105163574	8.83347225189209	13.9071483612061	2.00246858596802	10.9730386734009	57.7656707763672	5.45741891860962	6.00937795639038	6	0.711893022060394	0.712382018566132
0.71809	1950228.22610893	-4285617.86458042	0.711893022060394	0.710283994674683	285	560	0	469.901641845703	1974.85803222656	1379.35400390625	1870.16882324219	3.44747042655945	1.87936680107192e-11	1.92402094256749e-10	38.9420013427734	6.79320677807833e-15	3.89833889995195e-13	250.648468017578	207.103485107422	124.522499084473	42	220.228240966797	81.7463607788086	353.061401367188	214.129791259766	220.333740234375	143.5595703125	0.158079490065575	38.6743583679199	832.217102050781	281.868804931641	124.200073242188	12.4980030059814	19.083683013916	12.4228944778442	14.766037940979	2.17324924468994	10.2693815231323	56.3199157714844	4.93605756759644	6	6	0.712439775466919	0.713091373443604
0.71057	1949889.9435744	-4326944.48218585	0.718111991882324	0.712402999401093	771	560	0	120.762908935547	3293.26171875	1155.69714355469	1520.83068847656	3.79893517494202	1.67138403811551e-11	2.69013117337735e-10	0.857290744781494	6.96953320319178e-15	3.37108487825921e-13	230.66960144043	214.187561035156	114.944946289062	70	283.747283935547	96.7682189941406	337.1533203125	318.799346923828	271.641845703125	243.729095458984	0.237141743302345	23.0572395324707	418.567260742188	146.974517822266	87.9265060424805	28.6875419616699	25.505256652832	9.0961389541626	3.39320588111877	2.32789468765259	7.23519134521484	56.7664413452148	6.45962333679199	6	6	0.722286939620972	0.718923032283783
0.710725	1950896.76397509	-4325534.56355503	0.718111991882324	0.712402999401093	771	560	0	188.483413696289	3385.84936523438	1148.55712890625	1529.1474609375	3.73975563049316	1.67782766846702e-11	2.67331268233306e-10	2.40652632713318	6.96917660232099e-15	3.3890048428166e-13	232.30061340332	226.719604492188	116.882507324219	57	270.930603027344	94.9848937988281	341.689331054688	264.065338134766	267.879699707031	209.644638061523	0.229408711194992	24.2446022033691	414.231719970703	140.451690673828	89.1225204467773	26.3102989196777	23.7584323883057	8.92280578613281	3.31503558158875	2.29503560066223	7.75360536575317	56.3304748535156	6.03720617294312	6	6	0.723625242710114	0.718927979469299
0.7145	1955416.22433754	-4264752.22508804	0.709980010986328	0.70898699760437	172.550003051758	560	0	589.833251953125	1733.41101074219	1405.76904296875	1855.88708496094	3.19942760467529	1.99150140822724e-11	1.53613635700545e-10	55.7070503234863	6.71688106271772e-15	4.19965467566771e-13	211.675231933594	186.756729125977	127.128089904785	44	209.614990234375	77.286506652832	342.136871337891	312.431671142578	204.223342895508	170.143203735352	0.15108248591423	29.0564441680908	709.861999511719	220.916519165039	133.289779663086	17.8221321105957	23.5325298309326	9.7895565032959	11.3740110397339	2.47739672660828	11.1616020202637	52.2630233764648	6.53557395935059	6	6	0.710901081562042	0.712820887565613
0.71466	1954848.19418577	-4295743.43333954	0.711893022060394	0.710283994674683	285	560	0	513.412048339844	2445.59301757812	1297.0166015625	1754.26013183594	3.5279176235199	1.8342985116937e-11	2.11562545260335e-10	29.4496459960938	6.85041750091825e-15	3.79743762476958e-13	214.737777709961	221.817077636719	126.982284545898	37	303.158416748047	106.017936706543	342.286712646484	174.481292724609	233.842712402344	148.520416259766	0.160482808947563	43.7561645507812	659.019592285156	208.240188598633	134.089569091797	11.4462585449219	17.8535289764404	12.837085723877	13.2527055740356	2.34459280967712	8.11084651947021	62.5749664306641	4.26259613037109	8.98938846588135	6	0.713056623935699	0.714546799659729
0.71301	1954993.86952375	-4294194.21536266	0.711893022060394	0.710283994674683	285	560	0	533.865905761719	2421.69311523438	1298.01281738281	1763.86999511719	3.42735433578491	1.8393279954676e-11	2.09684533625243e-10	30.2991180419922	6.84596803684633e-15	3.81026726012715e-13	207.725433349609	213.490341186523	124.637786865234	43	302.576507568359	106.290145874023	343.799499511719	163.937026977539	215.067337036133	177.380172729492	0.159912511706352	44.2550277709961	690.2138671875	220.123123168945	138.997360229492	11.095193862915	15.9926347732544	11.4948472976685	12.7820482254028	2.41536569595337	7.73346138000488	64.5378646850586	4.41345739364624	8.91349506378174	6	0.712695479393005	0.714333176612854
0.71188	1954004.77903053	-4323853.07313662	0.726557016372681	0.717988014221191	771	560	0	142.438217163086	3461.87060546875	1151.86682128906	1523.63110351562	3.56152367591858	1.69210010586562e-11	2.64148092288252e-10	3.64306807518005	6.97239151587229e-15	3.43024924871066e-13	217.532760620117	209.023529052734	113.506484985352	49	275.093414306641	98.5496673583984	336.788024902344	293.043792724609	275.884124755859	236.030654907227	0.202906623482704	27.3964538574219	374.963836669922	162.456756591797	103.38200378418	24.7150840759277	28.8887004852295	10.9140386581421	3.61054039001465	2.24669575691223	7.77581691741943	53.0780792236328	7.6235671043396	6	6	0.725041270256042	0.718811690807343
0.716163	1966064.85723328	-4159684.06281635	0.711893022060394	0.710283994674683	285	730	0	730.830932617188	897.907836914062	1543.42895507812	2255.81860351562	3.21775722503662	2.6501564831527e-11	5.94593541070054e-11	150.506057739258	6.17388550968267e-15	4.11047823382915e-13	220.164001464844	185.641815185547	137.644454956055	20	264.784057617188	57.8403739929199	325.411041259766	52.7764854431152	183.182800292969	54.9247589111328	0.115571811795235	41.6144599914551	1353.06103515625	265.256713867188	146.88508605957	35.7881278991699	9.40893459320068	6.71918773651123	14.4540996551514	1.56423556804657	13.1498117446899	59.5963020324707	4.96359062194824	7.59162998199463	6	0.711893022060394	0.711893022060394
0.715534	1963385.0713994	-4202018.8664351	0.711893022060394	0.710283994674683	285	730	0	1015.33966064453	1238.64221191406	1398.41906738281	2067.91357421875	3.52254724502563	2.35593940189904e-11	6.95071361578314e-11	112.054870605469	6.42533952205284e-15	4.57122621005945e-13	207.677093505859	175.329650878906	132.474090576172	23	215.900283813477	61.4131317138672	317.425384521484	104.316558837891	167.010162353516	66.2413635253906	0.124687656760216	21.0971145629883	1204.09851074219	291.166839599609	143.530944824219	13.7248849868774	8.77235412597656	7.84436321258545	13.1232118606567	1.85373091697693	13.815299987793	56.0816955566406	4.56485748291016	6.45945453643799	6	0.711893022060394	0.712029099464417
0.717906	1968684.85378286	-4127876.11895102	0.711893022060394	0.710283994674683	285	730	0	822.919128417969	889.185485839844	1564.32287597656	2310.4931640625	3.25076150894165	2.87139773763601e-11	5.17549822443009e-11	180.443557739258	5.98837936500334e-15	3.77303277596802e-13	205.852905273438	172.895797729492	135.562942504883	31	209.039688110352	57.7626571655273	321.786407470703	52.5521583557129	169.331024169922	59.5841522216797	0.132225334644318	70.4739761352539	1477.38195800781	260.461578369141	181.436126708984	33.3728103637695	8.63468647003174	5.88486385345459	13.8430805206299	1.07993686199188	14.5196447372437	55.5197334289551	6.25412130355835	6.24672651290894	6	0.711893022060394	0.711337029933929
0.714366	1968278.83512103	-4179393.00002783	0.711893022060394	0.710283994674683	285	730	0	830.738647460938	1017.37908935547	1483.36694335938	2186.4833984375	3.34697508811951	2.50620548619684e-11	6.4058966464664e-11	131.644561767578	6.30672356921819e-15	4.36428914925638e-13	222.259307861328	171.055053710938	134.081466674805	24	294.240356445312	61.7539367675781	332.356536865234	77.6133117675781	188.35383605957	65.0606460571289	0.122157521545887	27.9746780395508	1469.09875488281	287.013946533203	169.54801940918	31.4128456115723	8.51583862304688	6.37912845611572	13.4594745635986	1.58260321617126	16.2716655731201	57.3307418823242	6.01738357543945	6	6	0.711893022060394	0.711893022060394
0.71286	1959791.44813515	-4301218.65973049	0.715143024921417	0.712998986244202	448	560	0	673.327331542969	2712.19702148438	1222.38439941406	1685.1572265625	4.02900743484497	1.81085337697118e-11	2.23539228794145e-10	21.6476135253906	6.89502903218424e-15	3.75081340769565e-13	210.25764465332	207.916198730469	121.532272338867	49	252.294464111328	106.574279785156	358.475738525391	190.060272216797	246.404876708984	211.819869995117	0.171962663531303	44.6653785705566	673.273498535156	225.385238647461	135.517440795898	17.7884159088135	22.4394836425781	13.749885559082	5.75677585601807	2.28925609588623	10.1408319473267	54.9124984741211	5.66151571273804	6	6	0.715143024921417	0.715831995010376
0.721524	1964880.25635537	-4236669.11078253	0.714218020439148	0.712720990180969	407	560	0	851.806884765625	1528.10754394531	1372.93481445312	1895.40869140625	3.60382866859436	2.14304945317378e-11	1.01373340277711e-10	78.4794921875	6.61541583299907e-15	4.63108338569912e-13	293.778045654297	194.191207885742	129.050430297852	40	277.702606201172	78.099494934082	347.745971679688	181.91081237793	221.582305908203	110.018608093262	0.160462141036987	15.2991609573364	929.705688476562	246.75276184082	146.23095703125	15.2714395523071	21.2044811248779	8.69110774993896	12.9537382125854	2.03372836112976	10.0582408905029	56.1202392578125	6.64822912216187	6	6	0.714210629463196	0.713376581668854
0.71581	1960963.92745195	-4308925.79050529	0.715143024921417	0.712998986244202	448	560	0	592.328002929688	3285.48754882812	1199.81628417969	1551.42639160156	3.9328830242157	1.77709912757562e-11	2.36961839039651e-10	15.9653644561768	6.93090850079699e-15	3.66485813051154e-13	194.470520019531	204.317886352539	112.546165466309	54	282.261535644531	109.603965759277	356.395660400391	320.511138916016	309.954986572266	227.357360839844	0.16635861992836	41.823860168457	278.576354980469	149.834808349609	101.225395202637	47.5652236938477	30.7269802093506	10.5478105545044	3.40829610824585	2.9772572517395	7.03848648071289	49.3943634033203	8.16571426391602	6	6	0.715436279773712	0.716723442077637
0.71607	1961782.46672326	-4307740.13686534	0.715143024921417	0.712998986244202	448	560	0	741.352844238281	3211.73095703125	1183.52209472656	1569.82348632812	3.95278429985046	1.78347388940514e-11	2.35217290089906e-10	15.7563753128052	6.92998142323622e-15	3.68387612081911e-13	181.253509521484	198.426498413086	114.563461303711	50	281.996490478516	111.278633117676	359.244232177734	332.072143554688	296.475952148438	233.552276611328	0.16839025914669	43.2145233154297	293.681457519531	154.481781005859	101.768142700195	49.7808074951172	29.738899230957	10.7186527252197	3.27518224716187	2.8913094997406	7.18935489654541	49.1296653747559	8.12447357177734	6	6	0.715179681777954	0.716603577136993
0.71681	1973159.0778162	-4261982.75431635	0.714832007884979	0.712261021137238	426.799987792969	560	0	543.174682617188	1950.65466308594	1362.4658203125	1771.63366699219	3.04546165466309	2.02511150210194e-11	1.48756632012415e-10	54.3023834228516	6.76594248157211e-15	4.40075574722684e-13	225.86067199707	191.698623657227	127.956245422363	39	285.939910888672	82.4347457885742	353.220886230469	244.573318481445	200.901000976562	173.492767333984	0.173876360058784	36.0256423950195	804.7314453125	236.53857421875	141.55517578125	15.3792762756348	23.7829933166504	8.55863475799561	4.62107992172241	2.51330018043518	10.5134868621826	52.7944526672363	6.34882497787476	6.13307619094849	6	0.713320851325989	0.713490843772888
0.71071	1968744.30590344	-4323800.19321437	0.718111991882324	0.712402999401093	771	560	0	117.225311279297	3856.94018554688	1119.646484375	1508.94360351562	3.68790721893311	1.70801654070241e-11	2.66108829416467e-10	0.735067903995514	7.05645741830492e-15	3.53524636865013e-13	191.810943603516	188.355178833008	114.338340759277	57	266.627075195312	82.6008377075195	348.383605957031	250.536651611328	276.89794921875	213.103881835938	0.198009297251701	38.8092231750488	308.5849609375	135.692993164062	85.6854782104492	36.1670074462891	26.5158767700195	9.40142917633057	4.16863536834717	2.3193633556366	7.29493713378906	57.9991912841797	5.76627922058105	6	6	0.721166551113129	0.718826115131378
0.70949	1968863.86741289	-4324108.0694207	0.718111991882324	0.712402999401093	771	560	0	117.225311279297	3856.94018554688	1119.646484375	1508.94360351562	3.68790721893311	1.70801654070241e-11	2.66108829416467e-10	0.735067903995514	7.05645741830492e-15	3.53524636865013e-13	191.810943603516	188.355178833008	114.338340759277	57	266.627075195312	82.6008377075195	348.383605957031	250.536651611328	276.89794921875	213.103881835938	0.198009297251701	38.8092231750488	308.5849609375	135.692993164062	85.6854782104492	36.1670074462891	26.5158767700195	9.40142917633057	4.16863536834717	2.3193633556366	7.29493713378906	57.9991912841797	5.76627922058105	6	6	0.721166551113129	0.718826115131378
0.70979	1969106.68221688	-4323945.90635541	0.718111991882324	0.712402999401093	771	560	0	117.225311279297	3856.94018554688	1119.646484375	1508.94360351562	3.68790721893311	1.70801654070241e-11	2.66108829416467e-10	0.735067903995514	7.05645741830492e-15	3.53524636865013e-13	191.810943603516	188.355178833008	114.338340759277	57	266.627075195312	82.6008377075195	348.383605957031	250.536651611328	276.89794921875	213.103881835938	0.198009297251701	38.8092231750488	308.5849609375	135.692993164062	85.6854782104492	36.1670074462891	26.5158767700195	9.40142917633057	4.16863536834717	2.3193633556366	7.29493713378906	57.9991912841797	5.76627922058105	6	6	0.721166551113129	0.718826115131378
0.718692	1975734.91123956	-4234937.06851762	0.714218020439148	0.712720990180969	407	560	0	907.765075683594	1604.62670898438	1354.72241210938	1913.0224609375	3.6145122051239	2.16219455534405e-11	9.79371653220262e-11	79.1722717285156	6.6568615786247e-15	4.81519555131649e-13	295.292541503906	191.650466918945	128.623748779297	29	221.010070800781	74.7535400390625	349.874298095703	170.750991821289	203.053482055664	104.590278625488	0.166689112782478	17.4428195953369	833.057556152344	221.046722412109	138.618804931641	13.7560110092163	22.4351749420166	8.46292209625244	14.3966951370239	1.93424248695374	8.2155933380127	60.9329566955566	6.35805130004883	8.055832862854	6	0.713658630847931	0.713330686092377
0.717361	1977575.87804625	-4213145.90358269	0.711893022060394	0.710283994674683	285	730	0	962.7490234375	1359.43566894531	1387.3271484375	2049.15161132812	3.56186175346375	2.2863355306213e-11	7.22956763898885e-11	99.7794876098633	6.55304202082916e-15	4.90025283805123e-13	227.381408691406	182.471725463867	130.189468383789	24	207.006561279297	65.522102355957	325.774322509766	84.7302780151367	154.971038818359	70.478385925293	0.130491137504578	21.5349082946777	1375.01184082031	320.460205078125	164.064025878906	12.5160818099976	8.17111682891846	6.73264026641846	12.7539176940918	1.46808123588562	15.0868444442749	55.9995193481445	5.75686264038086	6	6	0.712064981460571	0.712279915809631
0.715734	1978076.6337633	-4209396.29438087	0.711893022060394	0.710283994674683	285	730	0	985.561828613281	1346.3349609375	1388.15979003906	2055.47338867188	3.56122708320618	2.3055361439428e-11	7.15158904318614e-11	102.890800476074	6.53391262874837e-15	4.85944563668322e-13	227.449340820312	174.204574584961	131.057922363281	24	214.360153198242	65.4772109985352	322.158477783203	108.144790649414	139.861251831055	68.6177215576172	0.12692528963089	22.2290649414062	1539.66845703125	307.2490234375	179.148666381836	13.300121307373	8.04524230957031	6.64192914962769	12.8412065505981	1.44022238254547	17.017406463623	55.5883293151855	5.56364154815674	6	6	0.711893022060394	0.712175965309143
0.71295	1970428.38861885	-4316491.68462589	0.718111991882324	0.712402999401093	771	560	0	185.053955078125	3982.87231445312	1128.00561523438	1505.34289550781	3.69870162010193	1.74235088162833e-11	2.52502352360295e-10	3.26965117454529	7.04691855676941e-15	3.66397152418499e-13	212.143539428711	200.861892700195	108.762893676758	61	269.918060302734	90.7823333740234	366.328094482422	394.250183105469	312.504425048828	251.311889648438	0.175775393843651	46.816707611084	202.336181640625	118.683288574219	76.6415863037109	60.9909057617188	29.2516994476318	9.98718357086182	3.69837117195129	2.9516818523407	5.18095350265503	52.9622192382812	9.87089252471924	6	6	0.719517886638641	0.717626094818115
0.714732	1977339.37757156	-4229189.07948715	0.711893022060394	0.710283994674683	285	560	0	891.939758300781	1470.44641113281	1369.39855957031	2014.67565917969	3.55788969993591	2.1871475117119e-11	8.89004841964081e-11	84.4033432006836	6.65482446438655e-15	4.94133867937757e-13	229.883834838867	199.89079284668	125.667427062988	25	199.906661987305	68.1825103759766	331.505584716797	100.918586730957	180.28645324707	73.0561065673828	0.164328247308731	17.6672058105469	1319.73046875	360.918884277344	176.424072265625	11.5122222900391	14.2281150817871	6.8758807182312	13.879732131958	1.61396062374115	15.8872060775757	54.8000297546387	6.11871719360352	6	6	0.712721526622772	0.713102340698242
0.71569	1971253.78866184	-4318055.21915872	0.718111991882324	0.712402999401093	771	560	0	147.107055664062	3979.20751953125	1132.84143066406	1492.59216308594	3.64255023002625	1.73613120407756e-11	2.54138154964778e-10	2.16578888893127	7.0678546701267e-15	3.67038132742872e-13	218.486282348633	200.503265380859	107.775825500488	63	270.403350830078	87.9743881225586	368.292205810547	491.141418457031	330.427429199219	251.341018676758	0.182082697749138	47.3502082824707	206.424346923828	124.881576538086	73.9658889770508	60.0782928466797	31.1733226776123	10.0285940170288	3.57251143455505	2.99726128578186	5.55669260025024	52.4978179931641	10.3484134674072	6	6	0.719626486301422	0.717648386955261
0.71268	1971787.50778032	-4321010.23592651	0.718111991882324	0.712402999401093	771	560	0	83.0741882324219	2296.48657226562	1138.89880371094	1490.30102539062	3.61270356178284	1.72048538610303e-11	2.59727711560132e-10	-0.027047835290432	7.08518877587578e-15	3.63064369150387e-13	170.79899597168	192.549880981445	110.777992248535	62	287.220611572266	83.8148727416992	344.776092529297	417.200988769531	299.842529296875	228.472396850586	0.196427136659622	45.5554580688477	268.797760009766	131.298538208008	92.3557281494141	53.074634552002	27.8615837097168	9.71819686889648	3.82386827468872	2.50923681259155	6.58144474029541	55.7191963195801	9.16262912750244	6	6	0.720256268978119	0.718007385730743
0.715297	1985034.21871478	-4138496.78347202	0.711893022060394	0.710283994674683	285	730	0	822.052062988281	983.920471191406	1547.45483398438	2306.3642578125	3.24944758415222	2.75418316625364e-11	5.47776025927593e-11	169.189437866211	6.17310412178882e-15	4.12545892629693e-13	237.951538085938	187.323760986328	137.642044067383	31	202.229278564453	66.9285430908203	330.828277587891	49.068244934082	188.884979248047	57.3263854980469	0.115437380969524	69.3856353759766	1530.15478515625	291.620269775391	176.828247070312	34.3273048400879	8.38363552093506	6.72732734680176	14.2490739822388	1.76664745807648	14.9567775726318	56.7481155395508	6.91850423812866	6	6	0.711893022060394	0.711522340774536
0.71681	1977222.32751048	-4249418.73612619	0.715143024921417	0.712998986244202	448	560	0	925.345886230469	1976.36291503906	1308.79614257812	1775.99938964844	3.35091042518616	2.08427251152665e-11	1.26582175297152e-10	65.4714050292969	6.7661466165124e-15	4.69510281347896e-13	308.038269042969	189.733322143555	122.032905578613	37	226.781768798828	90.219970703125	346.06201171875	240.845947265625	219.595733642578	151.065185546875	0.19117958843708	29.3784275054932	826.267822265625	205.056335449219	140.012634277344	17.4290370941162	24.0874767303467	8.52342891693115	3.26146173477173	2.24901127815247	10.3829593658447	53.4065055847168	9.62300395965576	6	5.96976900100708	0.714139938354492	0.713595151901245
0.712778	1983235.9668108	-4165721.57571081	0.711893022060394	0.710283994674683	285	730	0	857.933959960938	1056.39514160156	1496.61962890625	2212.85864257812	3.30992436408997	2.58252239038192e-11	6.15150916316587e-11	144.381072998047	6.33155434006695e-15	4.45713724175206e-13	236.590530395508	191.062561035156	132.206069946289	21	219.449813842773	62.2344665527344	328.918212890625	68.656608581543	175.720642089844	57.3204536437988	0.121614262461662	40.4911842346191	1486.45471191406	269.772888183594	198.696655273438	30.4621238708496	8.07430458068848	6.04003238677979	13.2975559234619	1.71001088619232	15.6526145935059	59.1495475769043	5.20709371566772	6	6	0.711893022060394	0.711893022060394
0.72544	1976825.37680703	-4257341.54582969	0.712836027145386	0.707082986831665	771	560	0	551.185180664062	2042.27197265625	1364.78735351562	1705.93591308594	3.01959681510925	2.0434952341386e-11	1.4149922900053e-10	57.6928825378418	6.79774052192851e-15	4.56493024804383e-13	226.572067260742	196.411026000977	124.64697265625	47	275.969573974609	92.906623840332	351.621917724609	302.303100585938	263.083923339844	224.398574829102	0.194711655378342	35.0298233032227	741.310913085938	231.99006652832	137.406509399414	17.7384395599365	27.5850677490234	8.28006839752197	3.0758011341095	2.57630395889282	11.2229890823364	49.7928009033203	8.21892070770264	6	6	0.713524162769318	0.713696956634521
0.71002	1972213.99905167	-4321046.67068169	0.718111991882324	0.712402999401093	771	560	0	68.131950378418	3914.80810546875	1142.52355957031	1476.28161621094	3.60288643836975	1.71944576632388e-11	2.59477772601713e-10	-0.804243385791779	7.10047221485956e-15	3.64960692960173e-13	170.79899597168	192.549880981445	110.777992248535	62	286.837615966797	91.058479309082	343.148315429688	473.3759765625	302.429290771484	233.553024291992	0.198926225304604	46.7373161315918	282.498565673828	129.877838134766	97.4142074584961	50.6974792480469	27.3899326324463	10.3459463119507	3.59260821342468	2.36840558052063	6.68247079849243	54.7255058288574	10.15065574646	6	5.85418033599854	0.719410002231598	0.717880666255951
0.714311	1979961.64731732	-4217318.1162401	0.712577998638153	0.710089027881622	302.049987792969	560	0	944.208435058594	1394.83801269531	1382.00708007812	2033.25708007812	3.54191851615906	2.25372567830284e-11	7.41277386695494e-11	95.5527267456055	6.6099329887315e-15	5.03726997180126e-13	233.662322998047	193.56526184082	127.522079467773	27	205.291839599609	70.3257446289062	322.877532958984	132.569778442383	163.111602783203	81.8758926391602	0.140759408473969	20.9022579193115	1290.26318359375	312.322662353516	160.195404052734	12.5983171463013	10.9677400588989	7.82385492324829	13.8919811248779	1.8098316192627	14.6813049316406	56.3343467712402	5.80259370803833	6	6	0.712594509124756	0.712480545043945
0.72093	1978089.87318941	-4244903.87621059	0.711893022060394	0.710283994674683	285	560	0	766.026672363281	1642.931640625	1358.92541503906	1912.00573730469	3.55235266685486	2.11004616557098e-11	1.17185969261691e-10	69.7063064575195	6.73813862507849e-15	4.75753496927828e-13	241.935974121094	178.919052124023	127.816581726074	28	233.096649169922	73.9744033813477	349.267242431641	172.726165771484	189.424606323242	102.78231048584	0.182031691074371	25.5794620513916	1056.54919433594	280.705291748047	137.698272705078	13.8711338043213	18.9792442321777	8.95958042144775	14.3530359268188	1.86521637439728	10.7267627716064	54.7494659423828	5.68783378601074	6	6	0.713115215301514	0.713497936725616
0.716012	1982617.13874775	-4185769.54905851	0.711893022060394	0.710283994674683	285	730	0	999.604187011719	1229.29736328125	1427.26599121094	2110.49487304688	3.4608302116394	2.45582235103292e-11	6.64878638256816e-11	125.582229614258	6.44537312180483e-15	4.6973628329075e-13	218.384002685547	186.584732055664	133.329620361328	20	213.895812988281	68.822265625	338.140380859375	100.96989440918	165.404403686523	66.400016784668	0.128993794322014	28.7584953308105	1549.38671875	255.907440185547	182.081314086914	10.9846153259277	7.89445209503174	6.92117643356323	12.5059232711792	1.14171063899994	13.6163845062256	57.5779609680176	5.28401470184326	7.56915473937988	6	0.711893022060394	0.711893022060394
0.71085	1973604.60776835	-4318255.05845847	0.718111991882324	0.712402999401093	771	560	0	196.240524291992	4094.357421875	1118.05676269531	1485.38342285156	3.55650949478149	1.72887034549651e-11	2.55523352477027e-10	0.897283554077148	7.1040784576325e-15	3.69572997422143e-13	189.586120605469	182.861557006836	116.891525268555	54	285.998413085938	88.544921875	347.076202392578	457.054656982422	306.038299560547	250.740982055664	0.189739614725113	49.1127395629883	249.760665893555	115.353324890137	80.2007751464844	54.0357398986816	27.352165222168	9.24465465545654	3.55933356285095	2.69466018676758	6.62215185165405	55.1276588439941	8.03864479064941	6	6	0.718977034091949	0.717525362968445
0.71178	1973731.28843996	-4319230.70870713	0.726557016372681	0.717988014221191	771	560	0	148.032836914062	4050.76123046875	1125.59741210938	1480.50512695312	3.54818415641785	1.72363911338236e-11	2.57375926127068e-10	0.0465465970337391	7.10991493815556e-15	3.68216199718441e-13	179.899490356445	184.7744140625	114.410903930664	57	296.540069580078	87.996467590332	342.702362060547	372.479583740234	284.512664794922	252.367782592773	0.194948375225067	48.5448341369629	236.410018920898	111.259201049805	80.7760467529297	54.8210983276367	27.7798881530762	9.4400520324707	3.79078078269958	2.62985801696777	6.43599462509155	54.7232704162598	8.96697807312012	6	5.98965644836426	0.718700349330902	0.717627763748169
0.71392	1987669.01884257	-4131823.22748054	0.711893022060394	0.710283994674683	285	730	0	824.437866210938	1005.6318359375	1554.79711914062	2302.45727539062	3.22202682495117	2.79458817198375e-11	5.35207746177324e-11	176.0791015625	6.16979857571216e-15	4.11784403233847e-13	231.782440185547	180.747756958008	137.583770751953	32	296.240661621094	69.5025177001953	338.892242431641	77.4741668701172	183.462539672852	65.5431900024414	0.124440461397171	78.4226379394531	1382.92895507812	314.092926025391	179.009048461914	26.5445156097412	12.7010774612427	6.66661977767944	14.2716426849365	1.28399908542633	15.6099653244019	53.9032173156738	6.11272192001343	6.00736474990845	6	0.711210191249847	0.711196005344391
0.71242	1976926.6667457	-4298505.99441782	0.711893022060394	0.710283994674683	285	560	0	568.557800292969	2972.05859375	1207.90856933594	1685.12060546875	3.78982877731323	1.8305829074805e-11	2.17929910228953e-10	19.78444480896	7.0323373080989e-15	4.02947017115809e-13	218.040344238281	211.209823608398	124.686828613281	44	291.241394042969	104.461456298828	353.968078613281	182.1181640625	234.402862548828	158.251831054688	0.177430093288422	60.2818946838379	762.424255371094	215.344451904297	173.42366027832	13.128716468811	19.6948165893555	15.0790748596191	6.99385499954224	2.51694583892822	9.94483184814453	56.616397857666	5.57783985137939	6	6	0.713497936725616	0.715058565139771
0.71971	1983535.7479866	-4259873.49116016	0.714832007884979	0.712261021137238	426.799987792969	560	0	623.457885742188	2039.31872558594	1333.52880859375	1775.31555175781	3.30692338943481	2.02929305304078e-11	1.4576109763631e-10	56.5935935974121	6.90366834472976e-15	4.74093583401752e-13	211.108489990234	197.997543334961	126.29566192627	43	225.45588684082	88.2701873779297	355.553863525391	232.749649047852	224.359466552734	195.4287109375	0.172439023852348	40.0788345336914	846.38720703125	240.759704589844	133.678939819336	17.8020858764648	23.603364944458	8.28585433959961	3.33770942687988	2.51749873161316	11.0798892974854	50.2429847717285	8.86362457275391	6	6	0.714027583599091	0.713939070701599
0.70971	1979656.90276784	-4320490.73782719	0.708513021469116	0.708510994911194	32.75	560	0	15.7020969390869	3975.9951171875	1155.03198242188	1466.24426269531	3.61607623100281	1.71216894828685e-11	2.57728088870479e-10	2	7.20745586422957e-15	3.78234824103402e-13	171.288940429688	209.514755249023	111.678680419922	62	283.507995605469	87.5867385864258	351.555969238281	391.462585449219	292.408721923828	238.283599853516	0.207758843898773	56.2087287902832	300.743286132812	133.847381591797	92.7167205810547	53.2988204956055	28.8880710601807	10.2479686737061	3.48036623001099	2.45647168159485	7.64966869354248	55.5103187561035	8.19913864135742	6	6	0.71400111913681	0.716765344142914
0.718996	1986171.80001481	-4245310.07522755	0.711893022060394	0.710283994674683	285	560	0	829.509643554688	1747.08337402344	1336.05285644531	1897.87524414062	3.66774106025696	2.10135416012225e-11	1.20236001710516e-10	69.8594284057617	6.84871538821075e-15	4.9929027925999e-13	284.058227539062	188.253952026367	130.241119384766	34	255.940673828125	79.5785217285156	350.924194335938	174.470993041992	208.918487548828	117.064163208008	0.16731558740139	29.5061340332031	958.765319824219	221.052154541016	146.435775756836	14.8131713867188	22.7941455841064	8.71915054321289	13.7207307815552	2.08515381813049	9.90605449676514	57.7157249450684	6.30596923828125	6	6	0.713579416275024	0.713583111763
0.715474	1992999.52585949	-4217863.37245185	0.713784992694855	0.708616018295288	583.75	634.602233886719	0	937.063781738281	1441.88671875	1377.04370117188	2046.73071289062	3.54266452789307	2.24955609695598e-11	7.75662381546915e-11	96.5527267456055	6.77269333416173e-15	5.48429736953876e-13	252.056396484375	183.1552734375	127.895843505859	22	204.864608764648	73.0469360351562	325.438842773438	129.016387939453	161.311279296875	72.5746917724609	0.151246815919876	24.2598285675049	1503.18493652344	288.340942382812	181.28630065918	12.583044052124	13.4818458557129	7.14260530471802	13.0191669464111	1.12613368034363	16.2312240600586	55.2699241638184	6.15473222732544	6	6	0.712616264820099	0.712441682815552
0.716319	1998060.28261774	-4171658.51502254	0.711893022060394	0.710283994674683	285	730	0	882.083557128906	1187.37805175781	1476.38342285156	2150.60034179688	3.23489499092102	2.53072996586612e-11	6.60998755730446e-11	139.391540527344	6.55453999859638e-15	4.97435046712541e-13	220.833145141602	176.620346069336	132.56803894043	19	221.670745849609	67.9285278320312	336.466705322266	65.658821105957	143.569244384766	58.1655616760254	0.139646619558334	36.305290222168	1632.33361816406	240.0556640625	202.532760620117	21.1781902313232	7.84112977981567	5.69172286987305	12.7275981903076	1.01375269889832	14.8874168395996	56.437442779541	5.45569324493408	6.21093606948853	6	0.711893022060394	0.711893022060394
0.71634	1992584.82699425	-4268505.83307461	0.711893022060394	0.710283994674683	285	560	0	587.249938964844	2240.2548828125	1297.73913574219	1826.45837402344	3.3729305267334	1.97662008288857e-11	1.62516153312531e-10	50.3670272827148	7.08041405115211e-15	4.86207536905259e-13	219.00341796875	196.654205322266	126.694610595703	36	292.776458740234	93.9682464599609	351.721862792969	183.610000610352	217.507141113281	182.151901245117	0.162545084953308	52.5989646911621	947.828308105469	294.948516845703	140.262664794922	12.1494188308716	21.212553024292	8.55660057067871	7.41910600662231	2.48558592796326	10.63512134552	54.2491798400879	6.37672710418701	6	6	0.713620662689209	0.714077055454254
0.71469	1992017.87917527	-4294746.3472755	0.711893022060394	0.710283994674683	285	560	0	665.115051269531	2958.76318359375	1189.55334472656	1690.90148925781	3.81203031539917	1.83898781619396e-11	2.08839945337047e-10	26.2991180419922	7.2270680650903e-15	4.43060139358048e-13	220.63102722168	195.951919555664	122.419715881348	41	271.627288818359	107.083183288574	370.610473632812	251.425323486328	279.439117431641	198.781372070312	0.175880968570709	72.5850219726562	682.349609375	224.516098022461	145.457412719727	15.9158849716187	21.4856643676758	13.7130403518677	10.6076822280884	2.52648615837097	10.1186428070068	53.8977851867676	5.97600555419922	6	6	0.71438068151474	0.71496170759201
0.72072	1997322.43194618	-4246463.67320583	0.711893022060394	0.710283994674683	285	560	0	929.108642578125	1864.8369140625	1307.75317382812	1905.59460449219	3.62001156806946	2.09073210133415e-11	1.23765026005529e-10	71.0124969482422	7.01236257713675e-15	5.34896345966152e-13	278.132415771484	197.795349121094	127.174011230469	26	216.356079101562	61.9782981872559	337.079559326172	165.728042602539	168.086059570312	119.154281616211	0.15945428609848	34.7185096740723	1072.97644042969	258.318939208984	146.046142578125	11.969388961792	18.534387588501	8.79954624176025	14.8318319320679	1.71828186511993	9.52139568328857	59.1112251281738	5.5747275352478	6.41110897064209	6	0.713568329811096	0.713652729988098
0.719381	2005523.40390229	-4148789.0787871	0.711893022060394	0.710283994674683	285	730	0	846.635070800781	1089.55981445312	1517.98669433594	2219.5048828125	3.21803855895996	2.66314036795334e-11	6.13808587290876e-11	161.771484375	6.52132275453686e-15	4.87879159814797e-13	236.564407348633	184.594360351562	134.287384033203	27	211.199600219727	68.9795989990234	342.445434570312	64.7329788208008	168.839752197266	56.2958793640137	0.127261057496071	68.3884735107422	1603.23083496094	288.881927490234	207.825958251953	22.4719161987305	8.14787769317627	5.66922092437744	13.4184942245483	1.34275054931641	15.682788848877	54.7211799621582	6.52912998199463	6.99019861221313	6	0.711502850055695	0.711667418479919
0.716652	2009381.52381091	-4123609.37668747	0.711893022060394	0.710283994674683	285	730	0	946.648071289062	1115.947265625	1511.47692871094	2195.38916015625	3.19340968132019	2.80988166762031e-11	5.51363538159322e-11	184.807220458984	6.42514766909029e-15	4.62207258144359e-13	223.184204101562	187.198669433594	134.750396728516	20	216.483535766602	63.3836631774902	332.015380859375	48.153148651123	164.133560180664	59.2342643737793	0.115914188325405	103.338676452637	1647.13903808594	300.909912109375	196.48860168457	18.0734424591064	16.2202968597412	7.11919689178467	12.5132627487183	1.67256450653076	11.5593709945679	63.1383972167969	4.9021315574646	9	7.65173673629761	0.711112678050995	0.711010634899139
0.7106	1996124.06924627	-4320308.55690454	0.708513021469116	0.708510994911194	32.75	560	0	56.3280601501465	4282.15087890625	1152.333984375	1474.36804199219	3.38408255577087	1.69553607265449e-11	2.53728815735599e-10	4.19575643539429	7.4519891939042e-15	4.08575761114485e-13	169.774765014648	166.261199951172	110.986862182617	57	281.581634521484	80.4571838378906	353.973175048828	334.717895507812	294.582550048828	220.710861206055	0.206622362136841	64.5112075805664	250.803024291992	127.910049438477	87.7521820068359	48.0607490539551	28.9564876556396	9.83428192138672	3.37507343292236	2.45841455459595	6.04700899124146	58.9801979064941	7.79284572601318	6	6	0.710021436214447	0.714936137199402
0.70939	1996056.26559268	-4324813.10712641	0.708513021469116	0.708510994911194	32.75	560	0	54.793701171875	4299.2529296875	1138.61853027344	1465.20446777344	3.53422808647156	1.67388516242317e-11	2.6066224179111e-10	1.9308522939682	7.4779516007705e-15	4.01697311481694e-13	175.119659423828	177.938980102539	108.805053710938	62	284.980163574219	88.1167831420898	349.937866210938	381.758178710938	314.289703369141	211.370300292969	0.22832365334034	64.5112075805664	281.1533203125	121.124153137207	88.1457595825195	43.7768669128418	29.4215221405029	10.1293697357178	3.39452028274536	2.47470879554749	6.36064910888672	59.6857452392578	6.56360197067261	6	6	0.708513021469116	0.714870572090149
0.70936	1996098.11474091	-4325231.41481655	0.708513021469116	0.708510994911194	32.75	560	0	57.988395690918	4327.93115234375	1134.4716796875	1458.55554199219	3.58416080474854	1.66846848836943e-11	2.62393856642618e-10	1.72213709354401	7.48445511973951e-15	3.99971451358477e-13	174.129669189453	167.396041870117	109.711486816406	55	285.022216796875	90.4070663452148	347.894470214844	381.758178710938	299.241302490234	237.754577636719	0.233443915843964	64.5112075805664	260.624847412109	118.240791320801	88.3692016601562	43.8670196533203	29.0514354705811	10.3761539459229	3.38426089286804	2.4979567527771	6.04581117630005	58.3368148803711	6.52157163619995	6	6	0.708513021469116	0.714857637882233
0.712336	2006486.16552982	-4186473.42979323	0.711893022060394	0.710283994674683	285	730	0	884.874084472656	1270.0185546875	1450.13537597656	2112.2001953125	3.26678395271301	2.43135216820844e-11	7.23192686291618e-11	127.297622680664	6.76329169196368e-15	5.48377478409162e-13	198.17822265625	182.175704956055	131.671371459961	20	211.373641967773	70.2257919311523	332.248046875	76.5023727416992	125.310592651367	60.250114440918	0.136254534125328	33.7556266784668	1482.53430175781	254.681381225586	206.077514648438	10.1625843048096	8.04827880859375	6.07464265823364	12.6896934509277	0.822118818759918	13.9678564071655	57.7180633544922	6.39866256713867	6.02180576324463	6	0.711893022060394	0.711893022060394
0.715193	2004491.2247042	-4215914.08831248	0.713784992694855	0.708616018295288	583.75	730	0	844.700378417969	1454.0634765625	1402.65502929688	2060.76171875	3.4068489074707	2.25773340994939e-11	8.01619604029469e-11	100.243583679199	6.91100492060241e-15	5.8657852880506e-13	244.060195922852	183.864471435547	127.531646728516	25	253.147430419922	67.6455917358398	319.599395751953	104.815330505371	162.044082641602	73.5752792358398	0.144044354557991	28.3356037139893	1355.15747070312	290.276519775391	180.914993286133	10.7312421798706	17.1401882171631	7.13765907287598	14.6543350219727	0.835535228252411	13.062427520752	58.2347831726074	5.49612665176392	8.18026733398438	6	0.712835788726807	0.712396442890167
0.71776	2001797.39955804	-4266837.27596441	0.714218020439148	0.712720990180969	407	560	0	614.359680175781	2251.00341796875	1293.66772460938	1843.56225585938	3.39144682884216	1.98174688464947e-11	1.59263630061801e-10	53.063102722168	7.19168326371875e-15	5.14142927451194e-13	240.028015136719	198.193252563477	127.768905639648	37	236.840866088867	89.2144775390625	350.558227539062	199.009033203125	222.007598876953	153.206207275391	0.164976924657822	52.3093147277832	1049.71325683594	272.327056884766	132.523361206055	10.933012008667	19.8773880004883	8.97418212890625	9.65200328826904	2.31091904640198	10.2594404220581	55.2350006103516	5.88153791427612	6	6	0.713398456573486	0.714027762413025
0.72276	2008755.74827809	-4243149.07620342	0.714218020439148	0.712720990180969	407	560	0	779.002136230469	1782.27709960938	1345.68530273438	1940.02600097656	3.47330188751221	2.10736341571538e-11	1.18443380103805e-10	75.7998199462891	7.13112040799007e-15	5.75741711250632e-13	210.772308349609	184.109817504883	127.20970916748	24	217.181991577148	64.0623779296875	338.589447021484	163.677856445312	181.520874023438	100.12232208252	0.160421550273895	34.5588188171387	981.204650878906	242.648971557617	169.818557739258	10.3607187271118	17.6650867462158	7.19768762588501	12.8618717193604	1.99078047275543	8.15621852874756	61.9196014404297	4.47386837005615	9	8.27321815490723	0.714197754859924	0.713642060756683
0.713016	2016856.34541543	-4197952.97270663	0.711893022060394	0.710283994674683	285	730	0	895.14404296875	1353.02404785156	1427.70141601562	2097.07690429688	3.30919194221497	2.3590622511005e-11	7.79118228266817e-11	118.452194213867	6.95718261578787e-15	5.98322118846445e-13	222.031585693359	192.887115478516	129.577560424805	21	200.893402099609	68.3427124023438	324.307891845703	75.4670257568359	126.962951660156	70.4386825561523	0.134106412529945	35.0954895019531	1632.49670410156	255.898422241211	204.815963745117	20.7424049377441	7.17757081985474	5.69659280776978	13.879732131958	0.806312441825867	14.4536571502686	57.436653137207	6.20314741134644	6	6	0.711893022060394	0.712084054946899
0.724875	2014933.66265168	-4242879.81718997	0.714218020439148	0.712720990180969	407	560	0	779.27490234375	1819.13195800781	1345.54528808594	1939.19592285156	3.43685865402222	2.10485066876043e-11	1.19415075050533e-10	75.5839767456055	7.209343900669e-15	5.94614038996327e-13	207.682083129883	190.142807006836	127.599754333496	30	213.604751586914	63.29296875	347.287811279297	207.530685424805	188.591751098633	109.447296142578	0.163757637143135	36.3410987854004	954.943786621094	224.267791748047	135.200119018555	11.0258913040161	19.0700206756592	9.48244094848633	14.5491695404053	1.71828186511993	8.55686092376709	61.5481567382812	4.27910089492798	8.7903413772583	6	0.714218020439148	0.713636875152588
0.714814	2020839.28830681	-4170655.13374269	0.711893022060394	0.710283994674683	285	730	0	807.012878417969	1194.35986328125	1490.56286621094	2156.44116210938	3.1809458732605	2.5144409124267e-11	7.078088809509e-11	143.234680175781	6.85246986174945e-15	5.67444474654927e-13	210.168045043945	188.233154296875	136.765747070312	24	238.650131225586	75.9539413452148	340.371185302734	93.9628982543945	147.486450195312	58.7040023803711	0.13069374859333	44.8348579406738	1553.01293945312	279.333099365234	238.489898681641	26.3569946289062	8.21088981628418	5.07302856445312	11.8074922561646	1.70952725410461	13.5927000045776	58.1391487121582	5.62593078613281	8.85411930084229	6	0.711893022060394	0.711804389953613
0.71162	2010225.17345084	-4325005.81202755	0.714832007884979	0.712261021137238	426.799987792969	560	0	40.258975982666	1950.466796875	1153.69555664062	1466.39636230469	3.47055125236511	1.65781156163947e-11	2.56594301362156e-10	1.00423896312714	7.70894002658559e-15	4.29175765022036e-13	148.924453735352	152.135925292969	110.404754638672	53	306.560485839844	93.7114868164062	350.976104736328	455.341674804688	349.428680419922	251.829620361328	0.176465108990669	48.5586471557617	269.21630859375	104.882431030273	89.3653945922852	44.3491592407227	27.6957988739014	9.92884349822998	3.26917743682861	2.48038005828857	6.23076248168945	62.1293182373047	6.19044303894043	6	6	0.711544990539551	0.714023053646088
0.7147	2012978.74967498	-4291151.8548258	0.715143024921417	0.712998986244202	448	560	0	826.323364257812	2963.21459960938	1176.353515625	1723.32482910156	3.82114768028259	1.84352498544538e-11	1.99827834834743e-10	30.6964778900146	7.50491604761339e-15	4.99328822647221e-13	224.128448486328	200.428482055664	122.605102539062	46	263.579925537109	116.374855041504	362.741973876953	255.269104003906	291.826629638672	205.225204467773	0.189867600798607	71.942626953125	574.27294921875	207.857666015625	131.390228271484	24.7363929748535	27.2525939941406	14.0906410217285	3.47849273681641	3.04644727706909	10.0197458267212	49.5918159484863	7.09199237823486	6	6	0.714661538600922	0.71456390619278
0.716689	2025428.94515526	-4127325.59223571	0.711893022060394	0.710283994674683	285	730	0	896.762023925781	1109.44702148438	1512.99462890625	2198.32763671875	3.12745714187622	2.76032755680555e-11	5.89847407028721e-11	183.443557739258	6.67099093521785e-15	5.13047720626658e-13	206.540191650391	186.376480102539	135.188064575195	25	237.944534301758	72.1981582641602	333.885986328125	71.4285888671875	133.437301635742	58.5897178649902	0.128251567482948	111.784484863281	2093.95361328125	369.302093505859	217.84587097168	18.4762840270996	16.6346988677979	7.42144107818604	13.8477687835693	0.883273243904114	14.4014892578125	54.3784065246582	6.35267210006714	7.82409524917603	6	0.711893022060394	0.711123466491699
0.71761	2017433.74369655	-4260765.36032418	0.711893022060394	0.710283994674683	285	560	0	593.48876953125	2184.791015625	1315.59204101562	1888.15173339844	3.44437527656555	2.0049821178314e-11	1.49887824374417e-10	59.1500854492188	7.370317430097e-15	5.69900788886801e-13	210.926651000977	193.956665039062	126.647789001465	35	287.151794433594	91.8730773925781	355.015777587891	166.013549804688	206.391098022461	164.250213623047	0.160397246479988	50.5097160339355	1009.51098632812	268.0341796875	126.909713745117	11.1031923294067	20.8653774261475	9.21586227416992	14.3248558044434	1.88086712360382	9.2327766418457	56.5334510803223	5.44658613204956	7.22716856002808	6	0.7135990858078	0.713974177837372
0.717705	2014568.37830913	-4325358.31498746	0.714832007884979	0.712261021137238	426.799987792969	560	0	42.7602157592773	4730.73388671875	1151.53283691406	1455.91821289062	3.51547169685364	1.64795659757244e-11	2.57140198023365e-10	0.941009879112244	7.7775911999276e-15	4.3447141500827e-13	158.077072143555	140.779937744141	112.423439025879	48	274.575927734375	84.3565444946289	361.778564453125	369.308715820312	294.588256835938	205.681198120117	0.176480367779732	44.968807220459	430.964019775391	150.588745117188	95.5008773803711	41.5840072631836	27.7877330780029	9.928879737854	2.85455942153931	2.18328547477722	7.89469575881958	56.4061317443848	7.87606954574585	6	6	0.71326071023941	0.713903605937958
0.715569	2027644.17965354	-4154144.24080831	0.711893022060394	0.710283994674683	285	730	0	846.113220214844	1145.47985839844	1501.00256347656	2178.6162109375	3.20724606513977	2.60590854450626e-11	6.71264294149765e-11	159.560668945312	6.84797846954664e-15	5.61051530754975e-13	212.086410522461	197.009307861328	131.037414550781	19	206.571090698242	72.7572860717773	338.251556396484	70.1680450439453	136.80647277832	59.3498344421387	0.122030429542065	73.7769241333008	1639.35778808594	264.615417480469	214.389724731445	25.2992420196533	9.55143451690674	6.16722536087036	13.8673191070557	1.09430170059204	14.3606300354004	56.0268096923828	5.78784084320068	6.02629947662354	6	0.711015105247498	0.711546540260315
0.70932	2015166.49527068	-4330819.94266253	0.708513021469116	0.708510994911194	32.75	560	0	76.3318481445312	4419.78369140625	1126.25366210938	1453.26354980469	3.64565396308899	1.62008878534792e-11	2.65282878997297e-10	-0.630133807659149	7.81293703778357e-15	4.24273544899142e-13	159.668685913086	161.477828979492	110.663681030273	61	301.438568115234	106.126686096191	347.688110351562	446.376281738281	386.062377929688	301.385833740234	0.172651082277298	39.0884628295898	332.227203369141	105.698333740234	93.163818359375	55.835334777832	27.8979110717773	10.1321086883545	2.84182548522949	2.56326103210449	7.32511806488037	58.7279815673828	5.40535449981689	6	6	0.712803184986115	0.713544905185699
0.70973	2015425.55482875	-4330162.15566726	0.715143024921417	0.712998986244202	448	560	0	15.6783180236816	4384.34814453125	1140.98425292969	1451.736328125	3.61503410339355	1.62455396357508e-11	2.63358002072778e-10	0.0819189921021461	7.82140143802549e-15	4.28069553545449e-13	159.668685913086	161.477828979492	110.663681030273	61	301.438568115234	106.126686096191	347.688110351562	446.376281738281	386.062377929688	301.385833740234	0.173704907298088	39.7332077026367	299.739898681641	134.112213134766	94.766227722168	52.943000793457	30.2116165161133	10.0289449691772	3.01037883758545	2.23869180679321	7.199059009552	57.481201171875	6.48408603668213	6	6	0.71357387304306	0.713646709918976
0.71441	2019274.80207727	-4284328.01737453	0.715143024921417	0.712998986244202	448	560	0	799.777587890625	2850.5478515625	1199.4755859375	1733.47998046875	3.71010231971741	1.8712233151863e-11	1.89406990092067e-10	36.7909469604492	7.56378822557935e-15	5.2808332793447e-13	194.025131225586	209.911575317383	125.30982208252	41	231.711898803711	110.162475585938	361.996856689453	193.801177978516	240.593475341797	168.754730224609	0.19995154440403	67.9245834350586	823.589050292969	260.56494140625	160.755630493164	13.0562238693237	20.149923324585	13.1827878952026	14.3730878829956	2.21166563034058	9.66167545318604	56.814624786377	5.54129457473755	6.47384786605835	6	0.714420795440674	0.714285135269165
0.7237	2025300.13754312	-4244543.72047484	0.714218020439148	0.712720990180969	407	560	0	655.668640136719	1885.76293945312	1362.50939941406	1940.533203125	3.33102536201477	2.08918490146592e-11	1.24455182270999e-10	74.7063064575195	7.36667264732496e-15	6.25202905939204e-13	207.870162963867	199.361053466797	127.943168640137	29	262.622924804688	63.2847785949707	343.423828125	145.633087158203	172.633483886719	110.439437866211	0.167561069130898	41.0057373046875	1155.37097167969	222.192306518555	134.19140625	10.6625967025757	19.7721977233887	9.23969268798828	13.4326810836792	1.62889921665192	8.61665153503418	60.6272277832031	5.49080276489258	8.16670703887939	6.07857751846313	0.714251339435577	0.713679194450378
0.71425	2023729.67434489	-4269216.83435841	0.711893022060394	0.710283994674683	285	560	0	833.72265625	2445.44189453125	1252.73388671875	1810.02465820312	3.5351676940918	1.95169314737287e-11	1.64917607348158e-10	51.0891456604004	7.51472130101081e-15	5.68816640924424e-13	216.894546508789	212.478698730469	124.606842041016	31	231.922485351562	95.5586929321289	348.502624511719	165.294799804688	200.845550537109	134.220245361328	0.160386934876442	57.9120559692383	951.677673339844	313.529266357422	174.926116943359	9.68059158325195	18.0581188201904	10.1787586212158	11.4250793457031	2.16138505935669	9.38995361328125	55.6976127624512	6.29136896133423	6.65201473236084	6	0.711933135986328	0.714092373847961
0.71076	2020190.75269654	-4322863.60209576	0.708513021469116	0.708510994911194	32.75	560	0	256.084503173828	4839.0166015625	1123.05651855469	1467.94543457031	3.48159623146057	1.65832469284366e-11	2.50682558045057e-10	5.49401712417603	7.84849209277752e-15	4.51744192183842e-13	131.243728637695	123.736541748047	110.762275695801	49	265.775817871094	83.7543716430664	368.627563476562	400.240936279297	276.346466064453	223.592742919922	0.189069882035255	45.1459121704102	179.991882324219	97.4716033935547	69.545768737793	63.7267112731934	28.162281036377	10.7872724533081	3.07514810562134	3.05113816261292	3.90351581573486	55.6633033752441	9.50529003143311	6	6	0.712407350540161	0.714097619056702
0.71077	2020780.64482673	-4321845.86382894	0.708513021469116	0.708510994911194	32.75	560	0	271.720489501953	4806.49267578125	1124.88818359375	1470.2197265625	3.48712038993835	1.66393669676079e-11	2.49081616443547e-10	6.34491348266602	7.8412804542646e-15	4.53865081368604e-13	126.367294311523	129.743041992188	107.677963256836	59	247.665817260742	90.0842361450195	375.039428710938	495.612609863281	302.622741699219	239.548843383789	0.189870238304138	46.2385368347168	177.503555297852	100.894897460938	67.4024658203125	70.8455200195312	27.7608337402344	10.4720296859741	3.24147915840149	3.02172946929932	3.7713942527771	53.4697914123535	11.6465559005737	6	6	0.712590277194977	0.714121997356415
0.718377	2029955.71025354	-4214030.82612117	0.712577998638153	0.710089027881622	302.049987792969	730	0	934.966552734375	1503.04443359375	1392.78161621094	2043.37524414062	3.436772108078	2.26034729128299e-11	8.60921889334065e-11	103.881446838379	7.21356466584517e-15	6.68727334791896e-13	231.900314331055	176.908813476562	130.852432250977	23	200.023147583008	74.9311218261719	319.748352050781	118.892471313477	160.410827636719	84.0432891845703	0.138920530676842	36.9574165344238	1327.86193847656	322.509429931641	161.233261108398	11.4065256118774	16.5418663024902	8.80733871459961	13.879732131958	1.54052710533142	12.9231948852539	57.2572555541992	5.04014301300049	6.57148790359497	6	0.713355302810669	0.712607681751251
0.71066	2022766.63761648	-4318834.57835197	0.715143024921417	0.712998986244202	448	560	0	394.392425537109	4684.04443359375	1115.39208984375	1482.00671386719	3.49502754211426	1.67871619383142e-11	2.43795789112156e-10	9.89728355407715	7.85012601933277e-15	4.6406948379582e-13	135.87434387207	172.150482177734	104.921989440918	66	253.360885620117	100.01513671875	372.712554931641	510.961334228516	306.017547607422	239.872406005859	0.195388749241829	48.5561637878418	166.165603637695	88.9340438842773	71.6777801513672	81.7914047241211	28.7215099334717	9.14979267120361	3.3687047958374	2.84085154533386	4.45403289794922	47.4009666442871	13.6763248443604	6.10164260864258	5.29983186721802	0.714078962802887	0.714223563671112
0.716765	2024918.32769864	-4293467.82126337	0.715143024921417	0.712998986244202	448	560	0	863.181213378906	3323.4560546875	1161.28771972656	1641.34558105469	3.64425349235535	1.81713515762238e-11	2.03538810805703e-10	30.1485366821289	7.69943631691739e-15	5.21540601504389e-13	198.119781494141	200.291244506836	108.607765197754	48	257.555297851562	123.01887512207	369.065399169922	377.324157714844	306.779296875	218.035507202148	0.196546360850334	71.8323822021484	438.705139160156	178.024932861328	115.416381835938	42.6104278564453	29.217752456665	12.5046167373657	3.29838585853577	2.75433492660522	7.91843843460083	47.8430252075195	8.32688903808594	6	6	0.714942395687103	0.714659869670868
0.71544	2027022.10578207	-4274675.06828438	0.715143024921417	0.712998986244202	448	560	0	867.970520019531	2657.15356445312	1231.1259765625	1765.08557128906	3.43632817268372	1.92188764902568e-11	1.72999517489281e-10	47.2775573730469	7.59180976954042e-15	5.66503820850078e-13	218.567108154297	199.635009765625	124.34203338623	45	280.176147460938	109.01798248291	352.502777099609	151.782135009766	222.347320556641	147.336685180664	0.175730317831039	61.6919288635254	928.411071777344	301.670104980469	171.441436767578	11.224006652832	19.0515899658203	10.5030269622803	5.90254878997803	2.32118368148804	11.7022867202759	55.0824356079102	5.46882915496826	6.00076341629028	6	0.713217079639435	0.7141392827034
0.71062	2024075.59957623	-4316964.28781516	0.715143024921417	0.712998986244202	448	560	0	417.7880859375	4609.76416015625	1120.44079589844	1492.15881347656	3.55100226402283	1.68895036845029e-11	2.40379938176716e-10	11.5985984802246	7.85079941052584e-15	4.70313404107164e-13	146.873413085938	166.155517578125	108.717292785645	61	234.114196777344	101.166259765625	376.247589111328	442.542175292969	303.692535400391	247.789093017578	0.198235541582108	50.2500686645508	168.557144165039	88.8469543457031	74.607551574707	83.0990447998047	28.774320602417	9.06798076629639	3.13918995857239	2.65182590484619	4.21416568756104	46.5550346374512	14.9605588912964	6.2268180847168	5.74115610122681	0.715143024921417	0.714317440986633
0.71159	2024647.27494194	-4310559.44998314	0.715143024921417	0.712998986244202	448	560	0	641.842407226562	4134.1005859375	1107.62524414062	1545.62707519531	3.56339550018311	1.72172571338836e-11	2.30636412745788e-10	16.7012729644775	7.82226287053284e-15	4.85255607397816e-13	169.436737060547	200.30598449707	108.326583862305	56	268.720947265625	96.7358016967773	362.477752685547	379.9208984375	326.578521728516	223.136215209961	0.198315814137459	56.0511741638184	230.719985961914	125.318977355957	95.8739166259766	58.7617683410645	29.4920291900635	11.696569442749	2.83319687843323	3.13512587547302	6.30000877380371	50.1639022827148	5.93350219726562	6	6	0.715143024921417	0.714547395706177
0.71101	2024266.22780992	-4317170.01868783	0.715143024921417	0.712998986244202	448	560	0	400.297515869141	4665.421875	1118.28430175781	1486.73132324219	3.51370644569397	1.682306724482e-11	2.41734521289061e-10	11.1494770050049	7.8732695005506e-15	4.70101551002661e-13	154.125411987305	164.598129272461	106.404861450195	74	236.213821411133	99.5319900512695	376.796020507812	388.722991943359	306.893737792969	248.655059814453	0.199041932821274	48.7790908813477	162.866500854492	87.8279876708984	72.6997909545898	81.2494583129883	27.880256652832	9.37993621826172	3.32034039497375	2.65218091011047	4.16356134414673	46.6570587158203	14.6003246307373	6.31665897369385	4.70625257492065	0.714897453784943	0.714318871498108
0.71204	2025219.16837662	-4307384.89428288	0.715143024921417	0.712998986244202	448	560	0	543.856140136719	4083.498046875	1135.47375488281	1560.25561523438	3.50661897659302	1.73766018934929e-11	2.25688384647427e-10	19.251895904541	7.81538665706703e-15	4.93817389323609e-13	163.216064453125	189.590530395508	113.392944335938	58	279.197082519531	97.5857162475586	365.294738769531	340.213256835938	312.531372070312	247.043853759766	0.19665789604187	58.7366485595703	345.316284179688	150.575454711914	103.669471740723	43.2567749023438	27.3259830474854	12.7427797317505	3.08620452880859	3.01438093185425	7.90250444412231	49.8799362182617	7.12902355194092	6	6	0.715102910995483	0.714670777320862
0.71054	2024606.80691758	-4315525.27360752	0.715143024921417	0.712998986244202	448	560	0	461.648773193359	4547.0537109375	1117.17175292969	1500.91430664062	3.56233286857605	1.69357722290542e-11	2.38567221533259e-10	12.6760911941528	7.85867004067173e-15	4.74444051754008e-13	156.629898071289	176.53483581543	112.399284362793	60	229.282485961914	101.115341186523	370.7958984375	388.011169433594	321.034942626953	241.468841552734	0.200253918766975	50.8990669250488	180.127105712891	91.2871475219727	76.8733749389648	80.9578094482422	28.8065338134766	9.30555725097656	3.06041979789734	2.71180033683777	4.44212055206299	44.9227066040039	13.98850440979	6.10186719894409	5.36156702041626	0.715143024921417	0.714385569095612
0.7119	2025137.76133444	-4313023.15115412	0.715143024921417	0.712998986244202	448	560	0	552.72607421875	4314.56298828125	1112.87341308594	1529.23156738281	3.58767104148865	1.71047117442091e-11	2.33810859562311e-10	15.0005922317505	7.83680981436899e-15	4.80938639607631e-13	177.619979858398	186.776412963867	107.973777770996	66	302.742004394531	103.727508544922	365.01806640625	410.278717041016	322.727081298828	229.445053100586	0.199962720274925	54.0163116455078	201.04296875	104.485877990723	84.5384979248047	72.4795227050781	30.7434234619141	10.5608816146851	3.32116413116455	2.80615711212158	5.15738201141357	47.5914573669434	9.24169158935547	6	5.89783620834351	0.715143024921417	0.714481592178345
0.71303	2027458.2815215	-4286946.47688802	0.715143024921417	0.712998986244202	448	560	0	890.752136230469	2976.04614257812	1184.6572265625	1711.04223632812	3.72485709190369	1.85398484758847e-11	1.92112076247142e-10	37.0929985046387	7.69219249115247e-15	5.43596905770022e-13	203.173553466797	214.334823608398	126.346267700195	43	266.283782958984	116.175308227539	357.891784667969	183.188674926758	239.001602172852	161.659866333008	0.20702363550663	69.6939163208008	783.310729980469	243.691925048828	168.513671875	16.4784297943115	21.459342956543	14.2764930725098	5.2584285736084	2.32011699676514	10.5564079284668	54.0161628723145	6.24688339233398	6	6	0.714781939983368	0.714422285556793
0.712836	2034978.92687917	-4188127.55270975	0.711893022060394	0.710283994674683	285	730	0	760.048095703125	1304.16674804688	1476.66833496094	2084.544921875	3.1027684211731	2.40459267081272e-11	7.91334914262976e-11	127.894393920898	7.13236385235664e-15	6.40265401460893e-13	209.581802368164	181.293441772461	133.862533569336	25	263.990844726562	77.0653457641602	335.380645751953	102.725219726562	135.900405883789	64.7449188232422	0.138604715466499	42.1470794677734	1385.72106933594	324.769958496094	220.347625732422	11.1026821136475	11.0362033843994	5.77576494216919	11.8891973495483	1.78594923019409	11.8544588088989	59.4972267150879	4.58838367462158	7.0466570854187	6	0.711893022060394	0.712035179138184
0.71419	2027836.33094581	-4298042.26551114	0.715143024921417	0.712998986244202	448	560	0	544.2705078125	3675.21435546875	1176.02856445312	1623.33227539062	3.36462950706482	1.79215947637701e-11	2.09549003149512e-10	27.8411254882812	7.77205922774908e-15	5.19866593350071e-13	185.591598510742	205.353942871094	116.003028869629	49	282.787628173828	108.208587646484	357.397277832031	254.814834594727	279.184997558594	207.890640258789	0.19257028400898	68.0303802490234	421.416534423828	198.694030761719	103.835548400879	36.9081344604492	27.7815780639648	13.6918382644653	3.48168897628784	2.95856404304504	7.4775857925415	48.7932243347168	9.85985469818115	6	6	0.714781939983368	0.714747250080109
0.713384	2038687.599661	-4153423.58799578	0.711893022060394	0.710283994674683	285	730	0	894.216857910156	1184.68884277344	1489.23095703125	2166.2607421875	3.20252275466919	2.59255897999688e-11	6.93018351038965e-11	158.872634887695	6.99617831861356e-15	5.9391684278931e-13	234.507110595703	206.625015258789	131.720962524414	22	200.561340332031	73.3296432495117	333.535552978516	76.1085052490234	126.622146606445	59.5740966796875	0.136606827378273	79.6738586425781	1528.65356445312	328.765502929688	174.441604614258	27.0530300140381	10.6695003509521	7.09772920608521	14.4192199707031	1.23237180709839	15.8866395950317	57.8049392700195	5.0969877243042	6.00674915313721	6	0.711210191249847	0.711598873138428
0.71639	2030744.21252468	-4267122.65255443	0.711893022060394	0.710283994674683	285	560	0	795.89501953125	2401.0703125	1270.55261230469	1826.9345703125	3.32028651237488	1.96408358327238e-11	1.60298163631722e-10	55.063102722168	7.58972860958902e-15	5.94253975454845e-13	236.349914550781	204.991851806641	125.721626281738	31	223.028137207031	95.4250411987305	355.575408935547	162.545944213867	225.250732421875	134.088928222656	0.16127347946167	56.9651222229004	914.804321289062	300.2470703125	153.965667724609	11.991979598999	19.9375476837158	10.2776584625244	11.9055500030518	2.05802750587463	11.8546457290649	55.1456146240234	6.02207088470459	6	6	0.712340235710144	0.714102208614349
0.716405	2038681.52245874	-4168841.54402297	0.711893022060394	0.710283994674683	285	730	0	832.692687988281	1228.6826171875	1487.47509765625	2138.72998046875	3.18107438087463	2.50808644686185e-11	7.40258965237217e-11	144.920837402344	7.07937135359404e-15	6.19889990033373e-13	215.542541503906	191.443710327148	133.976333618164	19	246.640289306641	75.4902954101562	339.647613525391	83.7333297729492	144.739303588867	59.9531555175781	0.128250911831856	54.2184143066406	1805.74499511719	304.076019287109	245.947631835938	11.3435497283936	9.71009254455566	6.38905620574951	13.3909673690796	1.22394394874573	13.3909683227539	58.5545234680176	5.65617370605469	7.01637077331543	6	0.711893022060394	0.71176815032959
0.716506	2041190.96023084	-4158397.49309156	0.711893022060394	0.710283994674683	285	730	0	868.109191894531	1200.99084472656	1491.05749511719	2147.81323242188	3.20465779304504	2.56092733824653e-11	7.14810571844637e-11	153.348617553711	7.06414466581772e-15	6.11613570119379e-13	226.207229614258	199.476165771484	132.987213134766	19	214.588470458984	69.214973449707	333.494537353516	93.322509765625	130.398818969727	61.5677871704102	0.132459655404091	72.6622848510742	1655.73828125	315.836822509766	200.73616027832	15.6061496734619	10.2363567352295	7.5670747756958	15.1667518615723	1.46675205230713	15.4725847244263	56.0278854370117	4.95030879974365	6	6	0.711307764053345	0.711683511734009
0.716923	2035930.30467986	-4262934.66519401	0.714218020439148	0.712720990180969	407	560	0	752.529907226562	2295.06298828125	1293.3359375	1866.94702148438	3.35006093978882	1.98360303876877e-11	1.54227547399799e-10	59.2490310668945	7.62895047021163e-15	6.16932178086615e-13	231.983184814453	206.224838256836	126.815910339355	36	229.187255859375	92.8676910400391	363.435302734375	133.606475830078	209.360443115234	138.893630981445	0.162043690681458	55.2688980102539	1008.55084228516	327.824615478516	142.451843261719	13.0168952941895	17.5518474578857	9.67573547363281	17.362771987915	2.14003586769104	11.7646036148071	56.0945205688477	5.23108243942261	6.67163848876953	6	0.713098585605621	0.714079022407532
0.72092	2038138.09416223	-4237376.76221057	0.714218020439148	0.712720990180969	407	560	0	752.236267089844	1817.01391601562	1378.72741699219	1919.93029785156	3.27560377120972	2.12331541238342e-11	1.15296446001611e-10	81.6330184936523	7.47276691210035e-15	6.77897354136453e-13	223.852462768555	187.014083862305	129.769424438477	34	264.748199462891	62.297046661377	349.637603759766	123.450462341309	170.460311889648	113.332260131836	0.16366046667099	40.0070266723633	970.250366210938	238.171508789062	133.292358398438	12.2824687957764	21.2969913482666	9.30867004394531	14.9666700363159	1.8110237121582	8.90055179595947	61.1870307922363	4.87267398834229	7.40167570114136	6	0.714218020439148	0.713664889335632
0.71768	2046868.30235157	-4133351.89558796	0.711893022060394	0.710283994674683	285	730	0	901.7216796875	1156.22607421875	1504.14147949219	2174.63671875	3.22267484664917	2.69384185097588e-11	6.44796716020579e-11	176.396591186523	6.99485567666643e-15	5.82477859348285e-13	222.675201416016	205.437210083008	131.424194335938	17	201.898025512695	68.2571487426758	334.242523193359	67.7086715698242	123.83430480957	56.75537109375	0.134746134281158	118.736785888672	2207.01489257812	328.542205810547	215.421905517578	19.5682048797607	14.2840404510498	6.48459959030151	13.5146636962891	1.00989866256714	16.1658248901367	54.4896011352539	6.28289413452148	6.00047969818115	6	0.711893022060394	0.710990488529205
0.71738	2038491.23053718	-4262321.29648261	0.711893022060394	0.710283994674683	285	560	0	774.072387695312	2292.3564453125	1294.77600097656	1867.29418945312	3.385573387146	1.98187109085035e-11	1.54397786222837e-10	58.4546318054199	7.66978338749991e-15	6.25411289596756e-13	232.623321533203	204.062866210938	126.365043640137	31	232.692199707031	86.0578384399414	348.211303710938	174.10124206543	210.863845825195	131.230346679688	0.162789732217789	54.817081451416	905.976318359375	301.819580078125	155.133941650391	11.63440990448	18.6670036315918	9.845139503479	16.1551723480225	2.18852996826172	10.2264080047607	58.5612487792969	5.55215311050415	7.18697929382324	6	0.713104128837585	0.714086592197418
0.71727	2042705.71588597	-4256880.18480025	0.714218020439148	0.712720990180969	407	560	0	708.317443847656	2261.484375	1327.60400390625	1831.47473144531	3.20914888381958	2.01369580732358e-11	1.45451539701469e-10	62.8612403869629	7.67906178640414e-15	6.50611671742379e-13	235.542831420898	196.503494262695	128.041732788086	39	297.910552978516	77.9750442504883	356.284759521484	170.418548583984	198.234436035156	150.561614990234	0.161771014332771	49.8760948181152	919.530822753906	245.314483642578	144.074554443359	11.3373527526855	18.3439197540283	8.30883312225342	13.1633768081665	2.09409856796265	8.36439037322998	61.2560615539551	4.89293575286865	7.70071363449097	6	0.714390158653259	0.714022040367126
0.716051	2052076.70277016	-4177965.65200581	0.711893022060394	0.710283994674683	285	730	0	797.576232910156	1277.69921875	1483.57885742188	2117.79736328125	3.15663409233093	2.44614901251383e-11	7.97745480785039e-11	134.331604003906	7.29962829548389e-15	6.76634909126811e-13	208.855865478516	198.836868286133	128.459686279297	19	271.652954101562	89.2455902099609	335.753173828125	93.8117828369141	135.912643432617	59.490608215332	0.130739539861679	45.3606376647949	1642.11474609375	310.622436523438	215.244735717773	14.0145606994629	10.110297203064	7.34288501739502	14.3112907409668	1.32752823829651	14.9653587341309	55.4827079772949	5.2333779335022	6	6	0.711893022060394	0.711957275867462
0.712728	2051137.16628986	-4196833.9099717	0.711893022060394	0.710283994674683	285	730	0	732.013549804688	1435.26232910156	1473	2038.31616210938	3.0542368888855	2.3440459642754e-11	8.58598886432915e-11	116.29663848877	7.38770447540529e-15	7.0857252357226e-13	219.39143371582	176.060806274414	132.718383789062	28	227.109619140625	80.038703918457	334.068664550781	105.378471374512	144.246353149414	73.3645858764648	0.132453784346581	41.4508361816406	1453.92663574219	279.556030273438	166.103546142578	10.616400718689	14.7784624099731	6.57884073257446	13.6024208068848	1.44726586341858	11.5787630081177	60.767219543457	4.49730491638184	7.79903507232666	6	0.712430238723755	0.712431311607361
0.721542	2052656.1287817	-4236154.00660731	0.714218020439148	0.712720990180969	407	560	0	878.466857910156	1742.21472167969	1380.66833496094	1941.58947753906	3.3238685131073	2.12909256197547e-11	1.1513480446812e-10	79.3259048461914	7.65078105036121e-15	7.31108695719435e-13	227.866806030273	190.023086547852	125.353485107422	25	242.740280151367	63.3522567749023	350.345642089844	114.905128479004	167.984176635742	111.005249023438	0.159455582499504	33.6515007019043	1183.26489257812	326.935699462891	161.569046020508	12.2810649871826	17.8813495635986	9.8163595199585	15.6975860595703	1.94139671325684	11.3342561721802	58.0794982910156	6.03975343704224	6.87167501449585	6	0.714218020439148	0.713521540164948
0.713449	2055875.61477767	-4203750.77592416	0.713784992694855	0.708616018295288	583.75	730	0	727.812377929688	1421.86889648438	1467.71069335938	2068.9052734375	3.18744349479675	2.30367946940646e-11	8.94494409098279e-11	109.384468078613	7.48848191437076e-15	7.38311050751256e-13	247.496871948242	184.905410766602	132.089736938477	24	263.799407958984	86.6037750244141	338.823211669922	120.388038635254	157.175979614258	73.3194808959961	0.133253678679466	38.758918762207	1794.28796386719	268.482269287109	180.272247314453	9.13813972473145	17.2343673706055	6.81009483337402	14.035623550415	1.56571710109711	12.1020612716675	60.8181953430176	4.2103419303894	8.66650581359863	6	0.713508129119873	0.7127965092659
0.718642	2055105.59374994	-4226853.39102288	0.714218020439148	0.712720990180969	407	560	0	953.538391113281	1764.19018554688	1382.79650878906	1883.6669921875	3.19424915313721	2.18002525753658e-11	1.02160974124743e-10	87.9413757324219	7.60690389666049e-15	7.59548619746336e-13	251.707992553711	187.498977661133	128.610046386719	34	268.755462646484	84.9319839477539	348.429595947266	185.070266723633	217.340560913086	135.96418762207	0.157765164971352	33.0611877441406	909.356201171875	210.528457641602	143.272445678711	22.0813236236572	23.0207061767578	8.32877349853516	8.49075031280518	2.11249041557312	11.5461435317993	55.423454284668	7.46598100662231	6	6	0.713813066482544	0.713344216346741
0.71717	2055763.63048727	-4242902.25560854	0.714218020439148	0.712720990180969	407	560	0	927.887817382812	1929.20227050781	1349.67834472656	1881.9765625	3.28251051902771	2.08768089621225e-11	1.26054999771696e-10	72.3999099731445	7.74386743016562e-15	7.23575225344136e-13	215.117324829102	196.501190185547	127.568389892578	27	221.027725219727	60.1585235595703	344.400543212891	160.616287231445	169.024032592773	94.145133972168	0.169093459844589	36.6833229064941	1147.50573730469	283.637817382812	179.255142211914	10.0942277908325	18.5503635406494	9.3516206741333	14.3096199035645	1.8619556427002	9.14462947845459	61.1515159606934	5.32478666305542	6.71469449996948	6	0.713609099388123	0.713637888431549
0.71696	2058435.37582088	-4211509.62009575	0.712577998638153	0.710089027881622	302.049987792969	730	0	718.224365234375	1493.05578613281	1457.02001953125	2031.52612304688	3.09343147277832	2.25994882530056e-11	9.2951348007464e-11	101.205360412598	7.56805049536994e-15	7.63758739412423e-13	262.131652832031	173.462982177734	132.508041381836	24	249.523574829102	78.9306793212891	346.460998535156	66.9481506347656	175.285675048828	76.2206802368164	0.134756848216057	35.8793907165527	1330.51135253906	277.927703857422	177.987884521484	11.0630912780762	17.2624053955078	6.82821416854858	12.0551891326904	2.0972728729248	10.1030044555664	63.7506561279297	4.00652265548706	9	8.01752090454102	0.712751746177673	0.713190317153931
0.716117	2060158.90365023	-4213306.80207051	0.712577998638153	0.710089027881622	302.049987792969	730	0	707.2373046875	1532.51904296875	1456.26098632812	2000.22094726562	3.02106428146362	2.24904470047527e-11	9.39015670775589e-11	98.9342346191406	7.59095850142843e-15	7.71038614899577e-13	266.751861572266	166.223434448242	132.749130249023	27	234.773696899414	69.3959579467773	342.181762695312	81.6127243041992	183.790817260742	83.1001739501953	0.136535540223122	35.0354957580566	1156.44714355469	279.784820556641	167.908020019531	9.8797664642334	19.460075378418	7.44286060333252	12.4219255447388	2.07775664329529	10.5184297561646	62.6719436645508	4.13385725021362	8.97732830047607	6.19799947738647	0.712965190410614	0.713264524936676
0.71475	2068135.54376061	-4166555.6003428	0.711893022060394	0.710283994674683	285	730	0	789.185668945312	1287.73767089844	1500.82800292969	2115.75439453125	3.06532096862793	2.48937537250526e-11	7.95207094617112e-11	142.606781005859	7.45341475035443e-15	7.05703507783428e-13	213.961929321289	214.866241455078	132.709671020508	21	247.471649169922	87.3995590209961	337.839599609375	85.5109024047852	140.939758300781	63.9731216430664	0.127004474401474	56.2343368530273	1995.41235351562	405.999969482422	225.190673828125	14.1908254623413	16.5510749816895	6.98398160934448	13.7808952331543	1.71202087402344	14.5136814117432	56.1469535827637	5.69602012634277	8.12350654602051	6	0.711893022060394	0.711820483207703
0.717226	2069860.4889933	-4232960.23999504	0.714218020439148	0.712720990180969	407	560	0	762.566101074219	1813.93286132812	1409.33386230469	1927.98327636719	3.07197999954224	2.14050444036218e-11	1.14298057130036e-10	80.8648529052734	7.84448986210174e-15	7.94522379745505e-13	226.695388793945	190.67805480957	128.008773803711	24	221.988784790039	65.2677459716797	345.855804443359	118.945655822754	161.049575805664	88.022575378418	0.157299399375916	25.4829273223877	1111.46142578125	285.070953369141	134.025192260742	11.5417947769165	17.5988826751709	6.24119853973389	12.8777313232422	2.00416612625122	8.77459526062012	67.1669616699219	3.50758695602417	9	6	0.713293612003326	0.713406145572662
0.71567	2110587.50135798	-3711489.59126415	0.721939980983734	0.703535974025726	2050	2050	0	1152.88623046875	1560.8486328125	1678.16174316406	2332.88793945312	2.61196208000183	4.28353186254782e-11	1.34470611728998e-11	562.357666015625	7.63573266302029e-15	4.61542696422734e-13	129.929809570312	184.844818115234	140.929595947266	22	201.719711303711	57.4147300720215	333.143280029297	55.3140029907227	130.64518737793	63.059684753418	0.122014351189137	46.1161270141602	1268.81274414062	263.737060546875	207.93586730957	27.1206207275391	20.390172958374	8.77046203613281	13.4904890060425	1.64030921459198	9.3293981552124	57.5875015258789	5.15541791915894	8.13495349884033	7.88960695266724	0.718079209327698	0.714297473430634
0.715607	2081730.76090622	-4182082.58443437	0.711893022060394	0.710283994674683	285	730	0	841.551391601562	1389.74487304688	1475.65869140625	2097.49633789062	3.20251822471619	2.39975574134466e-11	8.79081252236347e-11	128.914627075195	7.71262716100498e-15	7.7955149930739e-13	242.589553833008	209.118377685547	129.526260375977	21	221.429656982422	71.3686676025391	332.885192871094	90.8213806152344	133.931121826172	62.7231864929199	0.129831925034523	41.4823341369629	1695.53869628906	347.195129394531	196.619247436523	12.6768388748169	15.4700651168823	7.74929666519165	13.9632339477539	1.97484767436981	14.8521099090576	57.4117546081543	4.76670455932617	6	6	0.711893022060394	0.712247669696808
0.713269	2087633.77370155	-4143305.1349014	0.703992009162903	0.702769994735718	172.550003051758	730	0	856.568176269531	1303.74182128906	1512	2100.0498046875	3.09709858894348	2.58281243614711e-11	7.53560686073129e-11	163.981063842773	7.60794490015267e-15	7.19713242995634e-13	214.443710327148	202.843475341797	136.219757080078	20	208.569625854492	69.4903793334961	337.929626464844	69.1813278198242	154.088394165039	66.7157440185547	0.132446900010109	83.4215393066406	1828.73889160156	346.260406494141	194.939559936523	14.5239944458008	18.912052154541	8.22351741790771	14.5692405700684	2.07272243499756	12.7024259567261	57.5016326904297	5.89322948455811	7.97134208679199	6	0.710820019245148	0.711514294147491
0.71679	2151331.07794165	-3674987.69759173	0.721924006938934	0.703535974025726	2050	2050	0	1060.83410644531	1765.69750976562	1729.875	2341.05517578125	2.57508683204651	3.78722574134738e-11	1.42308005657288e-11	591.766906738281	8.23810353159198e-15	5.61378959811065e-13	213.485198974609	217.285552978516	141.703109741211	16	175.191299438477	84.9234771728516	362.732574462891	52.4450950622559	122.646537780762	61.4633522033691	0.114965967833996	35.5866317749023	1824.0556640625	303.547271728516	228.448318481445	41.2823600769043	20.6099166870117	6.47419595718384	13.0481014251709	1.82522308826447	9.57126617431641	63.2447967529297	3.18426537513733	8.50447273254395	7.32591247558594	0.718641579151154	0.715761780738831
0.71513	2215573.44003117	-3702978.26950399	0.711893022060394	0.710283994674683	285	2050	0	1159.92260742188	1916.20324707031	1651.20471191406	2280.07568359375	2.65457940101624	3.238201373712e-11	1.58505899378047e-11	542.855529785156	9.5813724250611e-15	6.98509013217358e-13	201.877807617188	236.716995239258	139.38737487793	20	269.675537109375	79.5905456542969	356.602905273438	54.6032180786133	119.919242858887	58.3228225708008	0.134626105427742	45.4854164123535	2229.1201171875	427.07373046875	199.336807250977	23.8609714508057	18.6484050750732	5.7500638961792	13.5726327896118	1.52327108383179	13.9070596694946	59.8825988769531	3.03969025611877	6	6	0.709752917289734	0.710567891597748
0.71377	2221649.89383701	-3884576.14322376	0.711893022060394	0.710283994674683	285	2050	0	1313.96813964844	1819.44934082031	1522.26391601562	2125.27075195312	2.96629333496094	3.11496592408922e-11	2.28129199558724e-11	382.42822265625	9.57684926912276e-15	6.83556835266719e-13	221.384765625	210.403457641602	136.569000244141	30	201.570114135742	102.781463623047	360.839508056641	153.314575195312	171.42512512207	109.314384460449	0.130995318293571	77.4884262084961	1021.44586181641	247.207260131836	169.747344970703	15.5116186141968	22.8831195831299	9.77105808258057	14.7006673812866	2.01252245903015	10.423789024353	55.3416481018066	5.94533729553223	6	6	0.708429574966431	0.709893941879272
0.71232	2248116.2535584	-3911068.75050976	0.711893022060394	0.710283994674683	285	2050	0	1241.28869628906	1916.26428222656	1517.10241699219	2085.5673828125	2.85025763511658	3.0084788826823e-11	2.78423221977686e-11	353.837493896484	9.95083633819217e-15	7.06049259856234e-13	208.03532409668	238.486221313477	139.02912902832	34	319.039642333984	91.1317291259766	356.551177978516	104.710739135742	178.952041625977	87.9435729980469	0.119333475828171	52.1546897888184	1549.17163085938	397.084625244141	193.416488647461	10.0224723815918	22.7073612213135	8.13930320739746	14.1115837097168	1.69647932052612	12.098424911499	57.342716217041	4.64819288253784	6	6	0.711893022060394	0.711250245571136
0.7126	2257329.27562782	-3820602.40411842	0.711893022060394	0.710283994674683	285	2050	0	1466.42565917969	2112.87744140625	1490.47546386719	2090.9951171875	2.80986166000366	3.13811546193143e-11	2.18648328609294e-11	423.5458984375	1.05553281772638e-14	7.27726635462583e-13	215.653991699219	222.628265380859	136.939468383789	28	248.434112548828	89.4895401000977	359.607452392578	78.2778396606445	140.744079589844	91.245475769043	0.151549279689789	32.753791809082	1299.49206542969	439.359375	192.758407592773	9.33936214447021	24.2327194213867	8.31864929199219	14.4218702316284	2.26470184326172	11.9651079177856	58.0896606445312	3.63739418983459	6	6	0.710624933242798	0.709686875343323
0.7128	2248705.54695537	-4099999.70845906	0.711893022060394	0.710283994674683	285	730	0	991.145263671875	2038.01147460938	1496.29309082031	1995.96423339844	3.00347471237183	2.522726472165e-11	9.60206358868732e-11	178.626892089844	9.9784216601854e-15	9.1609098779033e-13	217.240631103516	177.111282348633	136.988311767578	27	244.821502685547	76.8871231079102	350.433074951172	88.7016677856445	153.043014526367	78.0336303710938	0.140819951891899	23.401273727417	1820.96484375	437.542694091797	213.760147094727	7.45878410339355	20.2195339202881	7.57944345474243	14.456524848938	1.89347565174103	11.6400423049927	59.9958343505859	5.0771541595459	6.31318616867065	6	0.711893022060394	0.71088182926178
0.713115	2258468.89216194	-4100225.98342821	0.711893022060394	0.710283994674683	285	730	0	922.348999023438	2062.50390625	1515.76123046875	1985.99011230469	3.04418063163757	2.50746142599345e-11	1.0105738468269e-10	176.133346557617	1.01881063603441e-14	9.1467241766785e-13	217.157699584961	173.601638793945	137.059448242188	36	270.392395019531	76.2208633422852	350.619720458984	107.381797790527	185.45703125	92.4006195068359	0.138846427202225	29.0347213745117	1294.68054199219	355.022430419922	165.338882446289	13.3740539550781	24.2545375823975	9.879225730896	11.9977416992188	2.46671414375305	12.1523151397705	54.4225387573242	6.04474639892578	6	6	0.710332334041595	0.710747063159943
0.71326	2276055.96706081	-3868904.09545193	0.711893022060394	0.710283994674683	285	2050	0	1563.80200195312	2205.61572265625	1453.94714355469	2001.47937011719	2.87801074981689	3.01141854508469e-11	2.7572838109946e-11	374.638366699219	1.06735731296675e-14	7.39753961212508e-13	224.064346313477	213.758255004883	135.79020690918	31	252.725479125977	86.3552017211914	350.791595458984	137.841796875	161.386520385742	109.737121582031	0.154461085796356	49.4840927124023	1228.60388183594	354.680389404297	201.992568969727	12.4483051300049	23.1637134552002	10.7749080657959	14.1474533081055	2.3604302406311	12.3388643264771	54.5229530334473	4.44362545013428	6	6	0.708869159221649	0.711486339569092
0.71289	2258462.4432289	-4100642.79808539	0.711893022060394	0.710283994674683	285	730	0	922.348999023438	2062.50390625	1515.76123046875	1985.99011230469	3.04418063163757	2.50746142599345e-11	1.0105738468269e-10	176.133346557617	1.01881063603441e-14	9.1467241766785e-13	217.157699584961	173.601638793945	137.059448242188	36	270.392395019531	76.2208633422852	350.619720458984	107.381797790527	185.45703125	92.4006195068359	0.138846427202225	29.0347213745117	1294.68054199219	355.022430419922	165.338882446289	13.3740539550781	24.2545375823975	9.879225730896	11.9977416992188	2.46671414375305	12.1523151397705	54.4225387573242	6.04474639892578	6	6	0.710332334041595	0.710747063159943
0.71489	2263308.08705775	-4083545.27352626	0.711893022060394	0.710283994674683	285	730	0	1147.70092773438	2264.7861328125	1465.58215332031	1940.64074707031	3.04011607170105	2.55711112007173e-11	9.22497980782033e-11	191.401550292969	1.02229270377728e-14	8.80481180586673e-13	204.47444152832	191.118515014648	137.242446899414	27	265.020721435547	75.148307800293	354.768768310547	87.9635009765625	165.128707885742	100.718162536621	0.132957503199577	37.5783538818359	1614.73352050781	395.484832763672	182.391708374023	9.96915340423584	21.5040283203125	9.5734338760376	14.0260925292969	1.81665825843811	11.7241678237915	57.5891799926758	4.85192918777466	6	6	0.709777474403381	0.710125327110291
0.714885	2263675.41733331	-4083807.52135692	0.711893022060394	0.710283994674683	285	730	0	1147.70092773438	2264.7861328125	1465.58215332031	1940.64074707031	3.04011607170105	2.55711112007173e-11	9.22497980782033e-11	191.401550292969	1.02229270377728e-14	8.80481180586673e-13	204.47444152832	191.118515014648	137.242446899414	27	265.020721435547	75.148307800293	354.768768310547	87.9635009765625	165.128707885742	100.718162536621	0.132957503199577	37.5783538818359	1614.73352050781	395.484832763672	182.391708374023	9.96915340423584	21.5040283203125	9.5734338760376	14.0260925292969	1.81665825843811	11.7241678237915	57.5891799926758	4.85192918777466	6	6	0.709777474403381	0.710125327110291
0.71617	2292896.36058878	-3707842.31469704	0.711893022060394	0.710283994674683	285	2050	0	1222.0107421875	2130.05859375	1600.72082519531	2160.2626953125	2.62107586860657	2.89314336376911e-11	1.90805826000284e-11	476.486694335938	1.08684262829198e-14	8.30381173978073e-13	262.151794433594	260.605163574219	136.438888549805	17	262.408660888672	120.851753234863	357.093322753906	71.9013748168945	106.176963806152	64.4491424560547	0.135812640190125	61.4390258789062	1566.30200195312	430.0478515625	196.023788452148	13.6537637710571	23.4894218444824	4.15340280532837	13.8192577362061	1.98418211936951	13.4461936950684	60.5475044250488	2.19989609718323	6.15607833862305	6	0.711795449256897	0.711420655250549
0.71429	2272970.28601933	-4072813.61194149	0.710376024246216	0.710014998912811	248	730	0	1310.59045410156	2459.75634765625	1423.82971191406	1917.19702148438	3.01757884025574	2.58180438833522e-11	8.85277476325719e-11	200.626586914062	1.03630093465897e-14	8.58920844604844e-13	240.950347900391	203.621276855469	136.130447387695	28	239.333160400391	83.5250625610352	355.773284912109	90.7102890014648	168.244110107422	109.924995422363	0.141391009092331	45.4659729003906	1784.43737792969	457.2041015625	208.807983398438	8.6686840057373	19.9783096313477	9.28451347351074	15.2877187728882	2.00150752067566	11.5904693603516	55.1127471923828	4.70528125762939	6	6	0.710060775279999	0.709896624088287
0.71463	2278639.95374267	-4042897.66219995	0.710376024246216	0.710014998912811	248	730	0	1268.89294433594	2379.31640625	1459.69189453125	1976.80053710938	2.98821234703064	2.67157129751894e-11	7.06247213488886e-11	228.756713867188	1.03647279764397e-14	8.04776059161461e-13	235.46696472168	218.180053710938	133.417510986328	26	234.976226806641	78.6662902832031	361.735900878906	86.8215026855469	171.603622436523	93.9751663208008	0.133482649922371	43.8478698730469	2210.08764648438	480.793701171875	223.559600830078	9.94522190093994	20.2026271820068	8.70732116699219	15.4109859466553	2.17219305038452	14.8287363052368	54.5540351867676	5.32622671127319	6	6	0.710376024246216	0.70988255739212
0.71394	2298936.48673102	-3907458.30091911	0.711893022060394	0.710283994674683	285	2050	0	1280.42932128906	2084.48828125	1546.9013671875	2040.99291992188	2.76579833030701	2.90270463915165e-11	3.41516259716457e-11	329.097015380859	1.09448743945413e-14	7.55134399021279e-13	221.170700073242	231.715179443359	137.540588378906	25	252.945556640625	92.5064468383789	367.457641601562	80.818977355957	147.796264648438	83.4975662231445	0.143249809741974	54.6553802490234	1515.77502441406	402.679168701172	220.113189697266	7.44644165039062	23.5003623962402	5.14183378219604	12.8718891143799	2.0050528049469	12.4991693496704	57.617488861084	3.80759477615356	6.00930166244507	6	0.711338579654694	0.710538983345032
0.7152	2291157.27283321	-4032213.20069957	0.710376024246216	0.710014998912811	248	730	0	1314.42663574219	2508.25512695312	1454.8056640625	1949.04760742188	3.01645851135254	2.68787735124842e-11	6.72388880684771e-11	237.124053955078	1.05674890292875e-14	7.91418796816656e-13	278.661895751953	205.755142211914	136.556777954102	29	250.414993286133	81.5448226928711	346.734069824219	106.661338806152	170.962020874023	104.757354736328	0.159984886646271	33.8195915222168	1713.28137207031	440.482299804688	220.12922668457	6.02314949035645	21.3529529571533	6.9181604385376	13.987452507019	1.86319005489349	13.7148246765137	56.3193893432617	4.7654275894165	6	6	0.710376024246216	0.709882140159607
0.71521	2291440.92955362	-4031974.10204335	0.710376024246216	0.710014998912811	248	730	0	1316.45654296875	2499.966796875	1453.23388671875	1949.38208007812	3.01531863212585	2.68974929135135e-11	6.68159000349888e-11	237.912261962891	1.05836614293494e-14	7.90136456697149e-13	269.105041503906	205.907669067383	136.13591003418	26	246.628448486328	82.0588073730469	350.629547119141	92.0560302734375	180.830703735352	102.280639648438	0.158355906605721	32.9769401550293	1828.0361328125	453.636657714844	219.921783447266	5.24548864364624	20.8805980682373	7.04612398147583	13.9407014846802	1.92073750495911	13.7643480300903	56.407054901123	5.01892709732056	6	6	0.710376024246216	0.709912180900574
0.71456	2293873.90694344	-4018675.22414133	0.710376024246216	0.710014998912811	248	730	0	1422.03039550781	2643.56567382812	1431.87341308594	1920.86376953125	3.02326226234436	2.72884961155517e-11	5.83199530335143e-11	246.830535888672	1.05713565817247e-14	7.69091062537142e-13	262.136016845703	191.859344482422	134.805374145508	38	246.616943359375	92.929801940918	354.257385253906	102.755165100098	182.900299072266	124.049491882324	0.140139371156693	26.6516571044922	1465.33483886719	446.694183349609	212.949493408203	10.7611589431763	23.4995880126953	11.5855226516724	16.6488780975342	2.2795307636261	15.5095510482788	49.8862953186035	6.43924427032471	6	6	0.710488379001617	0.710287988185883
0.71613	2292923.77805513	-4032213.20069957	0.710376024246216	0.710014998912811	248	730	0	1300.619140625	2492.4677734375	1457.1142578125	1949.70764160156	3.0194845199585	2.68518401957962e-11	6.77782135971583e-11	236.124053955078	1.06079500991119e-14	7.92243874669918e-13	267.838256835938	210.361434936523	135.22981262207	26	232.730285644531	81.2125778198242	349.860565185547	79.8860092163086	177.698745727539	98.6751861572266	0.157890945672989	32.9941902160645	1810.29833984375	497.833923339844	230.331405639648	4.74639987945557	21.4734058380127	7.82273006439209	14.49245262146	1.75956594944	14.4598398208618	53.9124069213867	5.63569164276123	6	6	0.710376024246216	0.709931254386902
0.71622	2293222.43639355	-4032798.97897925	0.710376024246216	0.710014998912811	248	730	0	1298.36096191406	2503.35693359375	1458.22119140625	1946.46020507812	3.02109885215759	2.68383735374522e-11	6.80478728920519e-11	235.722915649414	1.06281806340242e-14	7.92656413596549e-13	266.736358642578	208.890426635742	135.148071289062	35	238.728271484375	85.6150360107422	348.116912841797	82.9284210205078	171.296432495117	97.4926300048828	0.156504139304161	32.5814895629883	1804.98449707031	518.66162109375	220.662399291992	6.5483341217041	23.0474319458008	7.97490215301514	15.171049118042	1.76146566867828	15.0423917770386	48.9337539672852	6.13367033004761	6	6	0.710376024246216	0.709953844547272
0.71424	2293238.74847134	-4032703.34301188	0.710376024246216	0.710014998912811	248	730	0	1298.36096191406	2503.35693359375	1458.22119140625	1946.46020507812	3.02109885215759	2.68383735374522e-11	6.80478728920519e-11	235.722915649414	1.06281806340242e-14	7.92656413596549e-13	266.736358642578	208.890426635742	135.148071289062	35	238.728271484375	85.6150360107422	348.116912841797	82.9284210205078	171.296432495117	97.4926300048828	0.156504139304161	32.5814895629883	1804.98449707031	518.66162109375	220.662399291992	6.5483341217041	23.0474319458008	7.97490215301514	15.171049118042	1.76146566867828	15.0423917770386	48.9337539672852	6.13367033004761	6	6	0.710376024246216	0.709953844547272
0.71595	2293281.45782947	-4032834.84233593	0.710376024246216	0.710014998912811	248	730	0	1298.36096191406	2503.35693359375	1458.22119140625	1946.46020507812	3.02109885215759	2.68383735374522e-11	6.80478728920519e-11	235.722915649414	1.06281806340242e-14	7.92656413596549e-13	266.736358642578	208.890426635742	135.148071289062	35	238.728271484375	85.6150360107422	348.116912841797	82.9284210205078	171.296432495117	97.4926300048828	0.156504139304161	32.5814895629883	1804.98449707031	518.66162109375	220.662399291992	6.5483341217041	23.0474319458008	7.97490215301514	15.171049118042	1.76146566867828	15.0423917770386	48.9337539672852	6.13367033004761	6	6	0.710376024246216	0.709953844547272
0.71623	2293310.75989027	-4032798.97897925	0.710376024246216	0.710014998912811	248	730	0	1298.36096191406	2503.35693359375	1458.22119140625	1946.46020507812	3.02109885215759	2.68383735374522e-11	6.80478728920519e-11	235.722915649414	1.06281806340242e-14	7.92656413596549e-13	266.736358642578	208.890426635742	135.148071289062	35	238.728271484375	85.6150360107422	348.116912841797	82.9284210205078	171.296432495117	97.4926300048828	0.156504139304161	32.5814895629883	1804.98449707031	518.66162109375	220.662399291992	6.5483341217041	23.0474319458008	7.97490215301514	15.171049118042	1.76146566867828	15.0423917770386	48.9337539672852	6.13367033004761	6	6	0.710376024246216	0.709953844547272
0.71566	2297058.96080135	-4035799.29915706	0.710376024246216	0.710014998912811	248	730	0	1335.41186523438	2574.50732421875	1445.16955566406	1925.83239746094	3.020503282547	2.67017519206547e-11	7.09753714134287e-11	231.550430297852	1.07011304995735e-14	7.98801671510196e-13	260.121154785156	208.590454101562	135.591751098633	32	248.732528686523	91.83447265625	355.520568847656	103.910224914551	191.801040649414	107.210914611816	0.149505287408829	32.5315589904785	1440.44482421875	439.954254150391	211.283187866211	8.80568981170654	23.0602607727051	9.78529453277588	14.9136953353882	1.89224302768707	13.2849588394165	53.7616767883301	5.32528066635132	6	6	0.710158288478851	0.709973275661469
0.71613	2298492.50960986	-4020864.4720204	0.710376024246216	0.710014998912811	248	730	0	1363.75927734375	2586.95239257812	1448.61157226562	1937.36340332031	2.99825978279114	2.71555191527773e-11	6.0901138299041e-11	242.159210205078	1.06803078886311e-14	7.75207751723545e-13	248.934478759766	188.743225097656	134.145401000977	41	270.895446777344	89.6163787841797	352.142120361328	101.44465637207	201.747772216797	123.990165710449	0.138805493712425	25.8298110961914	1575.857421875	454.875335693359	208.85905456543	13.4727058410645	22.2917232513428	7.18140983581543	15.4474077224731	2.16575741767883	14.8551454544067	46.5862312316895	6.27812957763672	6	5.99601316452026	0.710450947284698	0.710345387458801
0.71596	2299618.24992802	-4036384.96060462	0.710376024246216	0.710014998912811	248	730	0	1366.26635742188	2658.50537109375	1434.3974609375	1894.59814453125	3.03258419036865	2.66295440559672e-11	7.25217524921717e-11	228.777679443359	1.07659717187188e-14	8.01538143583441e-13	263.920104980469	204.196411132812	134.080627441406	40	280.296600341797	90.600212097168	336.063690185547	98.9365234375	187.987335205078	115.047760009766	0.144276902079582	31.6109066009521	1400.39758300781	466.479461669922	194.031677246094	11.1143417358398	23.3080539703369	9.97857475280762	15.4878005981445	1.96944177150726	15.5461311340332	49.4655723571777	8.06439304351807	6	5.87359714508057	0.709978044033051	0.709951162338257
0.71147	2306532.23055593	-4019297.33246124	0.710376024246216	0.710014998912811	248	730	0	1589.36108398438	2914.71044921875	1381.36157226562	1836.22607421875	3.01205682754517	2.70775415978086e-11	6.20906520643061e-11	238.029891967773	1.08375527790253e-14	7.78029171037004e-13	254.043380737305	177.666229248047	133.424728393555	42	268.500457763672	94.7692031860352	358.923431396484	132.967712402344	220.793746948242	147.059020996094	0.138196229934692	22.7946071624756	1112.41174316406	304.988677978516	200.699600219727	18.8245658874512	24.6226654052734	11.2584295272827	7.45683860778809	2.61714506149292	13.055136680603	47.5822563171387	8.66577911376953	6	4.41013479232788	0.711098909378052	0.710669279098511
0.71749	2308784.59239402	-4021450.61908246	0.711893022060394	0.710283994674683	285	730	0	1762.53259277344	3143.30615234375	1326.76477050781	1776.8466796875	3.01508188247681	2.69863784096991e-11	6.40253544625935e-11	235.725311279297	1.08861377418469e-14	7.82192724219782e-13	240.120101928711	182.643508911133	132.369918823242	35	251.837539672852	101.984420776367	362.364562988281	160.13932800293	224.820022583008	147.042053222656	0.142236992716789	22.8007297515869	1307.62426757812	401.038879394531	247.220275878906	11.8576574325562	24.0998191833496	11.4767608642578	8.36306762695312	2.09098100662231	11.8605794906616	50.147777557373	6.02471780776978	6	6	0.711462259292603	0.710694253444672
0.71652	2309042.15930414	-4021546.3147567	0.711893022060394	0.710283994674683	285	730	0	1762.53259277344	3143.30615234375	1326.76477050781	1776.8466796875	3.01508188247681	2.69863784096991e-11	6.40253544625935e-11	235.725311279297	1.08861377418469e-14	7.82192724219782e-13	240.120101928711	182.643508911133	132.369918823242	35	251.837539672852	101.984420776367	362.364562988281	160.13932800293	224.820022583008	147.042053222656	0.142236992716789	22.8007297515869	1307.62426757812	401.038879394531	247.220275878906	11.8576574325562	24.0998191833496	11.4767608642578	8.36306762695312	2.09098100662231	11.8605794906616	50.147777557373	6.02471780776978	6	6	0.711462259292603	0.710694253444672
0.71879	2309087.66739227	-4021642.00992414	0.711893022060394	0.710283994674683	285	730	0	1762.53259277344	3143.30615234375	1326.76477050781	1776.8466796875	3.01508188247681	2.69863784096991e-11	6.40253544625935e-11	235.725311279297	1.08861377418469e-14	7.82192724219782e-13	240.120101928711	182.643508911133	132.369918823242	35	251.837539672852	101.984420776367	362.364562988281	160.13932800293	224.820022583008	147.042053222656	0.142236992716789	22.8007297515869	1307.62426757812	401.038879394531	247.220275878906	11.8576574325562	24.0998191833496	11.4767608642578	8.36306762695312	2.09098100662231	11.8605794906616	50.147777557373	6.02471780776978	6	6	0.711462259292603	0.710694253444672
0.71135	2312465.45972627	-4025206.29374413	0.711893022060394	0.710283994674683	285	730	0	1695.25744628906	3150.46313476562	1342.08325195312	1759.63171386719	3.00970053672791	2.6804598471375e-11	6.79606718123615e-11	229.978439331055	1.09834440397945e-14	7.90233004900609e-13	254.998641967773	190.549819946289	132.381820678711	39	257.354431152344	85.467887878418	360.584564208984	125.477561950684	207.958160400391	148.886611938477	0.151321113109589	22.6480617523193	1293.58898925781	362.878143310547	237.113586425781	8.55337333679199	23.5193710327148	10.4928569793701	10.0855369567871	2.0993857383728	12.5912551879883	52.251537322998	6.45893812179565	6	6	0.71133428812027	0.710688591003418
0.71394	2356859.01172656	-3610344.39800526	0.711893022060394	0.710283994674683	285	2050	0	1268.83520507812	2540.43041992188	1590.65759277344	2106.30639648438	2.61969614028931	2.31971161029909e-11	2.07055778772558e-11	493.909851074219	1.07819399838404e-14	1.05816364785044e-12	181.970779418945	198.732803344727	140.516250610352	26	274.400604248047	68.253059387207	319.250335693359	74.0139083862305	140.811157226562	94.2525100708008	0.169571220874786	157.77262878418	1067.23889160156	357.133117675781	180.096221923828	10.6331348419189	23.5513820648193	4.14035701751709	15.5103378295898	1.15176010131836	11.428807258606	66.7787628173828	2.10359621047974	7.21713829040527	6	0.711893022060394	0.711941182613373
0.716	2361873.36825198	-4009484.67355052	0.711284995079041	0.710537016391754	240	730	0	1795.44299316406	3438.802734375	1308.10852050781	1716.58776855469	2.91775417327881	2.66278041283208e-11	6.65000207678013e-11	207.803787231445	1.19027915778877e-14	7.99225431929312e-13	212.327743530273	177.692123413086	131.149124145508	44	289.573852539062	98.2378387451172	361.848724365234	160.21760559082	222.631530761719	152.313385009766	0.222132101655006	8.87338447570801	1005.24566650391	356.132110595703	231.020385742188	9.17603397369385	23.1164283752441	8.49291038513184	15.5756349563599	2.30467081069946	10.8930406570435	53.9231796264648	6.51009702682495	6	6	0.711012423038483	0.710760831832886
0.71198	2378591.72906446	-3792774.74495492	0.711893022060394	0.710283994674683	285	2050	0	1524.37756347656	3051.81420898438	1489.1953125	1964.09423828125	2.58277201652527	2.80799637014661e-11	2.74690721557835e-11	349.997711181641	1.28835930503701e-14	8.68716936493902e-13	225.143188476562	193.496429443359	139.479965209961	37	301.064544677734	85.4117965698242	354.66650390625	102.117378234863	180.863082885742	130.684783935547	0.197480827569962	34.1695404052734	1150.64453125	440.401916503906	209.469909667969	10.940860748291	24.0666561126709	6.72561454772949	14.1453485488892	2.05079817771912	11.5063486099243	58.9609146118164	3.62552547454834	6	6	0.711724460124969	0.710898876190186
0.71468	2416381.86304362	-3578560.45701164	0.711893022060394	0.710283994674683	285	2050	0	1394.10473632812	2779.4111328125	1537.88586425781	2090.24951171875	2.65295219421387	1.99115706561726e-11	2.25617528132327e-11	454.154174804688	1.1077941576489e-14	1.24871911855867e-12	218.855621337891	154.529434204102	143.468338012695	29	276.839385986328	77.7919845581055	321.940582275391	89.7425765991211	144.298675537109	91.6486053466797	0.184861108660698	255.733764648438	663.758178710938	243.013946533203	158.571624755859	10.6658887863159	25.2736263275146	4.55182409286499	15.8509912490845	1.77051615715027	8.24503612518311	67.8447799682617	1.66518175601959	6.5923867225647	6	0.711893022060394	0.711893022060394
0.71509	2395530.02202997	-3942330.32993528	0.711893022060394	0.710283994674683	285	730	0	1434.07763671875	3212.01904296875	1445.19201660156	1866.69787597656	2.66231369972229	2.67573949108701e-11	5.23529344875762e-11	236.519287109375	1.26969628929698e-14	8.34857356857288e-13	209.832305908203	197.209701538086	134.791320800781	37	253.803909301758	89.9117813110352	369.465270996094	129.075775146484	189.105621337891	131.280715942383	0.215508818626404	18.141134262085	1267.63269042969	509.179046630859	235.753433227539	8.12828731536865	24.1627616882324	7.22975492477417	14.622052192688	1.79993069171906	11.7539854049683	56.0038414001465	4.91486883163452	6	6	0.711893022060394	0.710751354694366
0.71517	2437400.78917481	-3696896.59258038	0.711893022060394	0.710283994674683	285	2050	0	1565.13488769531	3502.77587890625	1472.68151855469	1910.84167480469	2.48998808860779	2.35955699423585e-11	2.55832421219848e-11	373.201477050781	1.29709585696487e-14	1.0847785343604e-12	217.639144897461	163.016159057617	144.742370605469	35	284.17333984375	98.6645812988281	345.130493164062	131.772048950195	201.122573852539	115.825508117676	0.201704889535904	47.3575096130371	731.483032226562	230.754318237305	145.098342895508	21.1966209411621	26.5182647705078	8.32305812835693	16.7766990661621	2.12254619598389	9.83453559875488	56.0297393798828	3.94838809967041	6	6	0.71012008190155	0.710792124271393
0.71382	2441303.63699222	-3728501.60985442	0.711284995079041	0.710537016391754	240	2050	0	1684.00537109375	3944.31787109375	1428.70190429688	1838.35192871094	2.48948454856873	2.46666888303881e-11	2.64046163406251e-11	351.059448242188	1.35048095549852e-14	1.02917327438057e-12	211.462432861328	150.519119262695	139.540405273438	42	277.064727783203	99.0449752807617	351.575897216797	161.727142333984	218.163818359375	122.343528747559	0.217009305953979	55.0830268859863	782.001159667969	183.035125732422	137.633636474609	26.3472309112549	30.9446849822998	8.25355529785156	14.2847862243652	2.27200078964233	9.7400426864624	55.8470039367676	5.41701030731201	6	6	0.711300015449524	0.711113512516022
0.74194	2475081.5692815	-3340054.95789774	0.721939980983734	0.703535974025726	2050	2050	0	1672.76403808594	3633.67724609375	1465.07189941406	1958.81750488281	2.55673360824585	9.78465312245769e-12	2.3242746269303e-11	506.638702392578	7.44685109204616e-15	1.52836803542916e-12	187.200531005859	201.571563720703	135.049713134766	42	262.628051757812	94.59765625	334.649383544922	172.420715332031	233.489151000977	132.514953613281	0.205238208174706	43.2842178344727	507.370666503906	145.30256652832	135.913696289062	54.097053527832	31.1869449615479	8.14002513885498	2.98523998260498	1.23287236690521	7.75366878509521	55.2564392089844	5.47542381286621	6	6	0.726766526699066	0.72162276506424
0.735215	2475125.41114661	-3339523.34071579	0.721939980983734	0.703535974025726	2050	2050	0	1672.76403808594	3633.67724609375	1465.07189941406	1958.81750488281	2.55673360824585	9.78465312245769e-12	2.3242746269303e-11	506.638702392578	7.44685109204616e-15	1.52836803542916e-12	187.200531005859	201.571563720703	135.049713134766	42	262.628051757812	94.59765625	334.649383544922	172.420715332031	233.489151000977	132.514953613281	0.205238208174706	43.2842178344727	507.370666503906	145.30256652832	135.913696289062	54.097053527832	31.1869449615479	8.14002513885498	2.98523998260498	1.23287236690521	7.75366878509521	55.2564392089844	5.47542381286621	6	6	0.726766526699066	0.72162276506424
0.73789	2475278.03539133	-3339671.70019284	0.721939980983734	0.703535974025726	2050	2050	0	1647.517578125	3659.1064453125	1473.1884765625	1959.95385742188	2.55101180076599	9.76437247030004e-12	2.32788805593076e-11	505.529907226562	7.45065172888049e-15	1.53287159441323e-12	190.157211303711	198.987762451172	135.532409667969	41	267.933166503906	92.6443176269531	336.526153564453	188.887710571289	231.203918457031	136.194595336914	0.204731523990631	44.068115234375	507.235626220703	139.040588378906	131.99267578125	53.8405342102051	30.5049743652344	7.86856031417847	2.85488963127136	1.23848378658295	7.72822046279907	54.7507133483887	5.47463226318359	6	6	0.726766526699066	0.721635818481445
0.73596	2472549.60444931	-3383187.41666284	0.734073996543884	0.724394023418427	2050	2050	0	1558.11389160156	3562.166015625	1479.73388671875	1953.84240722656	2.57304072380066	1.13169395729584e-11	2.33208903577253e-11	505.635101318359	8.22943330234388e-15	1.51263875557139e-12	226.833251953125	188.156982421875	140.702072143555	34	268.415222167969	96.2421951293945	333.419525146484	95.6775588989258	176.005950927734	105.816940307617	0.184032678604126	56.1194725036621	565.656188964844	194.433746337891	132.088562011719	17.9945278167725	26.21950340271	6.04118299484253	7.97032165527344	1.2903528213501	8.44364166259766	63.7480812072754	2.2364706993103	6	6	0.725434124469757	0.719106435775757
0.71535	2445352.7817892	-3861666.52293073	0.703992009162903	0.702769994735718	172.550003051758	2050	0	1916.79528808594	3898.35864257812	1337.05322265625	1790.04187011719	2.47543811798096	2.58871431235708e-11	4.60177104755211e-11	249.56623840332	1.39015513171497e-14	9.28804884565981e-13	243.884063720703	192.160858154297	135.452194213867	49	258.710296630859	112.690643310547	359.832885742188	196.819305419922	245.885437011719	195.695571899414	0.235750302672386	40.1555938720703	1018.64184570312	289.134735107422	164.511917114258	34.5192260742188	26.3388595581055	10.254186630249	19.0422477722168	2.75948715209961	15.0298929214478	47.6593055725098	10.1375007629395	5.67884349822998	5.05017614364624	0.706332981586456	0.708225250244141
0.726705	2482840.13624542	-3352340.65674016	0.733110010623932	0.724394023418427	2050	2050	0	1413.92126464844	3399.353515625	1544.00329589844	2003.28002929688	2.5458505153656	1.00861541341146e-11	2.39800557882974e-11	496.818969726562	7.72731894747511e-15	1.54461502182429e-12	218.831314086914	193.583709716797	143.379135131836	37	279.930236816406	104.788803100586	337.876525878906	130.962768554688	208.336181640625	126.547210693359	0.214690148830414	54.9426116943359	576.3896484375	180.716125488281	149.26155090332	41.3245811462402	29.3400478363037	7.57523727416992	2.93954277038574	1.22554087638855	8.8129768371582	55.140079498291	4.73248434066772	6	6	0.723712742328644	0.722925066947937
0.73738	2482933.94583673	-3379040.64840523	0.733110010623932	0.724394023418427	2050	2050	0	1636.39685058594	3726.63989257812	1446.99938964844	1922.29907226562	2.56330585479736	1.09682280619028e-11	2.42853705895163e-11	494.90478515625	8.2069843881428e-15	1.5335332829991e-12	221.385437011719	178.838150024414	143.398132324219	31	291.499694824219	83.45458984375	332.275421142578	103.714149475098	182.439971923828	116.373344421387	0.177971050143242	66.4756546020508	469.504180908203	178.978607177734	118.107772827148	24.0826053619385	29.4472694396973	6.73995113372803	2.75157070159912	1.30388510227203	7.28163003921509	61.2902488708496	2.58842420578003	6	6	0.732971489429474	0.72065681219101
0.70918	2450752.37953483	-3826646.681891	0.703992009162903	0.702769994735718	172.550003051758	2050	0	1919.03063964844	3985.54809570312	1350.04797363281	1825.86071777344	2.49719619750977	2.58181566403781e-11	4.07017163028822e-11	271.061676025391	1.40933009416832e-14	9.64335382380721e-13	259.106903076172	247.9150390625	132.424224853516	45	283.157348632812	125.216766357422	365.511413574219	221.801559448242	270.315307617188	179.732437133789	0.234184890985489	64.1762542724609	1029.72912597656	363.066467285156	183.409576416016	24.3030166625977	26.1063213348389	11.1436233520508	19.419942855835	2.59720230102539	14.1571826934814	48.1009826660156	8.91821575164795	6	4.78199434280396	0.704532206058502	0.707720041275024
0.71358	2470438.35588637	-3599347.59559199	0.711893022060394	0.710283994674683	285	2050	0	1518.94458007812	3392.86083984375	1500.96179199219	1932.72680664062	2.5329852104187	1.89299131925225e-11	2.64804150829079e-11	391.441925048828	1.19789347576482e-14	1.36155030392576e-12	225.988388061523	174.310562133789	143.727661132812	33	279.098083496094	99.8385925292969	339.211761474609	102.175903320312	182.034423828125	110.092826843262	0.196109041571617	106.671508789062	989.911560058594	375.732177734375	161.214096069336	9.8527307510376	25.5824108123779	5.14957094192505	14.8325824737549	1.40373814105988	11.0413846969604	61.9653587341309	3.09917831420898	6	6	0.710247278213501	0.710410416126251
0.71232	2464744.91310141	-3737002.28827582	0.711284995079041	0.710537016391754	240	2050	0	1535.9443359375	3814.98266601562	1437.83349609375	1852.46850585938	2.43589496612549	2.43479680861469e-11	3.0928922617468e-11	325.465118408203	1.40020949750217e-14	1.12128578991233e-12	207.115875244141	136.299331665039	146.293365478516	37	284.600830078125	102.111701965332	355.862854003906	150.142532348633	209.660522460938	105.565475463867	0.229723289608955	63.1854515075684	905.449829101562	272.747009277344	144.596008300781	18.8271293640137	27.8580150604248	7.09289979934692	16.8065052032471	1.45473849773407	11.5552024841309	53.0739288330078	5.34047412872314	6	6	0.711284995079041	0.71092027425766
0.73006	2492631.18621082	-3364014.81858627	0.711827993392944	0.703535974025726	2050	2050	0	1570.13708496094	3711.39135742188	1463.04479980469	1945.86279296875	2.53443956375122	1.03368459625219e-11	2.56936277809316e-11	484.916809082031	8.01505011042676e-15	1.53509410044661e-12	230.965225219727	191.948867797852	142.830017089844	37	288.712524414062	84.8861770629883	322.027862548828	95.013069152832	182.589340209961	112.090774536133	0.21916201710701	70.1809539794922	458.639007568359	160.192504882812	120.029678344727	24.105432510376	28.0849781036377	6.02961206436157	2.75332832336426	1.26012992858887	6.57500267028809	63.3834571838379	2.74138951301575	6	6	0.714718163013458	0.725722968578339
0.73274	2496445.92153109	-3337891.32548779	0.721939980983734	0.703535974025726	2050	2050	0	1256.76428222656	3285.33520507812	1593.82861328125	2040.36547851562	2.43032383918762	9.41722567981973e-12	2.60070610880181e-11	482.392150878906	7.56603963915315e-15	1.53751187129125e-12	200.376770019531	200.828842163086	142.593109130859	37	274.014282226562	98.2229919433594	334.771087646484	118.586669921875	196.75732421875	105.913162231445	0.201610773801804	59.4153099060059	642.637451171875	228.028503417969	146.324203491211	22.2095222473145	28.5637264251709	5.75919246673584	3.09045124053955	1.14697432518005	7.21501779556274	58.0565338134766	4.11201477050781	6	6	0.72396844625473	0.722294747829437
0.74295	2499196.74687505	-3342119.49810726	0.713497996330261	0.710379004478455	2050	2050	0	1496.79675292969	3587.44311523438	1496.89587402344	1978.55651855469	2.49132776260376	9.5168170219373e-12	2.65279499755966e-11	478.772644042969	7.66495360563467e-15	1.5339123200786e-12	197.053115844727	174.731201171875	144.608108520508	40	235.980133056641	85.431396484375	332.827941894531	121.476852416992	208.596664428711	115.535247802734	0.203311592340469	64.0683212280273	378.490997314453	142.897216796875	133.289779663086	37.157039642334	28.9640998840332	7.38752841949463	2.56379389762878	1.24221587181091	6.63352680206299	56.3936538696289	3.03113460540771	6	6	0.724154591560364	0.724691569805145
0.72611	2498560.85001915	-3359704.08019754	0.711827993392944	0.703535974025726	2050	2050	0	1478.32604980469	3581.55810546875	1492.20361328125	1970.67272949219	2.50672483444214	1.01296922239147e-11	2.65945598876272e-11	478.555816650391	7.99153647581098e-15	1.53269020738978e-12	223.248626708984	191.909790039062	141.73974609375	38	293.443176269531	86.6549377441406	328.110168457031	125.890144348145	184.088943481445	117.553070068359	0.223071649670601	74.0148620605469	577.265930175781	217.45036315918	134.913604736328	25.4610385894775	27.7300834655762	6.85849809646606	2.94069981575012	1.24550294876099	8.37294769287109	58.9672241210938	3.45622563362122	6	6	0.717730283737183	0.728087902069092
0.751935	2499954.20237191	-3341303.593437	0.713497996330261	0.710379004478455	2050	2050	0	1496.79675292969	3587.44311523438	1496.89587402344	1978.55651855469	2.49132776260376	9.5168170219373e-12	2.65279499755966e-11	478.772644042969	7.66495360563467e-15	1.5339123200786e-12	197.053115844727	174.731201171875	144.608108520508	40	235.980133056641	85.431396484375	332.827941894531	121.476852416992	208.596664428711	115.535247802734	0.203311592340469	64.0683212280273	378.490997314453	142.897216796875	133.289779663086	37.157039642334	28.9640998840332	7.38752841949463	2.56379389762878	1.24221587181091	6.63352680206299	56.3936538696289	3.03113460540771	6	6	0.724154591560364	0.724691569805145
0.74548	2500551.60326156	-3336100.51765526	0.721939980983734	0.703535974025726	2050	2050	0	1244.63610839844	3244.98999023438	1590.02966308594	2047.02038574219	2.44501662254333	9.30503243901093e-12	2.66107830215745e-11	479.076324462891	7.56162490343206e-15	1.53363834218961e-12	189.745864868164	205.853378295898	139.571273803711	40	290.101959228516	104.201507568359	333.935302734375	123.456993103027	213.041412353516	105.290351867676	0.200003609061241	61.2661743164062	644.23828125	215.623260498047	146.576354980469	28.9483127593994	27.2336692810059	6.93417882919312	3.14702343940735	1.22891318798065	8.53971767425537	55.3579292297363	4.33756828308105	6	6	0.72337681055069	0.722472012042999
0.74885	2504688.28123576	-3299209.70964969	0.752990007400513	0.741168975830078	2050	2050	0	1152.24658203125	2922.37280273438	1655.66809082031	2077.73461914062	2.38431620597839	8.13292228701856e-12	2.67479406679261e-11	479.291381835938	6.94157730428413e-15	1.52193578920046e-12	188.601715087891	193.046279907227	140.620162963867	36	313.914398193359	77.1226501464844	353.736145019531	165.01139831543	209.688201904297	101.77613067627	0.20279586315155	49.2445297241211	767.511047363281	198.079147338867	141.414993286133	29.6999073028564	27.8156585693359	7.76200485229492	2.53284096717834	1.53039276599884	9.46704196929932	56.2977485656738	4.36465883255005	6	6	0.743822157382965	0.730001747608185
0.71494	2481645.4658286	-3642081.02090071	0.711893022060394	0.710283994674683	285	2050	0	1516.94750976562	3494.8564453125	1486.09936523438	1892.40087890625	2.49470400810242	2.03333096887581e-11	3.08543988969401e-11	359.920043945312	1.2767135337485e-14	1.35618588841674e-12	238.907272338867	173.728042602539	140.340240478516	34	308.242584228516	97.0667419433594	368.843139648438	103.081802368164	188.038635253906	97.7215194702148	0.200826704502106	49.5299224853516	1013.01947021484	333.098480224609	185.479858398438	17.1921691894531	26.1126384735107	5.55318164825439	13.879732131958	1.53556549549103	11.0021181106567	60.1212539672852	3.182945728302	6	6	0.710945308208466	0.710893452167511
0.75326	2503016.53436441	-3339466.33334097	0.713497996330261	0.710379004478455	2050	2050	0	1400.29711914062	3455.96411132812	1526.388671875	2003.9404296875	2.48138976097107	9.41572167456606e-12	2.69748858666707e-11	475.593078613281	7.65242260021299e-15	1.53121688505758e-12	183.816787719727	193.942794799805	140.76692199707	37	280.771820068359	85.0152359008789	337.377624511719	119.565856933594	211.409057617188	107.746726989746	0.201740279793739	65.2333526611328	432.884185791016	156.67268371582	131.113647460938	36.9923515319824	28.1954536437988	6.5862979888916	2.50404787063599	1.22554087638855	6.96092844009399	56.6460266113281	3.97682690620422	6	6	0.72447282075882	0.724866330623627
0.73139	2502481.24948286	-3359580.5517369	0.716058015823364	0.709850013256073	3250	2050	0	1520.2548828125	3624.37353515625	1471.33288574219	1957.83569335938	2.52583694458008	1.0081147722163e-11	2.72278172230855e-11	474.118377685547	8.02534748996653e-15	1.53050261266635e-12	207.803558349609	183.360488891602	143.421096801758	41	275.210876464844	95.2058334350586	329.257659912109	120.54598236084	190.03483581543	106.563926696777	0.229891717433929	77.2210922241211	419.5634765625	149.609481811523	131.824813842773	37.911937713623	28.9640998840332	6.39111948013306	2.56989502906799	1.20161008834839	6.79591035842896	60.6429862976074	3.30577611923218	6	6	0.719365239143372	0.729621171951294
0.73397	2503986.32975646	-3342651.05731065	0.733110010623932	0.724394023418427	2050	2050	0	1414.74401855469	3482.81127929688	1517.43225097656	1993.78491210938	2.49711132049561	9.50409455996448e-12	2.71699451132035e-11	474.263763427734	7.71654638245193e-15	1.53011858825686e-12	195.314468383789	190.380386352539	139.741287231445	37	250.341445922852	87.5508117675781	332.04638671875	152.807907104492	223.352203369141	114.298141479492	0.203500747680664	67.3199462890625	491.716400146484	192.213943481445	150.875076293945	35.7235374450684	28.9640998840332	7.48837471008301	2.69296050071716	1.32835137844086	7.88376140594482	54.9697914123535	4.38812732696533	6	6	0.722791194915771	0.726570665836334
0.72945	2504016.66211869	-3342737.58908009	0.733110010623932	0.724394023418427	2050	2050	0	1414.74401855469	3482.81127929688	1517.43225097656	1993.78491210938	2.49711132049561	9.50409455996448e-12	2.71699451132035e-11	474.263763427734	7.71654638245193e-15	1.53011858825686e-12	195.314468383789	190.380386352539	139.741287231445	37	250.341445922852	87.5508117675781	332.04638671875	152.807907104492	223.352203369141	114.298141479492	0.203500747680664	67.3199462890625	491.716400146484	192.213943481445	150.875076293945	35.7235374450684	28.9640998840332	7.48837471008301	2.69296050071716	1.32835137844086	7.88376140594482	54.9697914123535	4.38812732696533	6	6	0.722791194915771	0.726570665836334
0.73541	2504333.13607595	-3342045.32611142	0.733110010623932	0.724394023418427	2050	2050	0	1370.76831054688	3415.9912109375	1529.19323730469	2006.23852539062	2.49049043655396	9.45933609219907e-12	2.73146713580807e-11	473.228485107422	7.70614651192554e-15	1.52921458048544e-12	184.297561645508	190.738708496094	139.904830932617	37	225.528656005859	86.5918502807617	330.368408203125	133.811264038086	223.962951660156	116.517059326172	0.202731043100357	66.9863204956055	493.220794677734	168.469635009766	152.175933837891	37.3471183776855	28.9640998840332	7.36923599243164	2.81931567192078	1.22982573509216	7.87027072906494	54.9426727294922	4.3273401260376	6	6	0.722528457641602	0.726472020149231
0.755245	2504371.67150248	-3341872.25722195	0.733110010623932	0.724394023418427	2050	2050	0	1370.76831054688	3415.9912109375	1529.19323730469	2006.23852539062	2.49049043655396	9.45933609219907e-12	2.73146713580807e-11	473.228485107422	7.70614651192554e-15	1.52921458048544e-12	184.297561645508	190.738708496094	139.904830932617	37	225.528656005859	86.5918502807617	330.368408203125	133.811264038086	223.962951660156	116.517059326172	0.202731043100357	66.9863204956055	493.220794677734	168.469635009766	152.175933837891	37.3471183776855	28.9640998840332	7.36923599243164	2.81931567192078	1.22982573509216	7.87027072906494	54.9426727294922	4.3273401260376	6	6	0.722528457641602	0.726472020149231
0.72825	2504448.68220226	-3343565.80580359	0.733110010623932	0.724394023418427	2050	2050	0	1478.30725097656	3583.16088867188	1491.50927734375	1979.97924804688	2.49615502357483	9.52578640966983e-12	2.73400260764056e-11	473.081298828125	7.74345068995557e-15	1.52919007751634e-12	193.646789550781	197.957717895508	140.301300048828	40	256.360778808594	91.7948379516602	336.716552734375	148.261901855469	213.949340820312	124.96753692627	0.204113125801086	68.1908950805664	515.755920410156	204.840225219727	153.498382568359	37.1935043334961	28.6181983947754	8.24910449981689	3.0336639881134	1.23840856552124	7.66849946975708	53.0751647949219	4.40978288650513	6	6	0.721817433834076	0.727357804775238
0.7324	2504577.41741975	-3343120.79741791	0.733110010623932	0.724394023418427	2050	2050	0	1419.92102050781	3497.22827148438	1512.41333007812	1992.37512207031	2.49524426460266	9.49256298565793e-12	2.73273435130728e-11	473.154907226562	7.72479733039113e-15	1.52920091953807e-12	187.305313110352	190.253219604492	138.601959228516	40	253.509643554688	90.5504684448242	340.801330566406	149.185394287109	218.913772583008	121.599838256836	0.203419744968414	67.5882568359375	508.602966308594	181.898391723633	153.771743774414	37.2718200683594	28.9640998840332	7.77407932281494	2.81700563430786	1.25585639476776	7.9786581993103	54.3880805969238	4.44843339920044	6	6	0.722183287143707	0.726924121379852
0.74095	2505526.66492601	-3335875.87975701	0.713497996330261	0.710379004478455	2050	2050	0	1273.81591796875	3196.8388671875	1564.42956542969	2041.94201660156	2.46803331375122	9.24861662948695e-12	2.73958893765025e-11	473.533050537109	7.60246036181919e-15	1.52828682868644e-12	178.061279296875	187.493789672852	141.513519287109	41	292.731384277344	84.7715454101562	337.358459472656	133.518859863281	203.117309570312	113.212425231934	0.198370456695557	63.6225738525391	594.594970703125	187.770385742188	146.971710205078	31.5529041290283	28.08034324646	6.88042163848877	2.76789474487305	1.19940400123596	8.18227958679199	55.5547714233398	4.50501251220703	6	6	0.72408401966095	0.723885595798492
0.72497	2504955.19368891	-3345172.71118513	0.711827993392944	0.703535974025726	2050	2050	0	1486.49475097656	3585.09594726562	1488.39404296875	1980.09326171875	2.49094033241272	9.59222198199106e-12	2.73654241628174e-11	472.934020996094	7.78076503238096e-15	1.52917695867005e-12	196.151824951172	199.285720825195	143.289901733398	41	229.447250366211	91.3060531616211	339.474975585938	136.261215209961	204.683090209961	116.416137695312	0.205513969063759	69.3982467651367	530.632263183594	243.711517333984	139.249008178711	36.5470695495605	28.6663131713867	8.37320995330811	2.814692735672	1.22554087638855	7.03092813491821	53.6486930847168	4.68189334869385	6	6	0.721130192279816	0.728228509426117
0.72599	2505091.3087192	-3344888.42045035	0.711827993392944	0.703535974025726	2050	2050	0	1490.17553710938	3588.689453125	1487.53552246094	1980.31079101562	2.49354195594788	9.55900636423479e-12	2.73527190480793e-11	473.007690429688	7.76210659061884e-15	1.52918205442026e-12	195.162170410156	203.565460205078	142.074768066406	42	240.920227050781	95.2437057495117	339.553375244141	138.223602294922	217.052810668945	120.410301208496	0.204811200499535	68.7942199707031	538.144775390625	227.522689819336	148.089614868164	36.8706512451172	28.6824817657471	8.316575050354	2.9520902633667	1.2258597612381	7.21585130691528	52.9411849975586	4.70314455032349	6	6	0.721956491470337	0.727807521820068
0.727315	2505646.72820635	-3353885.18880516	0.734073996543884	0.724394023418427	2050	2050	0	1419.1845703125	3457.27661132812	1506.00500488281	1984.720703125	2.48832392692566	9.845901004224e-12	2.76254488035255e-11	471.234497070312	7.93850713111518e-15	1.52856210761804e-12	219.477645874023	192.494049072266	140.901321411133	43	279.122436523438	87.6112976074219	303.342864990234	126.984413146973	193.509460449219	100.991996765137	0.22018401324749	74.5788497924805	613.177001953125	204.078186035156	123.503440856934	31.3657054901123	28.4072551727295	7.20550346374512	2.80841898918152	1.22554087638855	7.95942163467407	57.6851119995117	3.90408325195312	6	6	0.720549046993256	0.729957759380341
0.72347	2505763.11070088	-3358085.80617279	0.716058015823364	0.709850013256073	3250	2050	0	1509.17761230469	3574.73583984375	1471.31811523438	1962.06811523438	2.48831820487976	9.97847377642858e-12	2.76769458046333e-11	470.9384765625	8.013295905193e-15	1.5287504335354e-12	206.609603881836	188.279510498047	144.450256347656	38	285.594818115234	90.167350769043	320.820831298828	121.264503479004	195.803421020508	104.012992858887	0.229990661144257	77.0442733764648	463.285888671875	176.579711914062	131.708770751953	32.0064163208008	28.1681270599365	6.34996891021729	2.57042717933655	1.23389291763306	7.23115062713623	59.0082702636719	3.32876491546631	6	6	0.721687734127045	0.730694770812988
0.72646	2506777.78790125	-3343664.69542504	0.733110010623932	0.724394023418427	2050	2050	0	1473.55249023438	3584.44409179688	1492.93664550781	1978.81127929688	2.49251770973206	9.50265127003247e-12	2.76549286942762e-11	470.863525390625	7.75997545572355e-15	1.52739810816566e-12	193.269119262695	194.982055664062	140.969543457031	40	255.521392822266	96.1642990112305	337.496917724609	155.679885864258	214.012191772461	125.645683288574	0.20402130484581	68.7375183105469	470.617858886719	174.165496826172	138.937789916992	41.2393035888672	30.6607151031494	8.46124076843262	2.68334722518921	1.2132021188736	7.36267137527466	53.2386627197266	4.44024753570557	6	6	0.721551954746246	0.728142440319061
0.73393	2506916.21813377	-3344567.04422029	0.711827993392944	0.703535974025726	2050	2050	0	1487.72534179688	3599.74829101562	1486.83508300781	1976.41418457031	2.49007678031921	9.53580010093491e-12	2.76677309535289e-11	470.789855957031	7.77865507330935e-15	1.52743377841713e-12	192.891555786133	197.59684753418	141.915802001953	40	264.356201171875	96.0461578369141	329.369415283203	149.119735717773	209.914291381836	123.65901184082	0.204789593815804	69.3508453369141	459.503234863281	186.199630737305	133.389694213867	38.6667137145996	29.1951866149902	8.54527378082275	2.68110918998718	1.22522699832916	7.05895137786865	53.2954711914062	4.15645885467529	6	6	0.721380293369293	0.728621363639832
0.71302	2509350.34462006	-3308805.48113608	0.70930802822113	0.706324994564056	2050	2050	0	1185.38354492188	3018.31884765625	1626.6796875	2073.11987304688	2.36856985092163	8.30923697903163e-12	2.76804516807783e-11	472.100128173828	7.13130844930436e-15	1.5229782495893e-12	173.775634765625	183.359878540039	145.056686401367	38	320.234588623047	89.0633087158203	324.422760009766	103.345649719238	184.825332641602	97.5418014526367	0.189296543598175	53.305606842041	742.086853027344	232.689300537109	148.939010620117	20.0354042053223	28.3220176696777	6.89085149765015	10.6468124389648	1.2498527765274	9.7072868347168	53.1097412109375	3.73708891868591	6	6	0.710386574268341	0.725576281547546
0.74232	2506900.04278856	-3353477.4421257	0.713497996330261	0.710379004478455	2050	2050	0	1429.66430664062	3477.33276367188	1501.99865722656	1981.2587890625	2.48588466644287	9.83397911713535e-12	2.77834387441001e-11	470.125305175781	7.94688852212826e-15	1.5278842644198e-12	221.164428710938	184.632202148438	141.46598815918	42	293.095245361328	88.9108963012695	305.191772460938	137.095367431641	191.081756591797	107.173278808594	0.221050232648849	74.9021835327148	550.787231445312	186.781753540039	126.483222961426	33.6072654724121	28.8271141052246	6.7832350730896	2.66757130622864	1.22554087638855	7.63791704177856	59.2830429077148	3.60902500152588	6	6	0.724205851554871	0.73039436340332
0.73461	2506230.37322522	-3364039.51968845	0.733110010623932	0.724394023418427	2050	2050	0	1591.71850585938	3730.48413085938	1441.47131347656	1933.66967773438	2.5048496723175	1.01649461417552e-11	2.79130503433311e-11	469.384094238281	8.1340565454501e-15	1.52866044475508e-12	196.989669799805	196.945892333984	139.103713989258	36	306.566284179688	92.067985534668	333.397308349609	126.644546508789	200.836334228516	118.249816894531	0.247529491782188	81.1368789672852	440.055114746094	152.692855834961	135.691268920898	54.8112716674805	30.721923828125	6.97075605392456	2.7415144443512	1.28801095485687	7.12579679489136	55.3404388427734	4.05532693862915	6	6	0.728704452514648	0.731456220149994
0.73721	2506260.71975822	-3363990.11745822	0.733110010623932	0.724394023418427	2050	2050	0	1591.71850585938	3730.48413085938	1441.47131347656	1933.66967773438	2.5048496723175	1.01649461417552e-11	2.79130503433311e-11	469.384094238281	8.1340565454501e-15	1.52866044475508e-12	196.989669799805	196.945892333984	139.103713989258	36	306.566284179688	92.067985534668	333.397308349609	126.644546508789	200.836334228516	118.249816894531	0.247529491782188	81.1368789672852	440.055114746094	152.692855834961	135.691268920898	54.8112716674805	30.721923828125	6.97075605392456	2.7415144443512	1.28801095485687	7.12579679489136	55.3404388427734	4.05532693862915	6	6	0.728704452514648	0.731456220149994
0.73076	2507749.66632432	-3346136.80226303	0.733110010623932	0.724394023418427	2050	2050	0	1537.73852539062	3677.56762695312	1468.18676757812	1961.65588378906	2.48600053787231	9.55730720259007e-12	2.7838103350275e-11	469.607177734375	7.80562375531698e-15	1.52661986784625e-12	202.647064208984	200.887893676758	143.692779541016	41	233.618148803711	93.4224090576172	325.945831298828	144.059143066406	208.225204467773	123.036804199219	0.20558688044548	70.2481842041016	406.75927734375	159.87434387207	119.580688476562	35.172737121582	29.3157711029053	8.40279197692871	2.77178406715393	1.22554087638855	6.58441495895386	56.2085800170898	3.62699317932129	6	6	0.723116159439087	0.729413449764252
0.72971	2507670.91161462	-3347703.71285951	0.711827993392944	0.703535974025726	2050	2050	0	1508.22436523438	3613.63305664062	1478.24243164062	1966.33715820312	2.48134732246399	9.62351552613594e-12	2.78638691980637e-11	469.459594726562	7.84302025993826e-15	1.52674921316542e-12	186.358657836914	198.288986206055	145.190002441406	41	230.31787109375	92.2734222412109	313.309020996094	115.382545471191	200.59602355957	106.380317687988	0.207217186689377	71.4883270263672	439.671569824219	190.999313354492	126.467964172363	33.2831344604492	28.5206909179688	7.66238164901733	2.78407835960388	1.22536170482635	6.81302309036255	59.2132263183594	3.2746114730835	6	6	0.723766624927521	0.729982674121857
0.72607	2508585.05867277	-3345914.32317908	0.711827993392944	0.703535974025726	2050	2050	0	1537.67431640625	3680.1123046875	1466.92736816406	1959.07067871094	2.48075437545776	9.54566894278974e-12	2.79956630794276e-11	468.498229980469	7.81390943160702e-15	1.52576757651846e-12	206.283157348633	198.472259521484	144.162490844727	40	223.708587646484	89.4178695678711	317.806304931641	134.664352416992	204.475692749023	122.985412597656	0.205102130770683	70.5315017700195	402.771331787109	130.278381347656	118.171745300293	35.8761863708496	30.4068698883057	7.8847017288208	2.64828419685364	1.22554087638855	6.66522932052612	58.1555099487305	3.41426968574524	6	6	0.724519550800323	0.729771852493286
0.75858	2508369.59866489	-3353477.4421257	0.734073996543884	0.725053012371063	2050	2050	0	1488.40942382812	3580.53759765625	1479.47033691406	1963.12475585938	2.47530102729797	9.81013360823457e-12	2.80994203599727e-11	467.906951904297	7.96365130415443e-15	1.52652857802332e-12	213.070663452148	188.450531005859	142.312484741211	38	284.568939208984	91.9562759399414	323.980102539062	132.75407409668	202.598983764648	121.826072692871	0.22055396437645	75.5488433837891	526.538940429688	144.999038696289	132.678894042969	34.4554138183594	28.5015487670898	6.86406230926514	2.80632376670837	1.22554087638855	7.84435129165649	58.9263572692871	3.87839031219482	6	6	0.732043087482452	0.731278955936432
0.73071	2508861.08168774	-3346915.46264621	0.711827993392944	0.703535974025726	2050	2050	0	1509.52746582031	3635.2431640625	1475.32019042969	1963.63269042969	2.47852683067322	9.57873971113576e-12	2.80085937082175e-11	468.424438476562	7.83261869534597e-15	1.52585257796878e-12	198.749542236328	193.191955566406	145.389175415039	40	225.175720214844	89.1509704589844	308.745452880859	135.133666992188	202.530471801758	114.892715454102	0.20585161447525	71.1562194824219	417.584045410156	137.189514160156	124.415237426758	35.7513275146484	28.9640998840332	7.53312969207764	2.74467873573303	1.22554087638855	6.88464260101318	59.5642776489258	3.16369438171387	6	6	0.725267946720123	0.730134963989258
0.736705	2508383.64734695	-3361495.17026713	0.716058015823364	0.709850013256073	3250	2050	0	1461.08227539062	3640.1865234375	1486.22583007812	1946.33825683594	2.47535252571106	1.00743675554571e-11	2.8203885407696e-11	467.313720703125	8.1135558070277e-15	1.52747541178055e-12	216.915817260742	187.89143371582	142.798690795898	37	270.483581542969	88.2116851806641	321.747650146484	152.246719360352	197.485504150391	120.549461364746	0.240448355674744	80.6110763549805	506.156280517578	172.062683105469	146.673965454102	39.9491653442383	29.6112098693848	6.52222537994385	2.55997323989868	1.39833843708038	7.13667345046997	56.9952354431152	3.31790804862976	6	6	0.73168009519577	0.732438921928406
0.75035	2509161.86266816	-3354169.37173244	0.748625993728638	0.750074028968811	3250	2050	0	1440.35864257812	3526.87866210938	1495.17224121094	1971.59326171875	2.4727988243103	9.8431748862815e-12	2.81124394596599e-11	467.832885742188	7.98238004965117e-15	1.52663678140014e-12	218.890914916992	190.879547119141	143.10758972168	39	271.662658691406	89.0797958374023	321.318298339844	127.568603515625	199.702941894531	119.424468994141	0.223055183887482	76.1791610717773	504.960510253906	150.24641418457	129.574264526367	34.8218765258789	28.5031967163086	6.75392007827759	2.71714186668396	1.22554087638855	7.75659704208374	59.283390045166	3.55089998245239	6	6	0.731754899024963	0.731464505195618
0.735685	2509652.05511395	-3347224.44778579	0.734073996543884	0.724394023418427	2050	2050	0	1447.95092773438	3565.60913085938	1496.33898925781	1971.81274414062	2.47059178352356	9.60009675921025e-12	2.81792037620798e-11	467.241577148438	7.85963989339633e-15	1.52513169194429e-12	192.923370361328	188.929733276367	144.011444091797	40	259.583190917969	89.2652816772461	310.684997558594	140.462936401367	196.271209716797	113.985054016113	0.205810591578484	72.0749588012695	450.147827148438	153.474990844727	123.765892028809	38.1664962768555	28.9640998840332	7.15743255615234	2.59767913818359	1.22527229785919	6.82128000259399	60.3909187316895	2.70553350448608	6	6	0.729842305183411	0.730612397193909
0.75114	2516270.7532256	-3331102.42749498	0.733110010623932	0.724394023418427	2050	2050	0	1192.63159179688	3210.98046875	1579.59143066406	2027.60437011719	2.404456615448	8.96033594544043e-12	2.90570276173518e-11	461.733642578125	7.59844457861626e-15	1.51540444689319e-12	218.595764160156	190.829040527344	143.634216308594	36	265.296936035156	85.1660308837891	341.920288085938	135.563247680664	198.251266479492	103.871810913086	0.190134733915329	62.9110107421875	740.763122558594	242.191757202148	164.309371948242	22.4983253479004	30.9374256134033	7.35511684417725	4.8387188911438	1.19847083091736	8.91716957092285	52.5320854187012	4.93365097045898	6	6	0.72284609079361	0.723838686943054
0.73171	2517217.5895662	-3333711.12611185	0.711827993392944	0.703535974025726	2050	2050	0	1223.45129394531	3204.18408203125	1562.8095703125	2033.97412109375	2.40190839767456	9.04763330228375e-12	2.92535648482861e-11	460.404205322266	7.66289362150695e-15	1.51494745567748e-12	235.368072509766	191.83056640625	139.825744628906	40	237.284606933594	95.891975402832	345.227813720703	117.839988708496	188.820922851562	111.187713623047	0.192497447133064	65.0992050170898	733.278137207031	243.241333007812	165.772216796875	26.5621795654297	32.0513954162598	8.01612091064453	3.05519986152649	1.15714848041534	9.52203273773193	52.5166168212891	5.78826904296875	6	6	0.718782961368561	0.726040840148926
0.71275	2491220.65295943	-3705410.43626403	0.711893022060394	0.710283994674683	285	2050	0	1589.99975585938	4021.25756835938	1428.67590332031	1773.37780761719	2.39767289161682	2.2585705874989e-11	3.72287582706132e-11	316.251525878906	1.39322469441252e-14	1.34919603701072e-12	212.458847045898	128.765609741211	145.684295654297	36	249.064529418945	98.6594314575195	356.403961181641	124.137512207031	205.220199584961	102.896255493164	0.221728891134262	51.0694046020508	854.679870605469	309.507751464844	132.917343139648	20.5197849273682	25.5085296630859	6.02267360687256	15.3135356903076	1.75713074207306	10.0268774032593	57.658130645752	4.71457052230835	6	6	0.711510181427002	0.711161196231842
0.73308	2517590.75352331	-3333773.69971986	0.711827993392944	0.703535974025726	2050	2050	0	1223.45129394531	3204.18408203125	1562.8095703125	2033.97412109375	2.40190839767456	9.04763330228375e-12	2.92535648482861e-11	460.404205322266	7.66289362150695e-15	1.51494745567748e-12	235.368072509766	191.83056640625	139.825744628906	40	237.284606933594	95.891975402832	345.227813720703	117.839988708496	188.820922851562	111.187713623047	0.192497447133064	65.0992050170898	733.278137207031	243.241333007812	165.772216796875	26.5621795654297	32.0513954162598	8.01612091064453	3.05519986152649	1.15714848041534	9.52203273773193	52.5166168212891	5.78826904296875	6	6	0.718782961368561	0.726040840148926
0.72957	2516821.56442014	-3354490.6178904	0.748625993728638	0.750074028968811	3250	2050	0	1423.47265625	3540.27124023438	1495.02587890625	1970.10192871094	2.45580554008484	9.74750835602833e-12	2.93767961345726e-11	458.959197998047	8.04952604544591e-15	1.52138848394379e-12	220.426376342773	183.187973022461	143.278366088867	39	274.9619140625	90.0302047729492	322.030700683594	105.948745727539	184.09455871582	103.208389282227	0.215009227395058	78.8058624267578	460.7021484375	180.999359130859	145.387893676758	33.1005058288574	29.2059783935547	7.1545295715332	2.67104506492615	1.22554087638855	7.62749671936035	58.311637878418	3.19036793708801	6	6	0.747906267642975	0.73493355512619
0.72451	2517549.04073956	-3353724.56216354	0.748625993728638	0.750074028968811	3250	2050	0	1401.69091796875	3546.15234375	1500.58605957031	1969.92504882812	2.44596171379089	9.70282881818108e-12	2.95213367640379e-11	457.924285888672	8.03908297623921e-15	1.52042788081896e-12	206.23371887207	189.56559753418	142.375823974609	38	282.491424560547	90.7532043457031	314.341278076172	131.991668701172	188.716033935547	108.86767578125	0.211785390973091	78.4588394165039	468.032653808594	191.155578613281	138.502243041992	31.2094383239746	28.4959735870361	7.00491619110107	2.77098512649536	1.22554087638855	8.29477787017822	59.9932594299316	3.33834338188171	6	6	0.747906267642975	0.734998345375061
0.72752	2519495.60369272	-3345518.79966299	0.748625993728638	0.750074028968811	3250	2050	0	1304.03698730469	3389.21557617188	1533.19702148438	1995.44152832031	2.42615652084351	9.41764721762439e-12	2.97288166306586e-11	456.2998046875	7.90505695299516e-15	1.51639161297124e-12	226.114700317383	188.386093139648	143.684921264648	39	303.993316650391	97.7073974609375	328.972595214844	127.406677246094	199.966842651367	113.395355224609	0.197090968489647	73.64794921875	610.914001464844	177.521881103516	127.895225524902	24.467342376709	28.613805770874	6.413405418396	2.95515108108521	1.14009189605713	8.78680801391602	59.7295761108398	3.05374789237976	6	6	0.747812390327454	0.732374310493469
0.735235	2519778.45306166	-3345469.3587605	0.748625993728638	0.750074028968811	3250	2050	0	1304.03698730469	3389.21557617188	1533.19702148438	1995.44152832031	2.42615652084351	9.41764721762439e-12	2.97288166306586e-11	456.2998046875	7.90505695299516e-15	1.51639161297124e-12	226.114700317383	188.386093139648	143.684921264648	39	303.993316650391	97.7073974609375	328.972595214844	127.406677246094	199.966842651367	113.395355224609	0.197090968489647	73.64794921875	610.914001464844	177.521881103516	127.895225524902	24.467342376709	28.613805770874	6.413405418396	2.95515108108521	1.14009189605713	8.78680801391602	59.7295761108398	3.05374789237976	6	6	0.747812390327454	0.732374310493469
0.71439	2477969.6036817	-4005893.34992028	0.711893022060394	0.710283994674683	285	730	0	1400.01733398438	4017.2353515625	1325.66760253906	1719.85412597656	2.62565445899963	2.48894915094722e-11	1.27731339394366e-10	128.536987304688	1.4291919156386e-14	9.02781430341115e-13	243.656600952148	165.325103759766	131.01838684082	54	307.643249511719	104.870147705078	361.695220947266	165.548950195312	270.109802246094	166.267517089844	0.231194794178009	13.0060987472534	547.478881835938	192.096694946289	135.994369506836	38.8884086608887	24.7134037017822	9.10940456390381	3.19817495346069	2.62079453468323	8.33515167236328	44.5369834899902	10.6097793579102	5.98462629318237	4.53864002227783	0.7116978764534	0.71103048324585
0.71273	2505623.41221651	-3692029.95678601	0.711284995079041	0.710537016391754	240	2050	0	1736.40393066406	4230.15625	1400.24072265625	1748.94470214844	2.38930463790894	2.17600434199161e-11	4.02176868197213e-11	310.264495849609	1.39138078838964e-14	1.45352458368053e-12	257.944213867188	141.031021118164	135.488906860352	50	272.604614257812	123.212844848633	356.789245605469	180.076950073242	249.629211425781	169.947509765625	0.223432973027229	48.494083404541	597.680541992188	196.799697875977	134.976745605469	42.0033226013184	27.1974296569824	8.67155170440674	8.2186861038208	2.12165546417236	9.22630596160889	49.9455337524414	7.66493034362793	6	6	0.710628807544708	0.710885524749756
0.70816	2502015.81273322	-3762482.88948378	0.703992009162903	0.702769994735718	172.550003051758	2050	0	2540.05834960938	6307.95751953125	1181.84350585938	1467.37158203125	2.36625552177429	2.45502750073623e-11	4.44507416985651e-11	277.207916259766	1.50374995794159e-14	1.38553654226853e-12	228.279281616211	242.267669677734	120.862899780273	81	307.737670898438	149.61018371582	359.486145019531	360.47998046875	397.534515380859	254.079803466797	0.253106325864792	49.3094749450684	946.837768554688	197.702743530273	196.018478393555	36.7074890136719	24.7117710113525	9.5937671661377	3.68831157684326	2.56953096389771	12.255989074707	46.5651206970215	11.5513324737549	4.25960731506348	4	0.703992009162903	0.704605638980865
0.72407	2532611.20952366	-3376806.51958744	0.733110010623932	0.724394023418427	2050	2050	0	1669.0009765625	3986.27758789062	1411.90930175781	1866.62084960938	2.47111248970032	1.02633821580378e-11	3.22232483751517e-11	439.559448242188	8.60280457846063e-15	1.52554444771136e-12	245.486251831055	179.968444824219	139.453903198242	43	302.629272460938	109.772621154785	346.468841552734	171.283966064453	222.273178100586	147.906860351562	0.22824738919735	100.75	370.484649658203	148.882827758789	114.368499755859	47.1580963134766	30.017599105835	6.92023611068726	2.52024507522583	1.12063181400299	7.6547417640686	57.1873512268066	4.53684854507446	6	6	0.734494626522064	0.729974329471588
0.7133362	2525300.64153024	-3679858.34595999	0.711284995079041	0.710537016391754	240	2050	0	1636.37463378906	4217.06396484375	1418.17175292969	1754.93823242188	2.38908171653748	2.0892555047114e-11	4.47296123751162e-11	298.086822509766	1.40066088135976e-14	1.58742843089227e-12	215.021575927734	129.493240356445	140.114318847656	38	260.022094726562	101.821327209473	353.805877685547	150.897216796875	215.511428833008	120.02734375	0.227195084095001	51.0602607727051	860.97265625	317.6494140625	144.27783203125	15.8009433746338	27.1810150146484	6.39636564254761	16.469409942627	1.96077132225037	10.1093969345093	51.5796508789062	8.26264190673828	6	6	0.71119499206543	0.709849178791046
0.71161	2524346.18316035	-3750353.28850335	0.703992009162903	0.702769994735718	172.550003051758	2050	0	2751.41650390625	6696.9736328125	1054.06774902344	1350.01171875	2.34879016876221	2.359806100527e-11	5.08820173494851e-11	262.315551757812	1.52169468974235e-14	1.57071838174927e-12	221.468902587891	233.105758666992	123.286346435547	84	285.876312255859	147.395233154297	355.921447753906	420.30908203125	399.831848144531	293.247924804688	0.260960131883621	38.6674194335938	914.314331054688	199.790420532227	172.61979675293	33.3673439025879	23.7425765991211	9.5213508605957	3.51531195640564	2.6225700378418	11.8715362548828	47.1046905517578	10.9607677459717	5.54672718048096	4.03291893005371	0.703992009162903	0.704192817211151
0.70879	2539379.80254202	-3659150.20821402	0.711284995079041	0.710537016391754	240	2050	0	1800.91198730469	4487.5078125	1353.97375488281	1687.33471679688	2.39487886428833	1.98149639057954e-11	4.64934792054894e-11	295.180328369141	1.38447340411138e-14	1.67549914914522e-12	243.72184753418	140.466323852539	138.684982299805	41	257.592468261719	117.958702087402	355.978363037109	173.112243652344	213.50422668457	121.669662475586	0.227090463042259	56.4381065368652	695.135620117188	247.010559082031	147.413162231445	23.3009586334229	26.0968971252441	7.14309597015381	15.4419574737549	2.04510164260864	8.43505477905273	51.9780120849609	7.19674348831177	6	6	0.711037456989288	0.710066080093384
0.71623	2545218.59221381	-3581007.04482871	0.710376024246216	0.710014998912811	248	2050	0	1696.11755371094	4154.78759765625	1427.10974121094	1743.78454589844	2.43127727508545	1.6761321497416e-11	4.06750778891851e-11	332.789794921875	1.25771034957685e-14	1.71252454491538e-12	273.594635009766	180.986602783203	140.692398071289	43	296.340728759766	124.426078796387	349.958587646484	167.573257446289	212.969100952148	133.246719360352	0.210575953125954	43.112678527832	647.066772460938	240.149688720703	157.561706542969	16.1332168579102	26.1020469665527	6.86772346496582	15.4933958053589	2.00948143005371	9.14116668701172	58.5785713195801	3.95303249359131	6	6	0.710975348949432	0.710815191268921
0.71266	2539349.00359513	-3671333.96139379	0.711284995079041	0.710537016391754	240	2050	0	1823.21276855469	4427.60009765625	1341.21765136719	1693.53588867188	2.41196751594543	2.03043363372624e-11	4.77311766500232e-11	289.022216796875	1.40709519773699e-14	1.67549676390044e-12	251.735717773438	137.750305175781	137.674346923828	45	283.843383789062	123.42147064209	359.476135253906	175.686935424805	243.769195556641	188.116897583008	0.240634858608246	63.0081520080566	620.041137695312	202.043212890625	150.250427246094	24.9988288879395	27.6570415496826	8.24813079833984	9.2999792098999	2.32011699676514	9.27229022979736	51.1804733276367	9.52071475982666	6	5.92885684967041	0.709326684474945	0.708995878696442
0.70781	2536702.85055857	-3774605.15604548	0.703992009162903	0.702769994735718	172.550003051758	2050	0	2359.8994140625	4942.63818359375	1178.70642089844	1503.69262695312	2.31224012374878	2.40074002344492e-11	5.97542501590276e-11	238.734741210938	1.57262288450919e-14	1.65340408465192e-12	287.464019775391	212.867584228516	132.712585449219	59	296.476104736328	132.777465820312	356.123443603516	235.31315612793	308.062835693359	188.759658813477	0.258293837308884	31.1124114990234	975.6669921875	265.886016845703	181.067459106445	24.0552616119385	25.1753978729248	9.92060852050781	4.15691184997559	2.60339021682739	11.9243679046631	45.1396636962891	11.324914932251	5.59702348709106	4.33886575698853	0.703992009162903	0.703992009162903
0.71551	2561419.88223866	-3493984.86766995	0.711893022060394	0.710283994674683	285	2050	0	1544.12756347656	3820.40356445312	1495.88659667969	1853.00573730469	2.46484279632568	1.35021221633891e-11	3.88091780934019e-11	372.993469238281	1.11444954962537e-14	1.69792120901374e-12	251.079238891602	167.718734741211	139.742645263672	38	286.933959960938	111.156982421875	353.456451416016	133.406188964844	185.713012695312	133.928756713867	0.205044761300087	56.5415649414062	755.449462890625	275.205810546875	162.470642089844	15.1681261062622	25.8469657897949	5.80075645446777	13.2636260986328	1.37889897823334	10.3869953155518	62.2186393737793	2.45146727561951	6	6	0.710527420043945	0.710218727588654
0.7143	2565394.15611787	-3657931.44159992	0.711893022060394	0.710283994674683	285	2050	0	1760.48205566406	4554.05419921875	1351.30310058594	1679.48352050781	2.38659715652466	1.92521380781852e-11	5.29958403550079e-11	270.775909423828	1.41901329011804e-14	1.8276810186818e-12	229.849670410156	126.388931274414	139.295654296875	43	280.831939697266	116.535202026367	362.201416015625	180.768890380859	232.339904785156	157.186264038086	0.23430535197258	69.8495712280273	721.071533203125	176.730834960938	142.304351806641	36.9572143554688	27.278772354126	8.15520763397217	5.3681812286377	2.06559300422668	9.51785373687744	52.0266304016113	10.03000831604	6	6	0.71152526140213	0.709814608097076
0.7126712	2578585.59163566	-3517306.21772658	0.711893022060394	0.710283994674683	285	2050	0	1591.33898925781	3956.85034179688	1461.26184082031	1792.52648925781	2.44714522361755	1.39326996120848e-11	4.20709717063872e-11	343.494659423828	1.1795065080623e-14	1.78960850045345e-12	250.418716430664	177.542495727539	139.899673461914	39	304.123107910156	121.659248352051	350.371978759766	125.222946166992	208.541198730469	112.151321411133	0.214399039745331	33.2790679931641	984.332946777344	438.530792236328	163.089584350586	9.96635627746582	26.3048248291016	6.13289451599121	14.1204051971436	1.40067613124847	14.7006225585938	57.0016975402832	3.64011478424072	6	6	0.709356904029846	0.709382891654968
0.71206	2589275.82366927	-3829063.86977421	0.711284995079041	0.710537016391754	240	730	0	2414.54345703125	5598.94287109375	1117.94006347656	1436.861328125	2.42127537727356	2.29284386615847e-11	1.16627443813577e-10	159.077377319336	1.66733370409984e-14	1.8529088853525e-12	337.670104980469	163.694152832031	128.523574829102	58	284.527954101562	139.187255859375	358.619689941406	336.018157958984	332.009063720703	240.194580078125	0.255071610212326	18.3262710571289	580.709228515625	162.069549560547	159.787185668945	41.9532852172852	24.0651683807373	9.41980266571045	3.44997954368591	2.50670337677002	7.49859237670898	43.0906028747559	10.9701175689697	4	4	0.709326684474945	0.707375705242157
0.70852	2596740.89681582	-3747926.49054461	0.703992009162903	0.702769994735718	172.550003051758	2050	0	2572.388671875	5421.4072265625	1066.45068359375	1437.81884765625	2.456791639328	2.19385880989575e-11	7.35372110427512e-11	194.421051025391	1.63524436911288e-14	2.12760039620952e-12	294.109191894531	206.914459228516	131.777542114258	67	252.84504699707	136.441848754883	358.934997558594	225.217529296875	306.286651611328	208.045364379883	0.236824914813042	65.068962097168	964.467651367188	312.145599365234	175.995346069336	21.7192440032959	24.3980045318604	9.89135551452637	10.2880582809448	3.17551612854004	13.302206993103	48.5273208618164	11.4627847671509	4.37987852096558	4	0.703992009162903	0.703992009162903
0.71422	2608067.4666595	-3626218.65349288	0.710376024246216	0.710014998912811	248	2050	0	1753.96142578125	4318.76123046875	1323.40393066406	1664.54443359375	2.39757013320923	1.72658970454265e-11	5.92755913797482e-11	249.904861450195	1.41813169822654e-14	2.03204727350359e-12	265.871704101562	150.06135559082	135.98063659668	41	286.269714355469	107.493957519531	364.392150878906	139.106140136719	209.318801879883	128.802947998047	0.214909389615059	31.8933200836182	831.669921875	269.391204833984	151.133514404297	20.7479400634766	26.1039505004883	7.06017780303955	15.4484672546387	2.06960821151733	10.7315073013306	55.4632263183594	4.65849018096924	6	6	0.710899770259857	0.711119472980499
0.7170605	2630692.79530263	-3724857.37254967	0.711893022060394	0.710283994674683	285	2050	0	1184.65991210938	5156.44287109375	1465.26330566406	1701.38146972656	2.10148644447327	2.03737460929831e-11	8.04662031450576e-11	174.187072753906	1.64446720265577e-14	2.3411275088675e-12	336.240783691406	134.927322387695	125.640014648438	59	331.367767333984	142.292083740234	378.348175048828	226.175216674805	285.253784179688	144.615386962891	0.250075310468674	36.8438034057617	405.159454345703	173.598068237305	131.887741088867	62.5705642700195	27.6547393798828	7.32352352142334	3.56127381324768	1.54965436458588	7.4063606262207	45.8199691772461	8.11278915405273	5.13610363006592	4.52055692672729	0.711087703704834	0.709727942943573
0.706713057	2729296.77500108	-2839315.23033038	0.703658998012543	0.702482998371124	14.164999961853	2050	0	552.970153808594	1840.32604980469	1767.06225585938	2068.73388671875	1.98477649688721	2.21735130256917e-12	4.50628978576617e-11	508.276916503906	3.34214975844255e-15	3.3692097506019e-13	220.473449707031	186.320755004883	148.969680786133	24	222.548690795898	118.483428955078	361.599426269531	82.0361938476562	152.818435668945	64.5976791381836	0.188411399722099	116.055778503418	3695.14892578125	801.318786621094	203.054840087891	16.1577529907227	19.0855369567871	11.0088891983032	2.5664963722229	2.30578303337097	28.4494037628174	42.8405685424805	6.52669477462769	4.19903230667114	3.99861621856689	0.703658998012543	0.707036972045898
0.7067	2729524.97707257	-2839315.23033038	0.703658998012543	0.702482998371124	14.164999961853	2050	0	552.970153808594	1840.32604980469	1767.06225585938	2068.73388671875	1.98477649688721	2.21735130256917e-12	4.50628978576617e-11	508.276916503906	3.34214975844255e-15	3.3692097506019e-13	220.473449707031	186.320755004883	148.969680786133	24	222.548690795898	118.483428955078	361.599426269531	82.0361938476562	152.818435668945	64.5976791381836	0.188411399722099	116.055778503418	3695.14892578125	801.318786621094	203.054840087891	16.1577529907227	19.0855369567871	11.0088891983032	2.5664963722229	2.30578303337097	28.4494037628174	42.8405685424805	6.52669477462769	4.19903230667114	3.99861621856689	0.703658998012543	0.707036972045898
0.706287118	2730730.85032101	-2830494.21010762	0.703658998012543	0.702482998371124	14.164999961853	2050	0	580.108947753906	1924.34729003906	1764.03063964844	2055.01782226562	2.00353956222534	2.17864940497969e-12	4.49838881422249e-11	511.539825439453	3.29515150008944e-15	3.2053231054617e-13	267.728576660156	188.396606445312	144.202011108398	25	212.03401184082	123.446128845215	366.610748291016	70.6014175415039	157.878311157227	74.9163589477539	0.19446462392807	129.492614746094	3246.46264648438	802.63818359375	210.382568359375	17.3729438781738	20.9544677734375	10.9140958786011	2.47006177902222	2.28235936164856	26.9353504180908	42.5594367980957	6.33310461044312	5.1702299118042	4.2693190574646	0.703658998012543	0.704019784927368
0.7063	2731132.56264937	-2830494.21010762	0.703658998012543	0.702482998371124	14.164999961853	2050	0	580.108947753906	1924.34729003906	1764.03063964844	2055.01782226562	2.00353956222534	2.17864940497969e-12	4.49838881422249e-11	511.539825439453	3.29515150008944e-15	3.2053231054617e-13	267.728576660156	188.396606445312	144.202011108398	25	212.03401184082	123.446128845215	366.610748291016	70.6014175415039	157.878311157227	74.9163589477539	0.19446462392807	129.492614746094	3246.46264648438	802.63818359375	210.382568359375	17.3729438781738	20.9544677734375	10.9140958786011	2.47006177902222	2.28235936164856	26.9353504180908	42.5594367980957	6.33310461044312	5.1702299118042	4.2693190574646	0.703658998012543	0.704019784927368
0.7384	2782190.32206214	-3220232.94331043	0.711827993392944	0.703535974025726	2050	2050	0	1360.77209472656	5652.45068359375	1406.07263183594	1649.94934082031	2.22142744064331	4.75586106954418e-12	7.8864907659959e-11	210.374435424805	7.25203605527651e-15	8.22658835584328e-13	311.662811279297	114.062240600586	128.723739624023	48	307.052124023438	155.636413574219	348.654754638672	193.424606323242	258.287689208984	173.833068847656	0.236341267824173	31.1054420471191	356.050598144531	134.127151489258	116.397117614746	84.6783294677734	25.9447746276855	10.2526140213013	3.25916123390198	2.47215580940247	6.63048219680786	43.7720375061035	6.43817806243896	4.68017578125	4	0.717608273029327	0.728012204170227
0.7795	2765343.48378747	-3634238.96048906	0.748625993728638	0.750074028968811	3250	2050	0	1001.88000488281	4793.46435546875	1409.11206054688	1685.75427246094	2.18293738365173	1.48542012023967e-11	1.81700182677602e-10	112.817077636719	1.66055794874158e-14	2.09328951741861e-12	270.709869384766	143.125717163086	139.0263671875	36	220.736892700195	106.157264709473	355.733520507812	133.588760375977	193.861511230469	126.993408203125	0.23639227449894	23.6741943359375	896.847290039062	224.951629638672	149.81315612793	45.8159484863281	25.4768848419189	10.5936393737793	9.54604625701904	1.98791885375977	10.2530145645142	61.6882781982422	3.0611412525177	8.72977161407471	6	0.739280223846436	0.720768451690674
0.715913	2765144.02239287	-3706626.41153482	0.718111991882324	0.707082986831665	771	730	0	315.402130126953	5057.79638671875	1447.04602050781	1627.79663085938	2.04956483840942	1.72174548923598e-11	2.26015747784025e-10	64.0053482055664	1.83950348443124e-14	2.13273561137928e-12	349.992462158203	193.120727539062	129.964645385742	45	268.840728759766	161.980850219727	358.606048583984	208.233779907227	245.198318481445	146.415878295898	0.228744029998779	51.8606796264648	801.500793457031	280.387420654297	106.87287902832	32.7065505981445	30.2708435058594	10.7851667404175	8.70007514953613	2.63360452651978	11.288914680481	53.2464866638184	4.69611263275146	6	5.85238361358643	0.718111991882324	0.718189001083374
0.714362	2766213.12650802	-3707062.48568468	0.718111991882324	0.707082986831665	771	730	0	254.14111328125	5024.59326171875	1450.60046386719	1631.904296875	2.05752468109131	1.7182493275425e-11	2.29118196637401e-10	62.2408332824707	1.84316825718083e-14	2.1213798946651e-12	343.179565429688	195.042251586914	128.351364135742	44	285.501922607422	150.276718139648	356.090484619141	203.716720581055	231.647811889648	141	0.225718751549721	52.5149192810059	873.870422363281	317.227661132812	110.998664855957	27.9192886352539	31.1312465667725	11.5420846939087	7.92379093170166	2.65566635131836	13.4062566757202	49.2120513916016	4.81028652191162	6	6	0.718111991882324	0.718408167362213
0.715913	2766646.82077831	-3706671.1883503	0.718111991882324	0.707082986831665	771	730	0	254.14111328125	5024.59326171875	1450.60046386719	1631.904296875	2.05752468109131	1.7182493275425e-11	2.29118196637401e-10	62.2408332824707	1.84316825718083e-14	2.1213798946651e-12	343.179565429688	195.042251586914	128.351364135742	44	285.501922607422	150.276718139648	356.090484619141	203.716720581055	231.647811889648	141	0.225718751549721	52.5149192810059	873.870422363281	317.227661132812	110.998664855957	27.9192886352539	31.1312465667725	11.5420846939087	7.92379093170166	2.65566635131836	13.4062566757202	49.2120513916016	4.81028652191162	6	6	0.718111991882324	0.718408167362213
0.712434	2768457.04884229	-3717008.20045922	0.718111991882324	0.707082986831665	771	730	0	215.070556640625	5271.03857421875	1433.05346679688	1613.55725097656	2.11679458618164	1.7469855423391e-11	2.39021552550511e-10	54.1432876586914	1.87241393315727e-14	2.11283052685418e-12	309.086700439453	184.919952392578	127.713912963867	46	291.801055908203	156.724075317383	363.748016357422	216.499130249023	250.401702880859	147.614151000977	0.22992254793644	55.1697196960449	818.097351074219	266.110931396484	108.319976806641	39.0731925964355	29.2022914886475	11.370322227478	3.82146668434143	2.73803734779358	11.9956245422363	53.6082572937012	4.49622106552124	6	5.89674091339111	0.717731654644012	0.71781200170517
0.715531	2769300.17562983	-3710273.90458852	0.718111991882324	0.707082986831665	771	730	0	233.459915161133	5109.60302734375	1439.32214355469	1633.1123046875	2.09633994102478	1.725888702786e-11	2.36499542172197e-10	57.2070159912109	1.85890409646174e-14	2.10543323227175e-12	323.058227539062	190.034729003906	129.052856445312	42	303.786895751953	158.065719604492	352.751403808594	175.148544311523	224.606506347656	140.623779296875	0.22424978017807	54.3043327331543	994.850463867188	348.053039550781	129.557846069336	24.5317974090576	31.8030319213867	12.9102754592896	3.85015416145325	2.67030000686646	15.383960723877	49.9191436767578	5.56595039367676	6	6	0.718111991882324	0.718403697013855
0.715531	2769846.26863159	-3707192.91377794	0.718111991882324	0.707082986831665	771	730	0	227.400665283203	5060.7783203125	1446.619140625	1636.54333496094	2.08232855796814	1.7162269869142e-11	2.34452651737271e-10	58.9631156921387	1.8512238793224e-14	2.10462289956803e-12	321.211334228516	196.540054321289	126.15885925293	42	276.256164550781	152.685302734375	355.367156982422	188.822769165039	239.779251098633	139.20002746582	0.221907958388329	53.6972427368164	973.405700683594	301.602355957031	122.038063049316	23.7949256896973	30.7691478729248	12.5172328948975	4.54770517349243	2.53381276130676	13.4108352661133	48.9965133666992	4.61360025405884	6	6	0.718320488929749	0.71856027841568
0.715447	2769708.58997263	-3712698.52484986	0.718111991882324	0.707082986831665	771	730	0	209.963745117188	5188.64453125	1439.2109375	1624.83618164062	2.10695290565491	1.73232712896709e-11	2.37867919805623e-10	55.9274711608887	1.86402847638604e-14	2.10595690192106e-12	312.252777099609	189.334686279297	128.139572143555	44	262.1220703125	152.550643920898	352.858032226562	183.231964111328	221.386932373047	144.651351928711	0.225944846868515	54.7125663757324	959.405578613281	328.980407714844	128.900802612305	26.5960922241211	31.0761013031006	12.6778955459595	3.38992810249329	2.49987268447876	14.1153678894043	52.975658416748	4.94051504135132	6	6	0.718111991882324	0.718300044536591
0.715619	2769612.21154762	-3716387.46191569	0.718111991882324	0.707082986831665	771	730	0	193.865859985352	5227.296875	1435.18859863281	1619.31494140625	2.12373781204224	1.74519704243536e-11	2.4061388992358e-10	53.596565246582	1.87428773944318e-14	2.10696499310103e-12	309.763153076172	182.382110595703	124.182823181152	43	268.168670654297	146.943832397461	355.96240234375	212.97021484375	223.788864135742	148.457168579102	0.229795575141907	55.5374717712402	885.4013671875	346.345550537109	117.442520141602	26.8442611694336	29.8676280975342	13.2908906936646	3.91916632652283	2.676105260849	16.1280879974365	49.7703590393066	4.68685245513916	6	5.99962615966797	0.717680931091309	0.717924356460571
0.712434	2769680.70188493	-3716351.61554016	0.718111991882324	0.707082986831665	771	730	0	193.865859985352	5227.296875	1435.18859863281	1619.31494140625	2.12373781204224	1.74519704243536e-11	2.4061388992358e-10	53.596565246582	1.87428773944318e-14	2.10696499310103e-12	309.763153076172	182.382110595703	124.182823181152	43	268.168670654297	146.943832397461	355.96240234375	212.97021484375	223.788864135742	148.457168579102	0.229795575141907	55.5374717712402	885.4013671875	346.345550537109	117.442520141602	26.8442611694336	29.8676280975342	13.2908906936646	3.91916632652283	2.676105260849	16.1280879974365	49.7703590393066	4.68685245513916	6	5.99962615966797	0.717680931091309	0.717924356460571
0.711033	2772790.62817048	-3719016.13325828	0.716058015823364	0.709850013256073	3250	730	0	187.37825012207	5328.99072265625	1423.83325195312	1617.96826171875	2.17606735229492	1.74623909082738e-11	2.46793196989614e-10	49.5132331848145	1.88506877479584e-14	2.08974027318676e-12	300.027679443359	179.310424804688	122.663215637207	48	285.73388671875	138.995025634766	352.080718994141	173.952346801758	232.621444702148	134.741226196289	0.229297131299973	57.0817985534668	889.3134765625	336.903625488281	108.655281066895	30.6939888000488	28.026252746582	13.5440282821655	3.78257012367249	2.30406355857849	14.8390579223633	47.8386459350586	5.00929403305054	6	6	0.717503428459167	0.717737138271332
0.709031	2773147.2531475	-3717566.94086842	0.716058015823364	0.709850013256073	3250	730	0	224.425018310547	5350.82421875	1419.49597167969	1618.15942382812	2.16608238220215	1.74303575045665e-11	2.46091674815929e-10	50.4267692565918	1.88248837362532e-14	2.08955617565787e-12	293.446838378906	174.112228393555	128.667892456055	46	273.340637207031	137.126724243164	352.949554443359	176.098388671875	237.370239257812	142.061218261719	0.228455409407616	56.8609085083008	861.198181152344	355.291931152344	108.991050720215	31.6293354034424	28.6846294403076	13.8536930084229	3.4557032585144	2.52165627479553	14.551155090332	48.7173919677734	5.01591730117798	6	6	0.717554092407227	0.717905163764954
0.709031	2775330.92974602	-3717592.37977913	0.718111991882324	0.707082986831665	771	730	0	183.406509399414	5439.13720703125	1418.96508789062	1609.73767089844	2.23058772087097	1.73765828115346e-11	2.5088106592186e-10	47.6472511291504	1.8881221591641e-14	2.0719034127259e-12	310.289794921875	198.587783813477	128.393051147461	44	231.352981567383	140.262710571289	354.381072998047	198.509155273438	233.097427368164	147.5693359375	0.223179847002029	57.9763565063477	811.405822753906	297.082489013672	106.736198425293	34.7976264953613	28.3129482269287	13.4666423797607	3.31914901733398	2.20959734916687	12.68492603302	51.6991653442383	4.95475959777832	6	6	0.717807710170746	0.718055844306946
0.7273	2780339.58832547	-3658351.48934055	0.712577998638153	0.710089027881622	302.049987792969	2050	0	985.675598144531	5378.87841796875	1354.56359863281	1607.5732421875	2.21989035606384	1.54060358220631e-11	2.16880416403775e-10	84.4790496826172	1.74485127952054e-14	2.03467516272926e-12	372.160980224609	143.905746459961	123.724800109863	59	310.755889892578	174.239654541016	386.423706054688	250.053268432617	306.528900146484	192.340927124023	0.239219278097153	38.2045783996582	506.43408203125	190.049224853516	105.252899169922	86.094596862793	28.3384666442871	10.0852832794189	3.20107507705688	2.58170580863953	9.26230907440186	45.6836395263672	5.89737701416016	5.83297681808472	5.0206184387207	0.713626801967621	0.721361041069031
0.708116	2775926.76016882	-3716351.61554016	0.718111991882324	0.707082986831665	771	730	0	223.222702026367	5425.85986328125	1413.37194824219	1614.4482421875	2.21293878555298	1.73446656343001e-11	2.50167969673143e-10	47.9860801696777	1.88553040775209e-14	2.07177244110346e-12	305.7705078125	194.876403808594	127.358512878418	46	225.679397583008	145.760696411133	358.837036132812	205.093658447266	240.085845947266	151.829040527344	0.222022861242294	57.7439765930176	819.135986328125	319.805694580078	115.14525604248	35.004035949707	28.6473121643066	13.6237659454346	3.22784066200256	2.27536296844482	13.4122333526611	51.4706573486328	4.57164859771729	6	6	0.717909157276154	0.718232870101929
0.708116	2777381.48849559	-3715803.19221616	0.718111991882324	0.707082986831665	771	730	0	250.698181152344	5508.58837890625	1405.2783203125	1608.26904296875	2.24505352973938	1.72770530521005e-11	2.52632109676298e-10	47.0668907165527	1.88667864561539e-14	2.05994444592295e-12	296.213104248047	211.986679077148	123.827796936035	50	254.616622924805	158.997009277344	359.629058837891	232.835464477539	246.453048706055	157.012329101562	0.217478826642036	58.2396774291992	750.73974609375	359.540924072266	97.4877700805664	39.3087425231934	27.9760665893555	13.3739929199219	3.64522671699524	2.25151133537292	13.731294631958	50.3288192749023	5.15811586380005	6	6	0.718111991882324	0.718602657318115
0.72665	2787646.76672798	-3659109.00166375	0.712577998638153	0.710089027881622	302.049987792969	2050	0	928.038757324219	5382.81298828125	1360.44165039062	1632.15734863281	2.20373868942261	1.52971940670099e-11	2.26361943078679e-10	78.6729431152344	1.75629316997864e-14	2.00121364792027e-12	353.954803466797	148.714126586914	125.424072265625	50	257.700500488281	146.560775756836	364.568023681641	172.014739990234	267.788940429688	151.692947387695	0.216396048665047	40.0136184692383	681.052551269531	255.538162231445	114.920715332031	74.5784072875977	26.1126384735107	11.4127359390259	3.10922169685364	2.8740701675415	10.0482473373413	54.9119071960449	6.92511892318726	6	6	0.72710245847702	0.72308737039566
0.7295	2789901.61893746	-3636524.69224187	0.712577998638153	0.710089027881622	302.049987792969	2050	0	898.388549804688	5322.0966796875	1381.90673828125	1631.91333007812	2.0919189453125	1.45677359064678e-11	2.13275175298122e-10	93.9417419433594	1.7025819637603e-14	1.98956042612997e-12	344.3486328125	146.403930664062	123.679756164551	58	264.867279052734	163.535247802734	369.984497070312	218.601425170898	279.839172363281	196.542999267578	0.223564207553864	30.5455684661865	551.565856933594	208.846099853516	104.265335083008	67.6386566162109	26.9825229644775	10.0839405059814	2.83928036689758	2.65894937515259	8.88661098480225	46.7313613891602	5.68109321594238	5.76914644241333	5.36325740814209	0.730084300041199	0.724107265472412
0.7323	2790751.20481292	-3635159.79905975	0.716058015823364	0.709850013256073	3250	2050	0	839.834289550781	5210.9921875	1398.06640625	1641.53063964844	2.07072877883911	1.44895311027238e-11	2.13113471314585e-10	94.5809631347656	1.69895801799876e-14	1.98496080683341e-12	359.0771484375	147.012664794922	126.435302734375	51	256.695343017578	153.630096435547	372.866394042969	188.279693603516	264.955963134766	182.202285766602	0.221482485532761	29.8887214660645	639.973266601562	245.196105957031	108.932548522949	48.7293395996094	26.1143398284912	11.591534614563	2.88595294952393	2.6692967414856	9.96714305877686	48.1834945678711	5.79955720901489	6	5.92357110977173	0.723865509033203	0.723728954792023
0.73	2789276.65469184	-3653916.96982011	0.748625993728638	0.750074028968811	3250	2050	0	766.670715332031	5271.5673828125	1408.22912597656	1639.74829101562	2.12946653366089	1.51076113424908e-11	2.25449423019164e-10	80.9769439697266	1.74657634682092e-14	1.99131336420244e-12	327.663757324219	144.292022705078	131.732177734375	46	272.817474365234	127.783645629883	371.727508544922	151.289260864258	250.581634521484	138.979248046875	0.215564772486687	38.2571144104004	729.713928222656	297.822204589844	114.077796936035	39.9187545776367	26.1207122802734	11.1824941635132	3.07291865348816	2.55457234382629	9.92531204223633	52.8036346435547	5.97389602661133	6	6	0.743888914585114	0.723123967647552
0.727654	2789352.15842749	-3654172.01456957	0.748625993728638	0.750074028968811	3250	2050	0	787.049621582031	5293.80419921875	1403.95483398438	1639.47607421875	2.14229583740234	1.51393203529082e-11	2.26172247597134e-10	80.0637512207031	1.74917182517789e-14	1.99138774047147e-12	331.946380615234	147.660354614258	132.312728881836	45	250.66047668457	124.544570922852	370.522308349609	146.401229858398	244.514724731445	136.792892456055	0.214663192629814	38.711597442627	730.662170410156	284.777618408203	115.442848205566	42.4350357055664	26.1208114624023	11.5663537979126	3.01776075363159	2.73203659057617	10.2306900024414	52.8717918395996	6.49279403686523	6	6	0.742648839950562	0.723113775253296
0.73	2790988.5724881	-3636377.1473909	0.712577998638153	0.710089027881622	302.049987792969	2050	0	875.74658203125	5328.2783203125	1386.69836425781	1631.685546875	2.08063268661499	1.45530688194784e-11	2.14539858101048e-10	93.3716659545898	1.70412610482314e-14	1.98519022401311e-12	345.869873046875	144.691040039062	126.342887878418	55	261.878631591797	155.623840332031	371.949737548828	207.411987304688	279.481842041016	184.946029663086	0.224417850375175	30.7949695587158	619.984191894531	229.832550048828	108.326057434082	55.6720581054688	26.721471786499	10.810115814209	2.80219292640686	2.6692967414856	9.01422119140625	48.5742378234863	5.61896562576294	6	5.95109844207764	0.729631423950195	0.723856985569
0.72435	2790983.98412024	-3661981.7085693	0.712577998638153	0.710089027881622	302.049987792969	2050	0	1082.12536621094	5603.1220703125	1305.16088867188	1610.51977539062	2.30289769172668	1.53454523393881e-11	2.32619576379101e-10	74.5012817382812	1.7690106920553e-14	1.98698241020423e-12	334.113037109375	147.497482299805	118.747955322266	73	296.873413085938	168.424224853516	367.315155029297	218.79362487793	304.2978515625	201.138473510742	0.222904339432716	42.155330657959	414.466583251953	159.175186157227	99.6222534179688	93.1549606323242	26.3014430999756	11.7906951904297	2.69561743736267	3.05519986152649	8.56196689605713	43.9180564880371	6.32674932479858	5.2182297706604	5.01861524581909	0.719661831855774	0.724203050136566
0.7258	2794459.0758199	-3656346.96410581	0.748625993728638	0.750074028968811	3250	2050	0	779.301635742188	5509.35107421875	1396.63830566406	1628.34533691406	2.17671179771423	1.51253766456083e-11	2.34351732464333e-10	74.6436538696289	1.76249683928433e-14	1.96781241475208e-12	347.303283691406	151.254287719727	124.713409423828	47	287.855926513672	140.567901611328	358.843811035156	177.550140380859	257.337982177734	147.615463256836	0.222084492444992	42.0592079162598	604.970886230469	246.559906005859	98.1630172729492	54.1336250305176	25.99587059021	10.1342525482178	3.1808717250824	2.53375267982483	11.6701421737671	49.6060447692871	5.74110221862793	6	5.96839761734009	0.739118456840515	0.723416924476624
0.7274	2794593.21031118	-3657016.43972832	0.748625993728638	0.750074028968811	3250	2050	0	779.301635742188	5509.35107421875	1396.63830566406	1628.34533691406	2.17671179771423	1.51253766456083e-11	2.34351732464333e-10	74.6436538696289	1.76249683928433e-14	1.96781241475208e-12	347.303283691406	151.254287719727	124.713409423828	47	287.855926513672	140.567901611328	358.843811035156	177.550140380859	257.337982177734	147.615463256836	0.222084492444992	42.0592079162598	604.970886230469	246.559906005859	98.1630172729492	54.1336250305176	25.99587059021	10.1342525482178	3.1808717250824	2.53375267982483	11.6701421737671	49.6060447692871	5.74110221862793	6	5.96839761734009	0.739118456840515	0.723416924476624
0.7279	2795013.66741342	-3653842.62723792	0.748625993728638	0.750074028968811	3250	2050	0	714.958618164062	5443.40234375	1412.04345703125	1629.1474609375	2.09396862983704	1.50308706453606e-11	2.3211978172899e-10	77.3839721679688	1.75464636852259e-14	1.9678785510846e-12	332.218444824219	152.144454956055	129.065536499023	49	258.052886962891	139.445343017578	337.341705322266	153.426208496094	249.796051025391	143.756454467773	0.222019255161285	40.4503593444824	640.669372558594	290.251770019531	102.824516296387	51.3977928161621	26.1126384735107	10.7042083740234	3.10687208175659	2.53873705863953	11.6028280258179	53.3184013366699	5.54350996017456	6	6	0.746697187423706	0.723165392875671
0.70987	2846906.04113078	-2951235.36909126	0.703992009162903	0.702769994735718	172.550003051758	2050	0	394.324554443359	2700.0009765625	1770.3115234375	1897.45825195312	1.7710827589035	2.48421205481519e-12	6.95074969803144e-11	345.159576416016	4.20329850976285e-15	3.47683687396128e-13	222.51904296875	278.128295898438	133.017074584961	42	281.309661865234	142.477920532227	358.784790039062	123.473159790039	229.109085083008	159.831878662109	0.186740696430206	67.6027526855469	3092.3681640625	713.54150390625	165.190551757812	32.9630012512207	26.1126384735107	8.04328155517578	2.37167501449585	1.78098666667938	22.4025821685791	47.2450408935547	3.96468615531921	6	5.8466625213623	0.704105377197266	0.710557281970978
0.7254	2805438.04658239	-3651101.34662127	0.715143024921417	0.712998986244202	448	2050	0	538.03662109375	5509.8447265625	1423.21423339844	1623.0576171875	2.10018301010132	1.47688094392917e-11	2.44434528173798e-10	72.8201675415039	1.76442163695367e-14	1.91697417488423e-12	286.879119873047	159.602111816406	126.786827087402	54	245.546920776367	155.109146118164	367.97216796875	199.107406616211	255.521591186523	141.420867919922	0.233207955956459	51.581672668457	883.6533203125	340.294494628906	106.976257324219	40.6135292053223	28.5601406097412	12.5682859420776	3.43910312652588	2.73772430419922	13.9378633499146	48.7693367004395	5.14381408691406	6	5.93006753921509	0.737327337265015	0.721919298171997
0.7331	2805866.29552658	-3650553.74524814	0.715143024921417	0.712998986244202	448	2050	0	538.03662109375	5509.8447265625	1423.21423339844	1623.0576171875	2.10018301010132	1.47688094392917e-11	2.44434528173798e-10	72.8201675415039	1.76442163695367e-14	1.91697417488423e-12	286.879119873047	159.602111816406	126.786827087402	54	245.546920776367	155.109146118164	367.97216796875	199.107406616211	255.521591186523	141.420867919922	0.233207955956459	51.581672668457	883.6533203125	340.294494628906	106.976257324219	40.6135292053223	28.5601406097412	12.5682859420776	3.43910312652588	2.73772430419922	13.9378633499146	48.7693367004395	5.14381408691406	6	5.93006753921509	0.737327337265015	0.721919298171997
0.7306	2806536.76177214	-3647769.94505455	0.715143024921417	0.712998986244202	448	2050	0	573.929260253906	5543.69873046875	1417.59240722656	1620.79125976562	2.03411102294922	1.46604187123422e-11	2.43390835263924e-10	74.9232711791992	1.75804009072906e-14	1.91302225796552e-12	285.3505859375	146.397201538086	129.424896240234	51	251.070251464844	142.029678344727	359.434204101562	179.366806030273	245.27458190918	134.576110839844	0.236902743577957	51.0168685913086	735.477783203125	311.262847900391	101.521903991699	35.6943511962891	26.1936054229736	12.9267568588257	3.05183982849121	2.5372166633606	14.1100759506226	53.5550003051758	4.89072132110596	6	6	0.734646141529083	0.721772849559784
0.73445	2806225.78868598	-3651714.04974735	0.748625993728638	0.750074028968811	3250	2050	0	737.048706054688	5627.0966796875	1382.63623046875	1624.57861328125	2.140460729599	1.47846231784987e-11	2.46546366655664e-10	71.6426544189453	1.76868610902992e-14	1.91211044393846e-12	311.551116943359	149.021438598633	121.086494445801	61	242.91374206543	158.044326782227	376.69482421875	203.421524047852	259.380462646484	153.195419311523	0.232588112354279	53.3147811889648	681.135498046875	294.296783447266	99.0333404541016	52.2451477050781	27.1835556030273	11.5377712249756	3.47131633758545	3.0673360824585	11.5914039611816	47.6445388793945	5.51149415969849	6	3.75653910636902	0.737878382205963	0.721808850765228
0.7479	2810039.68156316	-3649736.78774525	0.748625993728638	0.750074028968811	3250	2050	0	459.384155273438	5651.31201171875	1425.84643554688	1608.45568847656	2.02513194084167	1.46769697090265e-11	2.48920301038069e-10	71.2830429077148	1.76815400293245e-14	1.89873550909825e-12	296.989715576172	171.043884277344	125.834907531738	54	293.672576904297	138.812210083008	377.396820068359	191.69206237793	250.771102905273	135.137634277344	0.236314326524734	55.6271781921387	819.951965332031	341.984375	114.897476196289	35.7596244812012	29.0281448364258	13.5091333389282	3.46162486076355	2.79540395736694	13.3370971679688	49.6497840881348	4.73049211502075	6	4.69667911529541	0.732409536838531	0.721271097660065
0.7274	2811442.62005017	-3648926.59347048	0.715143024921417	0.712998986244202	448	2050	0	431.776031494141	5585.17236328125	1426.33764648438	1611.51025390625	2.02409553527832	1.46157409092185e-11	2.50746839958182e-10	71.1031723022461	1.76866764371167e-14	1.88983030613432e-12	297.994781494141	172.763549804688	127.649276733398	44	260.646606445312	147.728759765625	374.431854248047	199.121124267578	253.662414550781	163.677322387695	0.236812770366669	57.3440742492676	856.086486816406	335.182830810547	109.265716552734	38.5581550598145	29.864673614502	13.5804634094238	3.25476217269897	3.05308604240417	13.2877931594849	50.6964950561523	4.62071514129639	6	6	0.728467583656311	0.720554292201996
0.7312	2811431.79536749	-3649423.76786723	0.748625993728638	0.750074028968811	3250	2050	0	391.728607177734	5625.833984375	1431.77209472656	1604.30151367188	2.01910042762756	1.46465929662387e-11	2.51555748453924e-10	70.2830429077148	1.77134918061608e-14	1.88951068333387e-12	289.888397216797	172.058013916016	129.292541503906	45	271.783325195312	147.94548034668	371.558319091797	190.220199584961	239.989730834961	141.244812011719	0.235244587063789	57.9355964660645	884.636596679688	340.851135253906	113.48006439209	38.9934730529785	29.1848640441895	13.8270168304443	3.18855595588684	3.01356911659241	12.8324699401855	51.0339851379395	4.54885578155518	6	6	0.731392800807953	0.720672249794006
